testcase_name,network_name,op_name,stc_input_dtypes,stc_ori_inputs,stc_ori_outputs,stc_input_ori_formats,output_ori_formats,other_compilation_params,other_runtime_params,stc_inputs,output_dtypes,stc_outputs,stc_input_formats,output_formats,dyn_inputs,dyn_input_dtypes,dyn_outputs,dyn_ori_inputs,dyn_ori_outputs,dyn_input_formats,dyn_input_ori_formats,dyn_input_ranges,dyn_output_ranges,input_data_ranges,precision_tolerances,absolute_precision,dyn_input_as_list_distribution,stc_input_as_list_distribution,input_as_variable,stc_op_name,const_input_indexes,stc_const_input_indexes,strict_precision_mode,shape_check,output_inplace_indexes,output_shape_unknown_indexes,is_enabled,remark,soc_series,priority,dump_input_data_name,dump_output_data_name,manual_input_data_binaries,manual_output_data_binaries,manual_output_data_dtypes,manual_tiling_data,manual_dyn_workspaces,manual_stc_workspaces,manual_bin_workspaces,manual_block_dim,manual_tiling_op_type,manual_dyn_build_config,manual_stc_build_config,tiling_time_us,bin_tiling_time_us,dyn_name,stc_name,cst_name,bin_name,dyn_block_dim,stc_block_dim,cst_block_dim,bin_block_dim,dyn_perf_us,stc_perf_us,cst_perf_us,bin_perf_us,dyn_throughput_gbs,stc_throughput_gbs,cst_throughput_gbs,bin_throughput_gbs,dyn_compile_s,stc_compile_s,cst_compile_s,bin_compile_s,perf_status,dyn_precision,stc_precision,rel_precision,cst_precision,rst_precision,bin_precision,bre_precision,precision_status,dyn_oob_result,stc_oob_result,cst_oob_result,bin_oob_result,memory_oob_status,dyn_tiling_key,dyn_tiling_data,bin_tiling_key,bin_tiling_data,dyn_clear_atomic,dyn_sch_count,dyn_obj_size_b,dyn_tiling_data_size,dyn_workspaces,stc_workspaces,cst_workspaces,bin_workspaces,dyn_op_pattern,stc_op_pattern,cst_op_pattern,stc_rl_query_result,cst_rl_query_result,data_input_size_b,data_output_size_b,soc
batch_mat_mul_v3_B_128_M_10240_K_512_N_128_case1741,UNKNOWN,batch_mat_mul_v3,"('bfloat16', 'bfloat16', 'int8', 'int8')","((128, 10240, 512), (128, 512, 128), None, None)","((128, 10240, 128),)","('ND',)","('ND',)","{'adj_x1': False, 'adj_x2': False}","{'adj_x1': False, 'adj_x2': False}","((128, 10240, 512), (128, 512, 128), None, None)","('bfloat16',)","((128, 10240, 128),)","('ND',)","('ND',)","((-1, -1, -1), (-1, -1, -1), None, None)","('bfloat16', 'bfloat16', 'int8', 'int8')","((-1, -1, -1),)","((-1, -1, -1), (-1, -1, -1), None, None)","((-1, -1, -1),)","('ND',)","('ND',)","(((1, None), (1, None), (1, None)), ((1, None), (1, None), (1, None)), None, None)","(((1, None), (1, None), (1, None)),)","((None, None),)",,1e-08,(),(),(),batch_mat_mul_v3,(),(),True,True,(),(),True,,,0,,,(),(),(),,,,,,,"{'save_temp_cce_file': True, 'op_debug_config': 'dump_cce'}",{'save_temp_cce_file': True},DYN_OFF,"(43, 47, 48)",DYN_OFF,STC_OFF,CST_OFF,bin_op_batch_mat_mul_v3_B_128_M_10240_K_512_N_128_case1741,DYN_OFF,STC_OFF,CST_OFF,32,DYN_OFF,STC_OFF,CST_OFF,1164.441,DYN_OFF,STC_OFF,CST_OFF,1355.2640279756554,DYN_OFF,STC_OFF,CST_OFF,21.85028052330017,PASS,DYN_OFF,STC_OFF,DYN_OFF,CST_OFF,CST_OFF,99.99208867549896%,DYN_OFF,PASS,UNKNOWN,UNKNOWN,UNKNOWN,"OK,OK",PASS,DYN_OFF (DYN_OFF),"('DYN_OFF', False)",1 (0x0000000000000001),"(32, 10240, 128, 512, 256, 128, 256, 256, 256, 64, 512, 1, 1, 1, 1, 0, 0, 16843264, 1, 256, 1, 0, 128, 0)",False,DYN_OFF,DYN_OFF,,,,,"(20971520,)",DYN_OFF,STC_OFF,CST_OFF,STC_OFF,CST_OFF,1358954496,335544320,Ascend910_9589
mat_mul_v3_M_28672_K_4096_N_7168_case1818,UNKNOWN,mat_mul_v3,"('bfloat16', 'bfloat16', 'int8', 'int8')","((28672, 4096), (4096, 7168), None, None)","((28672, 7168),)","('ND',)","('ND',)","{'transpose_x1': False, 'transpose_x2': False}","{'transpose_x1': False, 'transpose_x2': False}","((28672, 4096), (4096, 7168), None, None)","('bfloat16',)","((28672, 7168),)","('ND',)","('ND',)","((-1, -1), (-1, -1), None, None)","('bfloat16', 'bfloat16', 'int8', 'int8')","((-1, -1),)","((-1, -1), (-1, -1), None, None)","((-1, -1),)","('ND',)","('ND',)","(((1, None), (1, None)), ((1, None), (1, None)), None, None)","(((1, None), (1, None)),)","((None, None),)",,1e-08,(),(),(),mat_mul_v3,(),(),True,True,(),(),True,,,0,,,(),(),(),,,,,,,"{'save_temp_cce_file': True, 'op_debug_config': 'dump_cce'}",{'save_temp_cce_file': True},DYN_OFF,"(43, 42, 43)",DYN_OFF,STC_OFF,CST_OFF,bin_op_mat_mul_v3_M_28672_K_4096_N_7168_case1818,DYN_OFF,STC_OFF,CST_OFF,32,DYN_OFF,STC_OFF,CST_OFF,3911.138,DYN_OFF,STC_OFF,CST_OFF,167.79003962529575,DYN_OFF,STC_OFF,CST_OFF,23.185214042663574,PASS,DYN_OFF,STC_OFF,DYN_OFF,CST_OFF,CST_OFF,99.97592945488132%,DYN_OFF,PASS,UNKNOWN,UNKNOWN,UNKNOWN,"OK,OK",PASS,DYN_OFF (DYN_OFF),"('DYN_OFF', False)",1 (0x0000000000000001),"(32, 28672, 7168, 4096, 256, 256, 256, 256, 256, 64, 4096, 1, 1, 1, 1, 0, 0, 16843264, 0, 256, 1, 0)",False,DYN_OFF,DYN_OFF,,,,,"(20971520,)",DYN_OFF,STC_OFF,CST_OFF,STC_OFF,CST_OFF,293601280,411041792,Ascend910_9589
mat_mul_v3_M_64_K_4096_N_1152_case708,UNKNOWN,mat_mul_v3,"('bfloat16', 'bfloat16', 'int8', 'int8')","((64, 4096), (4096, 1152), None, None)","((64, 1152),)","('ND',)","('ND',)","{'transpose_x1': False, 'transpose_x2': False}","{'transpose_x1': False, 'transpose_x2': False}","((64, 4096), (4096, 1152), None, None)","('bfloat16',)","((64, 1152),)","('ND',)","('ND',)","((-1, -1), (-1, -1), None, None)","('bfloat16', 'bfloat16', 'int8', 'int8')","((-1, -1),)","((-1, -1), (-1, -1), None, None)","((-1, -1),)","('ND',)","('ND',)","(((1, None), (1, None)), ((1, None), (1, None)), None, None)","(((1, None), (1, None)),)","((None, None),)",,1e-08,(),(),(),mat_mul_v3,(),(),True,True,(),(),True,,,0,,,(),(),(),,,,,,,"{'save_temp_cce_file': True, 'op_debug_config': 'dump_cce'}",{'save_temp_cce_file': True},DYN_OFF,"(35, 43, 44)",DYN_OFF,STC_OFF,CST_OFF,bin_op_mat_mul_v3_M_28672_K_4096_N_7168_case1818,DYN_OFF,STC_OFF,CST_OFF,32,DYN_OFF,STC_OFF,CST_OFF,13.244,DYN_OFF,STC_OFF,CST_OFF,710.8632476262836,DYN_OFF,STC_OFF,CST_OFF,23.185214042663574,PASS,DYN_OFF,STC_OFF,DYN_OFF,CST_OFF,CST_OFF,99.9755859375%,DYN_OFF,PASS,UNKNOWN,UNKNOWN,UNKNOWN,"OK,OK",PASS,DYN_OFF (DYN_OFF),"('DYN_OFF', False)",4097 (0x0000000000001001),"(32, 64, 1152, 4096, 64, 240, 256, 64, 240, 64, 683, 1, 1, 1, 1, 0, 0, 16843264, 0, 64, 1, 0)",False,DYN_OFF,DYN_OFF,,,,,"(29360128,)",DYN_OFF,STC_OFF,CST_OFF,STC_OFF,CST_OFF,9961472,147456,Ascend910_9589
mat_mul_v3_M_7168_K_2048_N_4096_case234,UNKNOWN,mat_mul_v3,"('bfloat16', 'bfloat16', 'int8', 'int8')","((7168, 2048), (2048, 4096), None, None)","((7168, 4096),)","('ND',)","('ND',)","{'transpose_x1': False, 'transpose_x2': False}","{'transpose_x1': False, 'transpose_x2': False}","((7168, 2048), (2048, 4096), None, None)","('bfloat16',)","((7168, 4096),)","('ND',)","('ND',)","((-1, -1), (-1, -1), None, None)","('bfloat16', 'bfloat16', 'int8', 'int8')","((-1, -1),)","((-1, -1), (-1, -1), None, None)","((-1, -1),)","('ND',)","('ND',)","(((1, None), (1, None)), ((1, None), (1, None)), None, None)","(((1, None), (1, None)),)","((None, None),)",,1e-08,(),(),(),mat_mul_v3,(),(),True,True,(),(),True,,,0,,,(),(),(),,,,,,,"{'save_temp_cce_file': True, 'op_debug_config': 'dump_cce'}",{'save_temp_cce_file': True},DYN_OFF,"(41, 49, 50)",DYN_OFF,STC_OFF,CST_OFF,bin_op_mat_mul_v3_M_28672_K_4096_N_7168_case1818,DYN_OFF,STC_OFF,CST_OFF,32,DYN_OFF,STC_OFF,CST_OFF,286.212,DYN_OFF,STC_OFF,CST_OFF,341.20250024457397,DYN_OFF,STC_OFF,CST_OFF,23.185214042663574,PASS,DYN_OFF,STC_OFF,DYN_OFF,CST_OFF,CST_OFF,99.98177460261753%,DYN_OFF,PASS,UNKNOWN,UNKNOWN,UNKNOWN,"OK,OK",PASS,DYN_OFF (DYN_OFF),"('DYN_OFF', False)",1 (0x0000000000000001),"(32, 7168, 4096, 2048, 256, 256, 256, 256, 256, 64, 2048, 1, 1, 1, 1, 0, 0, 16843264, 0, 256, 1, 0)",False,DYN_OFF,DYN_OFF,,,,,"(20971520,)",DYN_OFF,STC_OFF,CST_OFF,STC_OFF,CST_OFF,46137344,58720256,Ascend910_9589
mat_mul_v3_M_10240_K_2048_N_4096_case580,UNKNOWN,mat_mul_v3,"('bfloat16', 'bfloat16', 'int8', 'int8')","((10240, 2048), (2048, 4096), None, None)","((10240, 4096),)","('ND',)","('ND',)","{'transpose_x1': False, 'transpose_x2': False}","{'transpose_x1': False, 'transpose_x2': False}","((10240, 2048), (2048, 4096), None, None)","('bfloat16',)","((10240, 4096),)","('ND',)","('ND',)","((-1, -1), (-1, -1), None, None)","('bfloat16', 'bfloat16', 'int8', 'int8')","((-1, -1),)","((-1, -1), (-1, -1), None, None)","((-1, -1),)","('ND',)","('ND',)","(((1, None), (1, None)), ((1, None), (1, None)), None, None)","(((1, None), (1, None)),)","((None, None),)",,1e-08,(),(),(),mat_mul_v3,(),(),True,True,(),(),True,,,0,,,(),(),(),,,,,,,"{'save_temp_cce_file': True, 'op_debug_config': 'dump_cce'}",{'save_temp_cce_file': True},DYN_OFF,"(39, 42, 43)",DYN_OFF,STC_OFF,CST_OFF,bin_op_mat_mul_v3_M_28672_K_4096_N_7168_case1818,DYN_OFF,STC_OFF,CST_OFF,32,DYN_OFF,STC_OFF,CST_OFF,407.028,DYN_OFF,STC_OFF,CST_OFF,326.2981907878573,DYN_OFF,STC_OFF,CST_OFF,23.185214042663574,PASS,DYN_OFF,STC_OFF,DYN_OFF,CST_OFF,CST_OFF,99.9819564819336%,DYN_OFF,PASS,UNKNOWN,UNKNOWN,UNKNOWN,"OK,OK",PASS,DYN_OFF (DYN_OFF),"('DYN_OFF', False)",1 (0x0000000000000001),"(32, 10240, 4096, 2048, 256, 256, 256, 256, 256, 64, 2048, 1, 1, 1, 1, 0, 0, 16843264, 0, 256, 1, 0)",False,DYN_OFF,DYN_OFF,,,,,"(20971520,)",DYN_OFF,STC_OFF,CST_OFF,STC_OFF,CST_OFF,58720256,83886080,Ascend910_9589
mat_mul_v3_M_1024_K_4096_N_768_case272,UNKNOWN,mat_mul_v3,"('bfloat16', 'bfloat16', 'int8', 'int8')","((1024, 4096), (4096, 768), None, None)","((1024, 768),)","('ND',)","('ND',)","{'transpose_x1': False, 'transpose_x2': False}","{'transpose_x1': False, 'transpose_x2': False}","((1024, 4096), (4096, 768), None, None)","('bfloat16',)","((1024, 768),)","('ND',)","('ND',)","((-1, -1), (-1, -1), None, None)","('bfloat16', 'bfloat16', 'int8', 'int8')","((-1, -1),)","((-1, -1), (-1, -1), None, None)","((-1, -1),)","('ND',)","('ND',)","(((1, None), (1, None)), ((1, None), (1, None)), None, None)","(((1, None), (1, None)),)","((None, None),)",,1e-08,(),(),(),mat_mul_v3,(),(),True,True,(),(),True,,,0,,,(),(),(),,,,,,,"{'save_temp_cce_file': True, 'op_debug_config': 'dump_cce'}",{'save_temp_cce_file': True},DYN_OFF,"(35, 37, 41)",DYN_OFF,STC_OFF,CST_OFF,bin_op_mat_mul_v3_M_28672_K_4096_N_7168_case1818,DYN_OFF,STC_OFF,CST_OFF,32,DYN_OFF,STC_OFF,CST_OFF,29.579,DYN_OFF,STC_OFF,CST_OFF,511.73869130126104,DYN_OFF,STC_OFF,CST_OFF,23.185214042663574,PASS,DYN_OFF,STC_OFF,DYN_OFF,CST_OFF,CST_OFF,99.97609456380209%,DYN_OFF,PASS,UNKNOWN,UNKNOWN,UNKNOWN,"OK,OK",PASS,DYN_OFF (DYN_OFF),"('DYN_OFF', False)",4097 (0x0000000000001001),"(32, 1024, 768, 4096, 256, 256, 256, 256, 256, 64, 2048, 1, 1, 1, 1, 0, 0, 16843264, 0, 256, 1, 0)",False,DYN_OFF,DYN_OFF,,,,,"(29360128,)",DYN_OFF,STC_OFF,CST_OFF,STC_OFF,CST_OFF,14680064,1572864,Ascend910_9589
mat_mul_v3_M_32_K_7168_N_576_case1495,UNKNOWN,mat_mul_v3,"('bfloat16', 'bfloat16', 'int8', 'int8')","((32, 7168), (7168, 576), None, None)","((32, 576),)","('ND',)","('ND',)","{'transpose_x1': False, 'transpose_x2': False}","{'transpose_x1': False, 'transpose_x2': False}","((32, 7168), (7168, 576), None, None)","('bfloat16',)","((32, 576),)","('ND',)","('ND',)","((-1, -1), (-1, -1), None, None)","('bfloat16', 'bfloat16', 'int8', 'int8')","((-1, -1),)","((-1, -1), (-1, -1), None, None)","((-1, -1),)","('ND',)","('ND',)","(((1, None), (1, None)), ((1, None), (1, None)), None, None)","(((1, None), (1, None)),)","((None, None),)",,1e-08,(),(),(),mat_mul_v3,(),(),True,True,(),(),True,,,0,,,(),(),(),,,,,,,"{'save_temp_cce_file': True, 'op_debug_config': 'dump_cce'}",{'save_temp_cce_file': True},DYN_OFF,"(40, 45, 44)",DYN_OFF,STC_OFF,CST_OFF,bin_op_mat_mul_v3_M_28672_K_4096_N_7168_case1818,DYN_OFF,STC_OFF,CST_OFF,32,DYN_OFF,STC_OFF,CST_OFF,10.197,DYN_OFF,STC_OFF,CST_OFF,799.4516089674046,DYN_OFF,STC_OFF,CST_OFF,23.185214042663574,PASS,DYN_OFF,STC_OFF,DYN_OFF,CST_OFF,CST_OFF,99.96744791666666%,DYN_OFF,PASS,UNKNOWN,UNKNOWN,UNKNOWN,"OK,OK",PASS,DYN_OFF (DYN_OFF),"('DYN_OFF', False)",4097 (0x0000000000001001),"(32, 32, 576, 7168, 32, 192, 256, 32, 192, 64, 717, 1, 1, 1, 1, 0, 0, 16843264, 0, 32, 1, 0)",False,DYN_OFF,DYN_OFF,,,,,"(29360128,)",DYN_OFF,STC_OFF,CST_OFF,STC_OFF,CST_OFF,8716288,36864,Ascend910_9589
mat_mul_v3_M_16384_K_18432_N_7168_case1911,UNKNOWN,mat_mul_v3,"('bfloat16', 'bfloat16', 'int8', 'int8')","((16384, 18432), (18432, 7168), None, None)","((16384, 7168),)","('ND',)","('ND',)","{'transpose_x1': False, 'transpose_x2': False}","{'transpose_x1': False, 'transpose_x2': False}","((16384, 18432), (18432, 7168), None, None)","('bfloat16',)","((16384, 7168),)","('ND',)","('ND',)","((-1, -1), (-1, -1), None, None)","('bfloat16', 'bfloat16', 'int8', 'int8')","((-1, -1),)","((-1, -1), (-1, -1), None, None)","((-1, -1),)","('ND',)","('ND',)","(((1, None), (1, None)), ((1, None), (1, None)), None, None)","(((1, None), (1, None)),)","((None, None),)",,1e-08,(),(),(),mat_mul_v3,(),(),True,True,(),(),True,,,0,,,(),(),(),,,,,,,"{'save_temp_cce_file': True, 'op_debug_config': 'dump_cce'}",{'save_temp_cce_file': True},DYN_OFF,"(44, 49, 47)",DYN_OFF,STC_OFF,CST_OFF,bin_op_mat_mul_v3_M_28672_K_4096_N_7168_case1818,DYN_OFF,STC_OFF,CST_OFF,32,DYN_OFF,STC_OFF,CST_OFF,10027.014,DYN_OFF,STC_OFF,CST_OFF,102.45759605003046,DYN_OFF,STC_OFF,CST_OFF,23.185214042663574,PASS,DYN_OFF,STC_OFF,DYN_OFF,CST_OFF,CST_OFF,99.95469450950623%,DYN_OFF,PASS,UNKNOWN,UNKNOWN,UNKNOWN,"OK,OK",PASS,DYN_OFF (DYN_OFF),"('DYN_OFF', False)",1 (0x0000000000000001),"(32, 16384, 7168, 18432, 256, 256, 256, 256, 256, 64, 18432, 1, 1, 1, 1, 0, 0, 16843264, 0, 256, 1, 0)",False,DYN_OFF,DYN_OFF,,,,,"(20971520,)",DYN_OFF,STC_OFF,CST_OFF,STC_OFF,CST_OFF,868220928,234881024,Ascend910_9589
mat_mul_v3_M_1024_K_4096_N_24576_case277,UNKNOWN,mat_mul_v3,"('bfloat16', 'bfloat16', 'int8', 'int8')","((1024, 4096), (4096, 24576), None, None)","((1024, 24576),)","('ND',)","('ND',)","{'transpose_x1': False, 'transpose_x2': False}","{'transpose_x1': False, 'transpose_x2': False}","((1024, 4096), (4096, 24576), None, None)","('bfloat16',)","((1024, 24576),)","('ND',)","('ND',)","((-1, -1), (-1, -1), None, None)","('bfloat16', 'bfloat16', 'int8', 'int8')","((-1, -1),)","((-1, -1), (-1, -1), None, None)","((-1, -1),)","('ND',)","('ND',)","(((1, None), (1, None)), ((1, None), (1, None)), None, None)","(((1, None), (1, None)),)","((None, None),)",,1e-08,(),(),(),mat_mul_v3,(),(),True,True,(),(),True,,,0,,,(),(),(),,,,,,,"{'save_temp_cce_file': True, 'op_debug_config': 'dump_cce'}",{'save_temp_cce_file': True},DYN_OFF,"(37, 39, 43)",DYN_OFF,STC_OFF,CST_OFF,bin_op_mat_mul_v3_M_28672_K_4096_N_7168_case1818,DYN_OFF,STC_OFF,CST_OFF,32,DYN_OFF,STC_OFF,CST_OFF,485.376,DYN_OFF,STC_OFF,CST_OFF,498.96884065137135,DYN_OFF,STC_OFF,CST_OFF,23.185214042663574,PASS,DYN_OFF,STC_OFF,DYN_OFF,CST_OFF,CST_OFF,99.97624158859253%,DYN_OFF,PASS,UNKNOWN,UNKNOWN,UNKNOWN,"OK,OK",PASS,DYN_OFF (DYN_OFF),"('DYN_OFF', False)",1 (0x0000000000000001),"(32, 1024, 24576, 4096, 256, 256, 256, 256, 256, 64, 4096, 1, 1, 1, 1, 0, 0, 16843264, 0, 256, 1, 0)",False,DYN_OFF,DYN_OFF,,,,,"(20971520,)",DYN_OFF,STC_OFF,CST_OFF,STC_OFF,CST_OFF,209715200,50331648,Ascend910_9589
mat_mul_v3_M_57344_K_7168_N_9216_case1877,UNKNOWN,mat_mul_v3,"('bfloat16', 'bfloat16', 'int8', 'int8')","((57344, 7168), (7168, 9216), None, None)","((57344, 9216),)","('ND',)","('ND',)","{'transpose_x1': False, 'transpose_x2': False}","{'transpose_x1': False, 'transpose_x2': False}","((57344, 7168), (7168, 9216), None, None)","('bfloat16',)","((57344, 9216),)","('ND',)","('ND',)","((-1, -1), (-1, -1), None, None)","('bfloat16', 'bfloat16', 'int8', 'int8')","((-1, -1),)","((-1, -1), (-1, -1), None, None)","((-1, -1),)","('ND',)","('ND',)","(((1, None), (1, None)), ((1, None), (1, None)), None, None)","(((1, None), (1, None)),)","((None, None),)",,1e-08,(),(),(),mat_mul_v3,(),(),True,True,(),(),True,,,0,,,(),(),(),,,,,,,"{'save_temp_cce_file': True, 'op_debug_config': 'dump_cce'}",{'save_temp_cce_file': True},DYN_OFF,"(41, 45, 47)",DYN_OFF,STC_OFF,CST_OFF,bin_op_mat_mul_v3_M_28672_K_4096_N_7168_case1818,DYN_OFF,STC_OFF,CST_OFF,32,DYN_OFF,STC_OFF,CST_OFF,17556.6,DYN_OFF,STC_OFF,CST_OFF,106.68619635920396,DYN_OFF,STC_OFF,CST_OFF,23.185214042663574,PASS,DYN_OFF,STC_OFF,DYN_OFF,CST_OFF,CST_OFF,99.9698415635124%,DYN_OFF,PASS,UNKNOWN,UNKNOWN,UNKNOWN,"OK,OK",PASS,DYN_OFF (DYN_OFF),"('DYN_OFF', False)",1 (0x0000000000000001),"(32, 57344, 9216, 7168, 256, 256, 256, 256, 256, 64, 7168, 1, 1, 1, 1, 0, 0, 16843264, 0, 256, 1, 0)",False,DYN_OFF,DYN_OFF,,,,,"(20971520,)",DYN_OFF,STC_OFF,CST_OFF,STC_OFF,CST_OFF,954204160,1056964608,Ascend910_9589
mat_mul_v3_M_1_K_7168_N_256_case1342,UNKNOWN,mat_mul_v3,"('bfloat16', 'bfloat16', 'int8', 'int8')","((1, 7168), (7168, 256), None, None)","((1, 256),)","('ND',)","('ND',)","{'transpose_x1': False, 'transpose_x2': False}","{'transpose_x1': False, 'transpose_x2': False}","((1, 7168), (7168, 256), None, None)","('bfloat16',)","((1, 256),)","('ND',)","('ND',)","((-1, -1), (-1, -1), None, None)","('bfloat16', 'bfloat16', 'int8', 'int8')","((-1, -1),)","((-1, -1), (-1, -1), None, None)","((-1, -1),)","('ND',)","('ND',)","(((1, None), (1, None)), ((1, None), (1, None)), None, None)","(((1, None), (1, None)),)","((None, None),)",,1e-08,(),(),(),mat_mul_v3,(),(),True,True,(),(),True,,,0,,,(),(),(),,,,,,,"{'save_temp_cce_file': True, 'op_debug_config': 'dump_cce'}",{'save_temp_cce_file': True},DYN_OFF,"(35, 44, 44)",DYN_OFF,STC_OFF,CST_OFF,bin_op_mat_mul_v3_M_28672_K_4096_N_7168_case1818,DYN_OFF,STC_OFF,CST_OFF,32,DYN_OFF,STC_OFF,CST_OFF,6.598,DYN_OFF,STC_OFF,CST_OFF,520.1268608044696,DYN_OFF,STC_OFF,CST_OFF,23.185214042663574,PASS,DYN_OFF,STC_OFF,DYN_OFF,CST_OFF,CST_OFF,100.0%,DYN_OFF,PASS,UNKNOWN,UNKNOWN,UNKNOWN,"OK,OK",PASS,DYN_OFF (DYN_OFF),"('DYN_OFF', False)",4097 (0x0000000000001001),"(32, 1, 256, 7168, 16, 256, 256, 16, 256, 64, 224, 1, 1, 1, 1, 0, 0, 16843264, 0, 16, 1, 0)",False,DYN_OFF,DYN_OFF,,,,,"(29360128,)",DYN_OFF,STC_OFF,CST_OFF,STC_OFF,CST_OFF,3684352,512,Ascend910_9589
mat_mul_v3_M_15360_K_4096_N_2304_case46,UNKNOWN,mat_mul_v3,"('bfloat16', 'bfloat16', 'int8', 'int8')","((15360, 4096), (4096, 2304), None, None)","((15360, 2304),)","('ND',)","('ND',)","{'transpose_x1': False, 'transpose_x2': False}","{'transpose_x1': False, 'transpose_x2': False}","((15360, 4096), (4096, 2304), None, None)","('bfloat16',)","((15360, 2304),)","('ND',)","('ND',)","((-1, -1), (-1, -1), None, None)","('bfloat16', 'bfloat16', 'int8', 'int8')","((-1, -1),)","((-1, -1), (-1, -1), None, None)","((-1, -1),)","('ND',)","('ND',)","(((1, None), (1, None)), ((1, None), (1, None)), None, None)","(((1, None), (1, None)),)","((None, None),)",,1e-08,(),(),(),mat_mul_v3,(),(),True,True,(),(),True,,,0,,,(),(),(),,,,,,,"{'save_temp_cce_file': True, 'op_debug_config': 'dump_cce'}",{'save_temp_cce_file': True},DYN_OFF,"(42, 50, 52)",DYN_OFF,STC_OFF,CST_OFF,bin_op_mat_mul_v3_M_28672_K_4096_N_7168_case1818,DYN_OFF,STC_OFF,CST_OFF,32,DYN_OFF,STC_OFF,CST_OFF,684.917,DYN_OFF,STC_OFF,CST_OFF,293.0042527050723,DYN_OFF,STC_OFF,CST_OFF,23.185214042663574,PASS,DYN_OFF,STC_OFF,DYN_OFF,CST_OFF,CST_OFF,99.97591937029803%,DYN_OFF,PASS,UNKNOWN,UNKNOWN,UNKNOWN,"OK,OK",PASS,DYN_OFF (DYN_OFF),"('DYN_OFF', False)",1 (0x0000000000000001),"(32, 15360, 2304, 4096, 256, 256, 256, 256, 256, 64, 4096, 1, 1, 1, 1, 0, 0, 16843264, 0, 256, 1, 0)",False,DYN_OFF,DYN_OFF,,,,,"(20971520,)",DYN_OFF,STC_OFF,CST_OFF,STC_OFF,CST_OFF,144703488,70778880,Ascend910_9589
mat_mul_v3_M_3584_K_4096_N_3072_case295,UNKNOWN,mat_mul_v3,"('bfloat16', 'bfloat16', 'int8', 'int8')","((3584, 4096), (4096, 3072), None, None)","((3584, 3072),)","('ND',)","('ND',)","{'transpose_x1': False, 'transpose_x2': False}","{'transpose_x1': False, 'transpose_x2': False}","((3584, 4096), (4096, 3072), None, None)","('bfloat16',)","((3584, 3072),)","('ND',)","('ND',)","((-1, -1), (-1, -1), None, None)","('bfloat16', 'bfloat16', 'int8', 'int8')","((-1, -1),)","((-1, -1), (-1, -1), None, None)","((-1, -1),)","('ND',)","('ND',)","(((1, None), (1, None)), ((1, None), (1, None)), None, None)","(((1, None), (1, None)),)","((None, None),)",,1e-08,(),(),(),mat_mul_v3,(),(),True,True,(),(),True,,,0,,,(),(),(),,,,,,,"{'save_temp_cce_file': True, 'op_debug_config': 'dump_cce'}",{'save_temp_cce_file': True},DYN_OFF,"(29, 28, 33)",DYN_OFF,STC_OFF,CST_OFF,bin_op_mat_mul_v3_M_28672_K_4096_N_7168_case1818,DYN_OFF,STC_OFF,CST_OFF,32,DYN_OFF,STC_OFF,CST_OFF,216.611,DYN_OFF,STC_OFF,CST_OFF,329.1109985180808,DYN_OFF,STC_OFF,CST_OFF,23.185214042663574,PASS,DYN_OFF,STC_OFF,DYN_OFF,CST_OFF,CST_OFF,99.97604006812686%,DYN_OFF,PASS,UNKNOWN,UNKNOWN,UNKNOWN,"OK,OK",PASS,DYN_OFF (DYN_OFF),"('DYN_OFF', False)",4097 (0x0000000000001001),"(32, 3584, 3072, 4096, 256, 256, 256, 256, 256, 64, 1024, 1, 1, 1, 1, 0, 0, 16843264, 0, 256, 1, 0)",False,DYN_OFF,DYN_OFF,,,,,"(29360128,)",DYN_OFF,STC_OFF,CST_OFF,STC_OFF,CST_OFF,54525952,22020096,Ascend910_9589
mat_mul_v3_M_16_K_288_N_7168_case1622,UNKNOWN,mat_mul_v3,"('bfloat16', 'bfloat16', 'int8', 'int8')","((16, 288), (288, 7168), None, None)","((16, 7168),)","('ND',)","('ND',)","{'transpose_x1': False, 'transpose_x2': False}","{'transpose_x1': False, 'transpose_x2': False}","((16, 288), (288, 7168), None, None)","('bfloat16',)","((16, 7168),)","('ND',)","('ND',)","((-1, -1), (-1, -1), None, None)","('bfloat16', 'bfloat16', 'int8', 'int8')","((-1, -1),)","((-1, -1), (-1, -1), None, None)","((-1, -1),)","('ND',)","('ND',)","(((1, None), (1, None)), ((1, None), (1, None)), None, None)","(((1, None), (1, None)),)","((None, None),)",,1e-08,(),(),(),mat_mul_v3,(),(),True,True,(),(),True,,,0,,,(),(),(),,,,,,,"{'save_temp_cce_file': True, 'op_debug_config': 'dump_cce'}",{'save_temp_cce_file': True},DYN_OFF,"(43, 50, 47)",DYN_OFF,STC_OFF,CST_OFF,bin_op_mat_mul_v3_M_28672_K_4096_N_7168_case1818,DYN_OFF,STC_OFF,CST_OFF,32,DYN_OFF,STC_OFF,CST_OFF,5.883,DYN_OFF,STC_OFF,CST_OFF,691.3855107041741,DYN_OFF,STC_OFF,CST_OFF,23.185214042663574,PASS,DYN_OFF,STC_OFF,DYN_OFF,CST_OFF,CST_OFF,99.99040876116071%,DYN_OFF,PASS,UNKNOWN,UNKNOWN,UNKNOWN,"OK,OK",PASS,DYN_OFF (DYN_OFF),"('DYN_OFF', False)",1 (0x0000000000000001),"(32, 16, 7168, 288, 16, 224, 256, 16, 224, 64, 288, 1, 1, 1, 1, 0, 0, 16908800, 0, 16, 1, 0)",False,DYN_OFF,DYN_OFF,,,,,"(20971520,)",DYN_OFF,STC_OFF,CST_OFF,STC_OFF,CST_OFF,4137984,229376,Ascend910_9589
mat_mul_v3_M_8192_K_4608_N_7168_case1557,UNKNOWN,mat_mul_v3,"('bfloat16', 'bfloat16', 'int8', 'int8')","((8192, 4608), (4608, 7168), None, None)","((8192, 7168),)","('ND',)","('ND',)","{'transpose_x1': False, 'transpose_x2': False}","{'transpose_x1': False, 'transpose_x2': False}","((8192, 4608), (4608, 7168), None, None)","('bfloat16',)","((8192, 7168),)","('ND',)","('ND',)","((-1, -1), (-1, -1), None, None)","('bfloat16', 'bfloat16', 'int8', 'int8')","((-1, -1),)","((-1, -1), (-1, -1), None, None)","((-1, -1),)","('ND',)","('ND',)","(((1, None), (1, None)), ((1, None), (1, None)), None, None)","(((1, None), (1, None)),)","((None, None),)",,1e-08,(),(),(),mat_mul_v3,(),(),True,True,(),(),True,,,0,,,(),(),(),,,,,,,"{'save_temp_cce_file': True, 'op_debug_config': 'dump_cce'}",{'save_temp_cce_file': True},DYN_OFF,"(46, 50, 42)",DYN_OFF,STC_OFF,CST_OFF,bin_op_mat_mul_v3_M_28672_K_4096_N_7168_case1818,DYN_OFF,STC_OFF,CST_OFF,32,DYN_OFF,STC_OFF,CST_OFF,1262.012,DYN_OFF,STC_OFF,CST_OFF,191.13204747656917,DYN_OFF,STC_OFF,CST_OFF,23.185214042663574,PASS,DYN_OFF,STC_OFF,DYN_OFF,CST_OFF,CST_OFF,99.97520106179374%,DYN_OFF,PASS,UNKNOWN,UNKNOWN,UNKNOWN,"OK,OK",PASS,DYN_OFF (DYN_OFF),"('DYN_OFF', False)",1 (0x0000000000000001),"(32, 8192, 7168, 4608, 256, 256, 256, 256, 256, 64, 4608, 1, 1, 1, 1, 0, 0, 16843264, 0, 256, 1, 0)",False,DYN_OFF,DYN_OFF,,,,,"(20971520,)",DYN_OFF,STC_OFF,CST_OFF,STC_OFF,CST_OFF,141557760,117440512,Ascend910_9589
mat_mul_v3_M_3584_K_4096_N_6144_case296,UNKNOWN,mat_mul_v3,"('bfloat16', 'bfloat16', 'int8', 'int8')","((3584, 4096), (4096, 6144), None, None)","((3584, 6144),)","('ND',)","('ND',)","{'transpose_x1': False, 'transpose_x2': False}","{'transpose_x1': False, 'transpose_x2': False}","((3584, 4096), (4096, 6144), None, None)","('bfloat16',)","((3584, 6144),)","('ND',)","('ND',)","((-1, -1), (-1, -1), None, None)","('bfloat16', 'bfloat16', 'int8', 'int8')","((-1, -1),)","((-1, -1), (-1, -1), None, None)","((-1, -1),)","('ND',)","('ND',)","(((1, None), (1, None)), ((1, None), (1, None)), None, None)","(((1, None), (1, None)),)","((None, None),)",,1e-08,(),(),(),mat_mul_v3,(),(),True,True,(),(),True,,,0,,,(),(),(),,,,,,,"{'save_temp_cce_file': True, 'op_debug_config': 'dump_cce'}",{'save_temp_cce_file': True},DYN_OFF,"(35, 38, 38)",DYN_OFF,STC_OFF,CST_OFF,bin_op_mat_mul_v3_M_28672_K_4096_N_7168_case1818,DYN_OFF,STC_OFF,CST_OFF,32,DYN_OFF,STC_OFF,CST_OFF,428.036,DYN_OFF,STC_OFF,CST_OFF,269.21654954256184,DYN_OFF,STC_OFF,CST_OFF,23.185214042663574,PASS,DYN_OFF,STC_OFF,DYN_OFF,CST_OFF,CST_OFF,99.97623988560268%,DYN_OFF,PASS,UNKNOWN,UNKNOWN,UNKNOWN,"OK,OK",PASS,DYN_OFF (DYN_OFF),"('DYN_OFF', False)",4097 (0x0000000000001001),"(32, 3584, 6144, 4096, 256, 256, 256, 256, 256, 64, 2048, 1, 1, 1, 1, 0, 0, 16843264, 0, 256, 1, 0)",False,DYN_OFF,DYN_OFF,,,,,"(29360128,)",DYN_OFF,STC_OFF,CST_OFF,STC_OFF,CST_OFF,79691776,44040192,Ascend910_9589
mat_mul_v3_M_1024_K_12288_N_4096_case399,UNKNOWN,mat_mul_v3,"('bfloat16', 'bfloat16', 'int8', 'int8')","((1024, 12288), (12288, 4096), None, None)","((1024, 4096),)","('ND',)","('ND',)","{'transpose_x1': False, 'transpose_x2': False}","{'transpose_x1': False, 'transpose_x2': False}","((1024, 12288), (12288, 4096), None, None)","('bfloat16',)","((1024, 4096),)","('ND',)","('ND',)","((-1, -1), (-1, -1), None, None)","('bfloat16', 'bfloat16', 'int8', 'int8')","((-1, -1),)","((-1, -1), (-1, -1), None, None)","((-1, -1),)","('ND',)","('ND',)","(((1, None), (1, None)), ((1, None), (1, None)), None, None)","(((1, None), (1, None)),)","((None, None),)",,1e-08,(),(),(),mat_mul_v3,(),(),True,True,(),(),True,,,0,,,(),(),(),,,,,,,"{'save_temp_cce_file': True, 'op_debug_config': 'dump_cce'}",{'save_temp_cce_file': True},DYN_OFF,"(43, 50, 52)",DYN_OFF,STC_OFF,CST_OFF,bin_op_mat_mul_v3_M_28672_K_4096_N_7168_case1818,DYN_OFF,STC_OFF,CST_OFF,32,DYN_OFF,STC_OFF,CST_OFF,245.804,DYN_OFF,STC_OFF,CST_OFF,508.53525573220946,DYN_OFF,STC_OFF,CST_OFF,23.185214042663574,PASS,DYN_OFF,STC_OFF,DYN_OFF,CST_OFF,CST_OFF,99.96154308319092%,DYN_OFF,PASS,UNKNOWN,UNKNOWN,UNKNOWN,"OK,OK",PASS,DYN_OFF (DYN_OFF),"('DYN_OFF', False)",1 (0x0000000000000001),"(32, 1024, 4096, 12288, 256, 256, 256, 256, 256, 64, 12288, 1, 1, 1, 1, 0, 0, 16843264, 0, 256, 1, 0)",False,DYN_OFF,DYN_OFF,,,,,"(20971520,)",DYN_OFF,STC_OFF,CST_OFF,STC_OFF,CST_OFF,125829120,8388608,Ascend910_9589
mat_mul_v3_M_28672_K_8192_N_7168_case1833,UNKNOWN,mat_mul_v3,"('bfloat16', 'bfloat16', 'int8', 'int8')","((28672, 8192), (8192, 7168), None, None)","((28672, 7168),)","('ND',)","('ND',)","{'transpose_x1': False, 'transpose_x2': False}","{'transpose_x1': False, 'transpose_x2': False}","((28672, 8192), (8192, 7168), None, None)","('bfloat16',)","((28672, 7168),)","('ND',)","('ND',)","((-1, -1), (-1, -1), None, None)","('bfloat16', 'bfloat16', 'int8', 'int8')","((-1, -1),)","((-1, -1), (-1, -1), None, None)","((-1, -1),)","('ND',)","('ND',)","(((1, None), (1, None)), ((1, None), (1, None)), None, None)","(((1, None), (1, None)),)","((None, None),)",,1e-08,(),(),(),mat_mul_v3,(),(),True,True,(),(),True,,,0,,,(),(),(),,,,,,,"{'save_temp_cce_file': True, 'op_debug_config': 'dump_cce'}",{'save_temp_cce_file': True},DYN_OFF,"(43, 51, 54)",DYN_OFF,STC_OFF,CST_OFF,bin_op_mat_mul_v3_M_28672_K_4096_N_7168_case1818,DYN_OFF,STC_OFF,CST_OFF,32,DYN_OFF,STC_OFF,CST_OFF,7805.569,DYN_OFF,STC_OFF,CST_OFF,119.10566673614697,DYN_OFF,STC_OFF,CST_OFF,23.185214042663574,PASS,DYN_OFF,STC_OFF,DYN_OFF,CST_OFF,CST_OFF,99.9680066595272%,DYN_OFF,PASS,UNKNOWN,UNKNOWN,UNKNOWN,"OK,OK",PASS,DYN_OFF (DYN_OFF),"('DYN_OFF', False)",1 (0x0000000000000001),"(32, 28672, 7168, 8192, 256, 256, 256, 256, 256, 64, 8192, 1, 1, 1, 1, 0, 0, 16843264, 0, 256, 1, 0)",False,DYN_OFF,DYN_OFF,,,,,"(20971520,)",DYN_OFF,STC_OFF,CST_OFF,STC_OFF,CST_OFF,587202560,411041792,Ascend910_9589
mat_mul_v3_M_32768_K_7168_N_2304_case1427,UNKNOWN,mat_mul_v3,"('bfloat16', 'bfloat16', 'int8', 'int8')","((32768, 7168), (7168, 2304), None, None)","((32768, 2304),)","('ND',)","('ND',)","{'transpose_x1': False, 'transpose_x2': False}","{'transpose_x1': False, 'transpose_x2': False}","((32768, 7168), (7168, 2304), None, None)","('bfloat16',)","((32768, 2304),)","('ND',)","('ND',)","((-1, -1), (-1, -1), None, None)","('bfloat16', 'bfloat16', 'int8', 'int8')","((-1, -1),)","((-1, -1), (-1, -1), None, None)","((-1, -1),)","('ND',)","('ND',)","(((1, None), (1, None)), ((1, None), (1, None)), None, None)","(((1, None), (1, None)),)","((None, None),)",,1e-08,(),(),(),mat_mul_v3,(),(),True,True,(),(),True,,,0,,,(),(),(),,,,,,,"{'save_temp_cce_file': True, 'op_debug_config': 'dump_cce'}",{'save_temp_cce_file': True},DYN_OFF,"(31, 31, 35)",DYN_OFF,STC_OFF,CST_OFF,bin_op_mat_mul_v3_M_28672_K_4096_N_7168_case1818,DYN_OFF,STC_OFF,CST_OFF,32,DYN_OFF,STC_OFF,CST_OFF,2514.012,DYN_OFF,STC_OFF,CST_OFF,242.19722051843823,DYN_OFF,STC_OFF,CST_OFF,23.185214042663574,PASS,DYN_OFF,STC_OFF,DYN_OFF,CST_OFF,CST_OFF,99.97000561820137%,DYN_OFF,PASS,UNKNOWN,UNKNOWN,UNKNOWN,"OK,OK",PASS,DYN_OFF (DYN_OFF),"('DYN_OFF', False)",1 (0x0000000000000001),"(32, 32768, 2304, 7168, 256, 256, 256, 256, 256, 64, 7168, 1, 1, 1, 1, 0, 0, 16843264, 0, 256, 1, 0)",False,DYN_OFF,DYN_OFF,,,,,"(20971520,)",DYN_OFF,STC_OFF,CST_OFF,STC_OFF,CST_OFF,502792192,150994944,Ascend910_9589
mat_mul_v3_M_32768_K_4096_N_9216_case55,UNKNOWN,mat_mul_v3,"('bfloat16', 'bfloat16', 'int8', 'int8')","((32768, 4096), (4096, 9216), None, None)","((32768, 9216),)","('ND',)","('ND',)","{'transpose_x1': False, 'transpose_x2': False}","{'transpose_x1': False, 'transpose_x2': False}","((32768, 4096), (4096, 9216), None, None)","('bfloat16',)","((32768, 9216),)","('ND',)","('ND',)","((-1, -1), (-1, -1), None, None)","('bfloat16', 'bfloat16', 'int8', 'int8')","((-1, -1),)","((-1, -1), (-1, -1), None, None)","((-1, -1),)","('ND',)","('ND',)","(((1, None), (1, None)), ((1, None), (1, None)), None, None)","(((1, None), (1, None)),)","((None, None),)",,1e-08,(),(),(),mat_mul_v3,(),(),True,True,(),(),True,,,0,,,(),(),(),,,,,,,"{'save_temp_cce_file': True, 'op_debug_config': 'dump_cce'}",{'save_temp_cce_file': True},DYN_OFF,"(40, 44, 47)",DYN_OFF,STC_OFF,CST_OFF,bin_op_mat_mul_v3_M_28672_K_4096_N_7168_case1818,DYN_OFF,STC_OFF,CST_OFF,32,DYN_OFF,STC_OFF,CST_OFF,5743.016,DYN_OFF,STC_OFF,CST_OFF,153.7193175153961,DYN_OFF,STC_OFF,CST_OFF,23.185214042663574,PASS,DYN_OFF,STC_OFF,DYN_OFF,CST_OFF,CST_OFF,99.97602966096666%,DYN_OFF,PASS,UNKNOWN,UNKNOWN,UNKNOWN,"OK,OK",PASS,DYN_OFF (DYN_OFF),"('DYN_OFF', False)",1 (0x0000000000000001),"(32, 32768, 9216, 4096, 256, 256, 256, 256, 256, 64, 4096, 1, 1, 1, 1, 0, 0, 16843264, 0, 256, 1, 0)",False,DYN_OFF,DYN_OFF,,,,,"(20971520,)",DYN_OFF,STC_OFF,CST_OFF,STC_OFF,CST_OFF,343932928,603979776,Ascend910_9589
mat_mul_v3_M_1024_K_128_N_4096_case126,UNKNOWN,mat_mul_v3,"('bfloat16', 'bfloat16', 'int8', 'int8')","((1024, 128), (128, 4096), None, None)","((1024, 4096),)","('ND',)","('ND',)","{'transpose_x1': False, 'transpose_x2': False}","{'transpose_x1': False, 'transpose_x2': False}","((1024, 128), (128, 4096), None, None)","('bfloat16',)","((1024, 4096),)","('ND',)","('ND',)","((-1, -1), (-1, -1), None, None)","('bfloat16', 'bfloat16', 'int8', 'int8')","((-1, -1),)","((-1, -1), (-1, -1), None, None)","((-1, -1),)","('ND',)","('ND',)","(((1, None), (1, None)), ((1, None), (1, None)), None, None)","(((1, None), (1, None)),)","((None, None),)",,1e-08,(),(),(),mat_mul_v3,(),(),True,True,(),(),True,,,0,,,(),(),(),,,,,,,"{'save_temp_cce_file': True, 'op_debug_config': 'dump_cce'}",{'save_temp_cce_file': True},DYN_OFF,"(45, 51, 53)",DYN_OFF,STC_OFF,CST_OFF,bin_op_mat_mul_v3_M_28672_K_4096_N_7168_case1818,DYN_OFF,STC_OFF,CST_OFF,32,DYN_OFF,STC_OFF,CST_OFF,6.807,DYN_OFF,STC_OFF,CST_OFF,1327.0461473483178,DYN_OFF,STC_OFF,CST_OFF,23.185214042663574,PASS,DYN_OFF,STC_OFF,DYN_OFF,CST_OFF,CST_OFF,99.99706745147705%,DYN_OFF,PASS,UNKNOWN,UNKNOWN,UNKNOWN,"OK,OK",PASS,DYN_OFF (DYN_OFF),"('DYN_OFF', False)",1 (0x0000000000000001),"(32, 1024, 4096, 128, 256, 256, 256, 256, 256, 64, 128, 1, 1, 1, 1, 0, 0, 16843264, 0, 256, 1, 0)",False,DYN_OFF,DYN_OFF,,,,,"(20971520,)",DYN_OFF,STC_OFF,CST_OFF,STC_OFF,CST_OFF,1310720,8388608,Ascend910_9589
mat_mul_v3_M_2048_K_1024_N_4096_case136,UNKNOWN,mat_mul_v3,"('bfloat16', 'bfloat16', 'int8', 'int8')","((2048, 1024), (1024, 4096), None, None)","((2048, 4096),)","('ND',)","('ND',)","{'transpose_x1': False, 'transpose_x2': False}","{'transpose_x1': False, 'transpose_x2': False}","((2048, 1024), (1024, 4096), None, None)","('bfloat16',)","((2048, 4096),)","('ND',)","('ND',)","((-1, -1), (-1, -1), None, None)","('bfloat16', 'bfloat16', 'int8', 'int8')","((-1, -1),)","((-1, -1), (-1, -1), None, None)","((-1, -1),)","('ND',)","('ND',)","(((1, None), (1, None)), ((1, None), (1, None)), None, None)","(((1, None), (1, None)),)","((None, None),)",,1e-08,(),(),(),mat_mul_v3,(),(),True,True,(),(),True,,,0,,,(),(),(),,,,,,,"{'save_temp_cce_file': True, 'op_debug_config': 'dump_cce'}",{'save_temp_cce_file': True},DYN_OFF,"(38, 35, 40)",DYN_OFF,STC_OFF,CST_OFF,bin_op_mat_mul_v3_M_28672_K_4096_N_7168_case1818,DYN_OFF,STC_OFF,CST_OFF,32,DYN_OFF,STC_OFF,CST_OFF,45.305,DYN_OFF,STC_OFF,CST_OFF,603.5481734907846,DYN_OFF,STC_OFF,CST_OFF,23.185214042663574,PASS,DYN_OFF,STC_OFF,DYN_OFF,CST_OFF,CST_OFF,99.98688697814941%,DYN_OFF,PASS,UNKNOWN,UNKNOWN,UNKNOWN,"OK,OK",PASS,DYN_OFF (DYN_OFF),"('DYN_OFF', False)",1 (0x0000000000000001),"(32, 2048, 4096, 1024, 256, 256, 256, 256, 256, 64, 1024, 1, 1, 1, 1, 0, 0, 16843264, 0, 256, 1, 0)",False,DYN_OFF,DYN_OFF,,,,,"(20971520,)",DYN_OFF,STC_OFF,CST_OFF,STC_OFF,CST_OFF,12582912,16777216,Ascend910_9589
mat_mul_v3_M_8_K_4096_N_7168_case1809,UNKNOWN,mat_mul_v3,"('bfloat16', 'bfloat16', 'int8', 'int8')","((8, 4096), (4096, 7168), None, None)","((8, 7168),)","('ND',)","('ND',)","{'transpose_x1': False, 'transpose_x2': False}","{'transpose_x1': False, 'transpose_x2': False}","((8, 4096), (4096, 7168), None, None)","('bfloat16',)","((8, 7168),)","('ND',)","('ND',)","((-1, -1), (-1, -1), None, None)","('bfloat16', 'bfloat16', 'int8', 'int8')","((-1, -1),)","((-1, -1), (-1, -1), None, None)","((-1, -1),)","('ND',)","('ND',)","(((1, None), (1, None)), ((1, None), (1, None)), None, None)","(((1, None), (1, None)),)","((None, None),)",,1e-08,(),(),(),mat_mul_v3,(),(),True,True,(),(),True,,,0,,,(),(),(),,,,,,,"{'save_temp_cce_file': True, 'op_debug_config': 'dump_cce'}",{'save_temp_cce_file': True},DYN_OFF,"(52, 45, 45)",DYN_OFF,STC_OFF,CST_OFF,bin_op_mat_mul_v3_M_28672_K_4096_N_7168_case1818,DYN_OFF,STC_OFF,CST_OFF,32,DYN_OFF,STC_OFF,CST_OFF,43.721,DYN_OFF,STC_OFF,CST_OFF,1254.66816128834,DYN_OFF,STC_OFF,CST_OFF,23.185214042663574,PASS,DYN_OFF,STC_OFF,DYN_OFF,CST_OFF,CST_OFF,99.97209821428571%,DYN_OFF,PASS,UNKNOWN,UNKNOWN,UNKNOWN,"OK,OK",PASS,DYN_OFF (DYN_OFF),"('DYN_OFF', False)",1 (0x0000000000000001),"(32, 8, 7168, 4096, 16, 224, 256, 16, 224, 64, 4096, 1, 1, 1, 1, 0, 0, 16908800, 0, 16, 1, 0)",False,DYN_OFF,DYN_OFF,,,,,"(20971520,)",DYN_OFF,STC_OFF,CST_OFF,STC_OFF,CST_OFF,58785792,114688,Ascend910_9589
mat_mul_v3_M_40960_K_384_N_4096_case517,UNKNOWN,mat_mul_v3,"('bfloat16', 'bfloat16', 'int8', 'int8')","((40960, 384), (384, 4096), None, None)","((40960, 4096),)","('ND',)","('ND',)","{'transpose_x1': False, 'transpose_x2': False}","{'transpose_x1': False, 'transpose_x2': False}","((40960, 384), (384, 4096), None, None)","('bfloat16',)","((40960, 4096),)","('ND',)","('ND',)","((-1, -1), (-1, -1), None, None)","('bfloat16', 'bfloat16', 'int8', 'int8')","((-1, -1),)","((-1, -1), (-1, -1), None, None)","((-1, -1),)","('ND',)","('ND',)","(((1, None), (1, None)), ((1, None), (1, None)), None, None)","(((1, None), (1, None)),)","((None, None),)",,1e-08,(),(),(),mat_mul_v3,(),(),True,True,(),(),True,,,0,,,(),(),(),,,,,,,"{'save_temp_cce_file': True, 'op_debug_config': 'dump_cce'}",{'save_temp_cce_file': True},DYN_OFF,"(38, 43, 48)",DYN_OFF,STC_OFF,CST_OFF,bin_op_mat_mul_v3_M_28672_K_4096_N_7168_case1818,DYN_OFF,STC_OFF,CST_OFF,32,DYN_OFF,STC_OFF,CST_OFF,329.33,DYN_OFF,STC_OFF,CST_OFF,1046.7511690401725,DYN_OFF,STC_OFF,CST_OFF,23.185214042663574,PASS,DYN_OFF,STC_OFF,DYN_OFF,CST_OFF,CST_OFF,99.9936991930008%,DYN_OFF,PASS,UNKNOWN,UNKNOWN,UNKNOWN,"OK,OK",PASS,DYN_OFF (DYN_OFF),"('DYN_OFF', False)",1 (0x0000000000000001),"(32, 40960, 4096, 384, 256, 256, 256, 256, 256, 64, 384, 1, 1, 1, 1, 0, 0, 16843264, 0, 256, 1, 0)",False,DYN_OFF,DYN_OFF,,,,,"(20971520,)",DYN_OFF,STC_OFF,CST_OFF,STC_OFF,CST_OFF,34603008,335544320,Ascend910_9589
mat_mul_v3_M_7168_K_4096_N_4608_case540,UNKNOWN,mat_mul_v3,"('bfloat16', 'bfloat16', 'int8', 'int8')","((7168, 4096), (4096, 4608), None, None)","((7168, 4608),)","('ND',)","('ND',)","{'transpose_x1': False, 'transpose_x2': False}","{'transpose_x1': False, 'transpose_x2': False}","((7168, 4096), (4096, 4608), None, None)","('bfloat16',)","((7168, 4608),)","('ND',)","('ND',)","((-1, -1), (-1, -1), None, None)","('bfloat16', 'bfloat16', 'int8', 'int8')","((-1, -1),)","((-1, -1), (-1, -1), None, None)","((-1, -1),)","('ND',)","('ND',)","(((1, None), (1, None)), ((1, None), (1, None)), None, None)","(((1, None), (1, None)),)","((None, None),)",,1e-08,(),(),(),mat_mul_v3,(),(),True,True,(),(),True,,,0,,,(),(),(),,,,,,,"{'save_temp_cce_file': True, 'op_debug_config': 'dump_cce'}",{'save_temp_cce_file': True},DYN_OFF,"(56, 56, 59)",DYN_OFF,STC_OFF,CST_OFF,bin_op_mat_mul_v3_M_28672_K_4096_N_7168_case1818,DYN_OFF,STC_OFF,CST_OFF,32,DYN_OFF,STC_OFF,CST_OFF,644.766,DYN_OFF,STC_OFF,CST_OFF,234.76297990278644,DYN_OFF,STC_OFF,CST_OFF,23.185214042663574,PASS,DYN_OFF,STC_OFF,DYN_OFF,CST_OFF,CST_OFF,99.97600676521422%,DYN_OFF,PASS,UNKNOWN,UNKNOWN,UNKNOWN,"OK,OK",PASS,DYN_OFF (DYN_OFF),"('DYN_OFF', False)",1 (0x0000000000000001),"(32, 7168, 4608, 4096, 256, 256, 256, 256, 256, 64, 4096, 1, 1, 1, 1, 0, 0, 16843264, 0, 256, 1, 0)",False,DYN_OFF,DYN_OFF,,,,,"(20971520,)",DYN_OFF,STC_OFF,CST_OFF,STC_OFF,CST_OFF,96468992,66060288,Ascend910_9589
mat_mul_v3_M_7168_K_4096_N_12288_case630,UNKNOWN,mat_mul_v3,"('bfloat16', 'bfloat16', 'int8', 'int8')","((7168, 4096), (4096, 12288), None, None)","((7168, 12288),)","('ND',)","('ND',)","{'transpose_x1': False, 'transpose_x2': False}","{'transpose_x1': False, 'transpose_x2': False}","((7168, 4096), (4096, 12288), None, None)","('bfloat16',)","((7168, 12288),)","('ND',)","('ND',)","((-1, -1), (-1, -1), None, None)","('bfloat16', 'bfloat16', 'int8', 'int8')","((-1, -1),)","((-1, -1), (-1, -1), None, None)","((-1, -1),)","('ND',)","('ND',)","(((1, None), (1, None)), ((1, None), (1, None)), None, None)","(((1, None), (1, None)),)","((None, None),)",,1e-08,(),(),(),mat_mul_v3,(),(),True,True,(),(),True,,,0,,,(),(),(),,,,,,,"{'save_temp_cce_file': True, 'op_debug_config': 'dump_cce'}",{'save_temp_cce_file': True},DYN_OFF,"(47, 54, 53)",DYN_OFF,STC_OFF,CST_OFF,bin_op_mat_mul_v3_M_28672_K_4096_N_7168_case1818,DYN_OFF,STC_OFF,CST_OFF,32,DYN_OFF,STC_OFF,CST_OFF,1680.992,DYN_OFF,STC_OFF,CST_OFF,185.90213397803205,DYN_OFF,STC_OFF,CST_OFF,23.185214042663574,PASS,DYN_OFF,STC_OFF,DYN_OFF,CST_OFF,CST_OFF,99.97586409250894%,DYN_OFF,PASS,UNKNOWN,UNKNOWN,UNKNOWN,"OK,OK",PASS,DYN_OFF (DYN_OFF),"('DYN_OFF', False)",1 (0x0000000000000001),"(32, 7168, 12288, 4096, 256, 256, 256, 256, 256, 64, 4096, 1, 1, 1, 1, 0, 0, 16843264, 0, 256, 1, 0)",False,DYN_OFF,DYN_OFF,,,,,"(20971520,)",DYN_OFF,STC_OFF,CST_OFF,STC_OFF,CST_OFF,159383552,176160768,Ascend910_9589
mat_mul_v3_M_8192_K_7168_N_9216_case1413,UNKNOWN,mat_mul_v3,"('bfloat16', 'bfloat16', 'int8', 'int8')","((8192, 7168), (7168, 9216), None, None)","((8192, 9216),)","('ND',)","('ND',)","{'transpose_x1': False, 'transpose_x2': False}","{'transpose_x1': False, 'transpose_x2': False}","((8192, 7168), (7168, 9216), None, None)","('bfloat16',)","((8192, 9216),)","('ND',)","('ND',)","((-1, -1), (-1, -1), None, None)","('bfloat16', 'bfloat16', 'int8', 'int8')","((-1, -1),)","((-1, -1), (-1, -1), None, None)","((-1, -1),)","('ND',)","('ND',)","(((1, None), (1, None)), ((1, None), (1, None)), None, None)","(((1, None), (1, None)),)","((None, None),)",,1e-08,(),(),(),mat_mul_v3,(),(),True,True,(),(),True,,,0,,,(),(),(),,,,,,,"{'save_temp_cce_file': True, 'op_debug_config': 'dump_cce'}",{'save_temp_cce_file': True},DYN_OFF,"(30, 33, 34)",DYN_OFF,STC_OFF,CST_OFF,bin_op_mat_mul_v3_M_28672_K_4096_N_7168_case1818,DYN_OFF,STC_OFF,CST_OFF,32,DYN_OFF,STC_OFF,CST_OFF,2514.364,DYN_OFF,STC_OFF,CST_OFF,148.3662966062193,DYN_OFF,STC_OFF,CST_OFF,23.185214042663574,PASS,DYN_OFF,STC_OFF,DYN_OFF,CST_OFF,CST_OFF,99.96980163786147%,DYN_OFF,PASS,UNKNOWN,UNKNOWN,UNKNOWN,"OK,OK",PASS,DYN_OFF (DYN_OFF),"('DYN_OFF', False)",1 (0x0000000000000001),"(32, 8192, 9216, 7168, 256, 256, 256, 256, 256, 64, 7168, 1, 1, 1, 1, 0, 0, 16843264, 0, 256, 1, 0)",False,DYN_OFF,DYN_OFF,,,,,"(20971520,)",DYN_OFF,STC_OFF,CST_OFF,STC_OFF,CST_OFF,249561088,150994944,Ascend910_9589
mat_mul_v3_M_14336_K_384_N_4096_case488,UNKNOWN,mat_mul_v3,"('bfloat16', 'bfloat16', 'int8', 'int8')","((14336, 384), (384, 4096), None, None)","((14336, 4096),)","('ND',)","('ND',)","{'transpose_x1': False, 'transpose_x2': False}","{'transpose_x1': False, 'transpose_x2': False}","((14336, 384), (384, 4096), None, None)","('bfloat16',)","((14336, 4096),)","('ND',)","('ND',)","((-1, -1), (-1, -1), None, None)","('bfloat16', 'bfloat16', 'int8', 'int8')","((-1, -1),)","((-1, -1), (-1, -1), None, None)","((-1, -1),)","('ND',)","('ND',)","(((1, None), (1, None)), ((1, None), (1, None)), None, None)","(((1, None), (1, None)),)","((None, None),)",,1e-08,(),(),(),mat_mul_v3,(),(),True,True,(),(),True,,,0,,,(),(),(),,,,,,,"{'save_temp_cce_file': True, 'op_debug_config': 'dump_cce'}",{'save_temp_cce_file': True},DYN_OFF,"(35, 51, 56)",DYN_OFF,STC_OFF,CST_OFF,bin_op_mat_mul_v3_M_28672_K_4096_N_7168_case1818,DYN_OFF,STC_OFF,CST_OFF,32,DYN_OFF,STC_OFF,CST_OFF,114.443,DYN_OFF,STC_OFF,CST_OFF,1070.913850126264,DYN_OFF,STC_OFF,CST_OFF,23.185214042663574,PASS,DYN_OFF,STC_OFF,DYN_OFF,CST_OFF,CST_OFF,99.9937891960144%,DYN_OFF,PASS,UNKNOWN,UNKNOWN,UNKNOWN,"OK,OK",PASS,DYN_OFF (DYN_OFF),"('DYN_OFF', False)",1 (0x0000000000000001),"(32, 14336, 4096, 384, 256, 256, 256, 256, 256, 64, 384, 1, 1, 1, 1, 0, 0, 16843264, 0, 256, 1, 0)",False,DYN_OFF,DYN_OFF,,,,,"(20971520,)",DYN_OFF,STC_OFF,CST_OFF,STC_OFF,CST_OFF,14155776,117440512,Ascend910_9589
mat_mul_v3_M_7168_K_7168_N_576_case1444,UNKNOWN,mat_mul_v3,"('bfloat16', 'bfloat16', 'int8', 'int8')","((7168, 7168), (7168, 576), None, None)","((7168, 576),)","('ND',)","('ND',)","{'transpose_x1': False, 'transpose_x2': False}","{'transpose_x1': False, 'transpose_x2': False}","((7168, 7168), (7168, 576), None, None)","('bfloat16',)","((7168, 576),)","('ND',)","('ND',)","((-1, -1), (-1, -1), None, None)","('bfloat16', 'bfloat16', 'int8', 'int8')","((-1, -1),)","((-1, -1), (-1, -1), None, None)","((-1, -1),)","('ND',)","('ND',)","(((1, None), (1, None)), ((1, None), (1, None)), None, None)","(((1, None), (1, None)),)","((None, None),)",,1e-08,(),(),(),mat_mul_v3,(),(),True,True,(),(),True,,,0,,,(),(),(),,,,,,,"{'save_temp_cce_file': True, 'op_debug_config': 'dump_cce'}",{'save_temp_cce_file': True},DYN_OFF,"(44, 49, 48)",DYN_OFF,STC_OFF,CST_OFF,bin_op_mat_mul_v3_M_28672_K_4096_N_7168_case1818,DYN_OFF,STC_OFF,CST_OFF,32,DYN_OFF,STC_OFF,CST_OFF,166.053,DYN_OFF,STC_OFF,CST_OFF,668.9670429019651,DYN_OFF,STC_OFF,CST_OFF,23.185214042663574,PASS,DYN_OFF,STC_OFF,DYN_OFF,CST_OFF,CST_OFF,99.96962774367559%,DYN_OFF,PASS,UNKNOWN,UNKNOWN,UNKNOWN,"OK,OK",PASS,DYN_OFF (DYN_OFF),"('DYN_OFF', False)",1 (0x0000000000000001),"(32, 7168, 576, 7168, 224, 256, 256, 224, 256, 64, 7168, 1, 1, 1, 1, 0, 0, 16843264, 0, 224, 1, 0)",False,DYN_OFF,DYN_OFF,,,,,"(20971520,)",DYN_OFF,STC_OFF,CST_OFF,STC_OFF,CST_OFF,111017984,8257536,Ascend910_9589
mat_mul_v3_M_1_K_2304_N_7168_case1516,UNKNOWN,mat_mul_v3,"('bfloat16', 'bfloat16', 'int8', 'int8')","((1, 2304), (2304, 7168), None, None)","((1, 7168),)","('ND',)","('ND',)","{'transpose_x1': False, 'transpose_x2': False}","{'transpose_x1': False, 'transpose_x2': False}","((1, 2304), (2304, 7168), None, None)","('bfloat16',)","((1, 7168),)","('ND',)","('ND',)","((-1, -1), (-1, -1), None, None)","('bfloat16', 'bfloat16', 'int8', 'int8')","((-1, -1),)","((-1, -1), (-1, -1), None, None)","((-1, -1),)","('ND',)","('ND',)","(((1, None), (1, None)), ((1, None), (1, None)), None, None)","(((1, None), (1, None)),)","((None, None),)",,1e-08,(),(),(),mat_mul_v3,(),(),True,True,(),(),True,,,0,,,(),(),(),,,,,,,"{'save_temp_cce_file': True, 'op_debug_config': 'dump_cce'}",{'save_temp_cce_file': True},DYN_OFF,"(40, 44, 46)",DYN_OFF,STC_OFF,CST_OFF,bin_op_mat_mul_v3_M_28672_K_4096_N_7168_case1818,DYN_OFF,STC_OFF,CST_OFF,32,DYN_OFF,STC_OFF,CST_OFF,24.696,DYN_OFF,STC_OFF,CST_OFF,1246.3298398466761,DYN_OFF,STC_OFF,CST_OFF,23.185214042663574,PASS,DYN_OFF,STC_OFF,DYN_OFF,CST_OFF,CST_OFF,99.98604910714286%,DYN_OFF,PASS,UNKNOWN,UNKNOWN,UNKNOWN,"OK,OK",PASS,DYN_OFF (DYN_OFF),"('DYN_OFF', False)",1 (0x0000000000000001),"(32, 1, 7168, 2304, 16, 224, 256, 16, 224, 64, 2304, 1, 1, 1, 1, 0, 0, 16908800, 0, 16, 1, 0)",False,DYN_OFF,DYN_OFF,,,,,"(20971520,)",DYN_OFF,STC_OFF,CST_OFF,STC_OFF,CST_OFF,33034752,14336,Ascend910_9589
mat_mul_v3_M_8192_K_128_N_7168_case1238,UNKNOWN,mat_mul_v3,"('bfloat16', 'bfloat16', 'int8', 'int8')","((8192, 128), (128, 7168), None, None)","((8192, 7168),)","('ND',)","('ND',)","{'transpose_x1': False, 'transpose_x2': False}","{'transpose_x1': False, 'transpose_x2': False}","((8192, 128), (128, 7168), None, None)","('bfloat16',)","((8192, 7168),)","('ND',)","('ND',)","((-1, -1), (-1, -1), None, None)","('bfloat16', 'bfloat16', 'int8', 'int8')","((-1, -1),)","((-1, -1), (-1, -1), None, None)","((-1, -1),)","('ND',)","('ND',)","(((1, None), (1, None)), ((1, None), (1, None)), None, None)","(((1, None), (1, None)),)","((None, None),)",,1e-08,(),(),(),mat_mul_v3,(),(),True,True,(),(),True,,,0,,,(),(),(),,,,,,,"{'save_temp_cce_file': True, 'op_debug_config': 'dump_cce'}",{'save_temp_cce_file': True},DYN_OFF,"(43, 48, 42)",DYN_OFF,STC_OFF,CST_OFF,bin_op_mat_mul_v3_M_28672_K_4096_N_7168_case1818,DYN_OFF,STC_OFF,CST_OFF,32,DYN_OFF,STC_OFF,CST_OFF,43.621,DYN_OFF,STC_OFF,CST_OFF,2591.346126292382,DYN_OFF,STC_OFF,CST_OFF,23.185214042663574,PASS,DYN_OFF,STC_OFF,DYN_OFF,CST_OFF,CST_OFF,99.99724456242153%,DYN_OFF,PASS,UNKNOWN,UNKNOWN,UNKNOWN,"OK,OK",PASS,DYN_OFF (DYN_OFF),"('DYN_OFF', False)",1 (0x0000000000000001),"(32, 8192, 7168, 128, 256, 256, 256, 256, 256, 64, 128, 1, 1, 1, 1, 0, 0, 16843264, 0, 256, 1, 0)",False,DYN_OFF,DYN_OFF,,,,,"(20971520,)",DYN_OFF,STC_OFF,CST_OFF,STC_OFF,CST_OFF,3932160,117440512,Ascend910_9589
mat_mul_v3_M_30720_K_7168_N_18432_case1851,UNKNOWN,mat_mul_v3,"('bfloat16', 'bfloat16', 'int8', 'int8')","((30720, 7168), (7168, 18432), None, None)","((30720, 18432),)","('ND',)","('ND',)","{'transpose_x1': False, 'transpose_x2': False}","{'transpose_x1': False, 'transpose_x2': False}","((30720, 7168), (7168, 18432), None, None)","('bfloat16',)","((30720, 18432),)","('ND',)","('ND',)","((-1, -1), (-1, -1), None, None)","('bfloat16', 'bfloat16', 'int8', 'int8')","((-1, -1),)","((-1, -1), (-1, -1), None, None)","((-1, -1),)","('ND',)","('ND',)","(((1, None), (1, None)), ((1, None), (1, None)), None, None)","(((1, None), (1, None)),)","((None, None),)",,1e-08,(),(),(),mat_mul_v3,(),(),True,True,(),(),True,,,0,,,(),(),(),,,,,,,"{'save_temp_cce_file': True, 'op_debug_config': 'dump_cce'}",{'save_temp_cce_file': True},DYN_OFF,"(42, 47, 41)",DYN_OFF,STC_OFF,CST_OFF,bin_op_mat_mul_v3_M_28672_K_4096_N_7168_case1818,DYN_OFF,STC_OFF,CST_OFF,32,DYN_OFF,STC_OFF,CST_OFF,18808.879,DYN_OFF,STC_OFF,CST_OFF,90.96435252733563,DYN_OFF,STC_OFF,CST_OFF,23.185214042663574,PASS,DYN_OFF,STC_OFF,DYN_OFF,CST_OFF,CST_OFF,99.96988879309761%,DYN_OFF,PASS,UNKNOWN,UNKNOWN,UNKNOWN,"OK,OK",PASS,DYN_OFF (DYN_OFF),"('DYN_OFF', False)",1 (0x0000000000000001),"(32, 30720, 18432, 7168, 256, 256, 256, 256, 256, 64, 7168, 1, 1, 1, 1, 0, 0, 16843264, 0, 256, 1, 0)",False,DYN_OFF,DYN_OFF,,,,,"(20971520,)",DYN_OFF,STC_OFF,CST_OFF,STC_OFF,CST_OFF,704643072,1132462080,Ascend910_9589
mat_mul_v3_M_2_K_4096_N_4608_case531,UNKNOWN,mat_mul_v3,"('bfloat16', 'bfloat16', 'int8', 'int8')","((2, 4096), (4096, 4608), None, None)","((2, 4608),)","('ND',)","('ND',)","{'transpose_x1': False, 'transpose_x2': False}","{'transpose_x1': False, 'transpose_x2': False}","((2, 4096), (4096, 4608), None, None)","('bfloat16',)","((2, 4608),)","('ND',)","('ND',)","((-1, -1), (-1, -1), None, None)","('bfloat16', 'bfloat16', 'int8', 'int8')","((-1, -1),)","((-1, -1), (-1, -1), None, None)","((-1, -1),)","('ND',)","('ND',)","(((1, None), (1, None)), ((1, None), (1, None)), None, None)","(((1, None), (1, None)),)","((None, None),)",,1e-08,(),(),(),mat_mul_v3,(),(),True,True,(),(),True,,,0,,,(),(),(),,,,,,,"{'save_temp_cce_file': True, 'op_debug_config': 'dump_cce'}",{'save_temp_cce_file': True},DYN_OFF,"(37, 47, 44)",DYN_OFF,STC_OFF,CST_OFF,bin_op_mat_mul_v3_M_28672_K_4096_N_7168_case1818,DYN_OFF,STC_OFF,CST_OFF,32,DYN_OFF,STC_OFF,CST_OFF,31.082,DYN_OFF,STC_OFF,CST_OFF,1132.1238957196388,DYN_OFF,STC_OFF,CST_OFF,23.185214042663574,PASS,DYN_OFF,STC_OFF,DYN_OFF,CST_OFF,CST_OFF,99.96744791666666%,DYN_OFF,PASS,UNKNOWN,UNKNOWN,UNKNOWN,"OK,OK",PASS,DYN_OFF (DYN_OFF),"('DYN_OFF', False)",1 (0x0000000000000001),"(32, 2, 4608, 4096, 16, 144, 448, 16, 144, 112, 4096, 1, 1, 1, 1, 0, 0, 16908800, 0, 16, 1, 0)",False,DYN_OFF,DYN_OFF,,,,,"(20971520,)",DYN_OFF,STC_OFF,CST_OFF,STC_OFF,CST_OFF,37765120,18432,Ascend910_9589
mat_mul_v3_M_57344_K_4096_N_128_case261,UNKNOWN,mat_mul_v3,"('bfloat16', 'bfloat16', 'int8', 'int8')","((57344, 4096), (4096, 128), None, None)","((57344, 128),)","('ND',)","('ND',)","{'transpose_x1': False, 'transpose_x2': False}","{'transpose_x1': False, 'transpose_x2': False}","((57344, 4096), (4096, 128), None, None)","('bfloat16',)","((57344, 128),)","('ND',)","('ND',)","((-1, -1), (-1, -1), None, None)","('bfloat16', 'bfloat16', 'int8', 'int8')","((-1, -1),)","((-1, -1), (-1, -1), None, None)","((-1, -1),)","('ND',)","('ND',)","(((1, None), (1, None)), ((1, None), (1, None)), None, None)","(((1, None), (1, None)),)","((None, None),)",,1e-08,(),(),(),mat_mul_v3,(),(),True,True,(),(),True,,,0,,,(),(),(),,,,,,,"{'save_temp_cce_file': True, 'op_debug_config': 'dump_cce'}",{'save_temp_cce_file': True},DYN_OFF,"(39, 44, 50)",DYN_OFF,STC_OFF,CST_OFF,bin_op_mat_mul_v3_M_28672_K_4096_N_7168_case1818,DYN_OFF,STC_OFF,CST_OFF,32,DYN_OFF,STC_OFF,CST_OFF,300.388,DYN_OFF,STC_OFF,CST_OFF,1505.2147139699323,DYN_OFF,STC_OFF,CST_OFF,23.185214042663574,PASS,DYN_OFF,STC_OFF,DYN_OFF,CST_OFF,CST_OFF,99.97596740722656%,DYN_OFF,PASS,UNKNOWN,UNKNOWN,UNKNOWN,"OK,OK",PASS,DYN_OFF (DYN_OFF),"('DYN_OFF', False)",1 (0x0000000000000001),"(32, 57344, 128, 4096, 256, 128, 256, 256, 128, 64, 4096, 1, 1, 1, 1, 0, 0, 16908800, 1, 256, 1, 0)",False,DYN_OFF,DYN_OFF,,,,,"(20971520,)",DYN_OFF,STC_OFF,CST_OFF,STC_OFF,CST_OFF,470810624,14680064,Ascend910_9589
mat_mul_v3_M_8192_K_1536_N_4096_case428,UNKNOWN,mat_mul_v3,"('bfloat16', 'bfloat16', 'int8', 'int8')","((8192, 1536), (1536, 4096), None, None)","((8192, 4096),)","('ND',)","('ND',)","{'transpose_x1': False, 'transpose_x2': False}","{'transpose_x1': False, 'transpose_x2': False}","((8192, 1536), (1536, 4096), None, None)","('bfloat16',)","((8192, 4096),)","('ND',)","('ND',)","((-1, -1), (-1, -1), None, None)","('bfloat16', 'bfloat16', 'int8', 'int8')","((-1, -1),)","((-1, -1), (-1, -1), None, None)","((-1, -1),)","('ND',)","('ND',)","(((1, None), (1, None)), ((1, None), (1, None)), None, None)","(((1, None), (1, None)),)","((None, None),)",,1e-08,(),(),(),mat_mul_v3,(),(),True,True,(),(),True,,,0,,,(),(),(),,,,,,,"{'save_temp_cce_file': True, 'op_debug_config': 'dump_cce'}",{'save_temp_cce_file': True},DYN_OFF,"(40, 50, 36)",DYN_OFF,STC_OFF,CST_OFF,bin_op_mat_mul_v3_M_28672_K_4096_N_7168_case1818,DYN_OFF,STC_OFF,CST_OFF,32,DYN_OFF,STC_OFF,CST_OFF,246.865,DYN_OFF,STC_OFF,CST_OFF,395.5856439754522,DYN_OFF,STC_OFF,CST_OFF,23.185214042663574,PASS,DYN_OFF,STC_OFF,DYN_OFF,CST_OFF,CST_OFF,99.98382031917572%,DYN_OFF,PASS,UNKNOWN,UNKNOWN,UNKNOWN,"OK,OK",PASS,DYN_OFF (DYN_OFF),"('DYN_OFF', False)",1 (0x0000000000000001),"(32, 8192, 4096, 1536, 256, 256, 256, 256, 256, 64, 1536, 1, 1, 1, 1, 0, 0, 16843264, 0, 256, 1, 0)",False,DYN_OFF,DYN_OFF,,,,,"(20971520,)",DYN_OFF,STC_OFF,CST_OFF,STC_OFF,CST_OFF,37748736,67108864,Ascend910_9589
mat_mul_v3_M_2048_K_256_N_4096_case134,UNKNOWN,mat_mul_v3,"('bfloat16', 'bfloat16', 'int8', 'int8')","((2048, 256), (256, 4096), None, None)","((2048, 4096),)","('ND',)","('ND',)","{'transpose_x1': False, 'transpose_x2': False}","{'transpose_x1': False, 'transpose_x2': False}","((2048, 256), (256, 4096), None, None)","('bfloat16',)","((2048, 4096),)","('ND',)","('ND',)","((-1, -1), (-1, -1), None, None)","('bfloat16', 'bfloat16', 'int8', 'int8')","((-1, -1),)","((-1, -1), (-1, -1), None, None)","((-1, -1),)","('ND',)","('ND',)","(((1, None), (1, None)), ((1, None), (1, None)), None, None)","(((1, None), (1, None)),)","((None, None),)",,1e-08,(),(),(),mat_mul_v3,(),(),True,True,(),(),True,,,0,,,(),(),(),,,,,,,"{'save_temp_cce_file': True, 'op_debug_config': 'dump_cce'}",{'save_temp_cce_file': True},DYN_OFF,"(43, 46, 50)",DYN_OFF,STC_OFF,CST_OFF,bin_op_mat_mul_v3_M_28672_K_4096_N_7168_case1818,DYN_OFF,STC_OFF,CST_OFF,32,DYN_OFF,STC_OFF,CST_OFF,14.836,DYN_OFF,STC_OFF,CST_OFF,1250.652972499326,DYN_OFF,STC_OFF,CST_OFF,23.185214042663574,PASS,DYN_OFF,STC_OFF,DYN_OFF,CST_OFF,CST_OFF,99.99525547027588%,DYN_OFF,PASS,UNKNOWN,UNKNOWN,UNKNOWN,"OK,OK",PASS,DYN_OFF (DYN_OFF),"('DYN_OFF', False)",1 (0x0000000000000001),"(32, 2048, 4096, 256, 256, 256, 256, 256, 256, 64, 256, 1, 1, 1, 1, 0, 0, 16843264, 0, 256, 1, 0)",False,DYN_OFF,DYN_OFF,,,,,"(20971520,)",DYN_OFF,STC_OFF,CST_OFF,STC_OFF,CST_OFF,3145728,16777216,Ascend910_9589
mat_mul_v3_M_20480_K_192_N_4096_case483,UNKNOWN,mat_mul_v3,"('bfloat16', 'bfloat16', 'int8', 'int8')","((20480, 192), (192, 4096), None, None)","((20480, 4096),)","('ND',)","('ND',)","{'transpose_x1': False, 'transpose_x2': False}","{'transpose_x1': False, 'transpose_x2': False}","((20480, 192), (192, 4096), None, None)","('bfloat16',)","((20480, 4096),)","('ND',)","('ND',)","((-1, -1), (-1, -1), None, None)","('bfloat16', 'bfloat16', 'int8', 'int8')","((-1, -1),)","((-1, -1), (-1, -1), None, None)","((-1, -1),)","('ND',)","('ND',)","(((1, None), (1, None)), ((1, None), (1, None)), None, None)","(((1, None), (1, None)),)","((None, None),)",,1e-08,(),(),(),mat_mul_v3,(),(),True,True,(),(),True,,,0,,,(),(),(),,,,,,,"{'save_temp_cce_file': True, 'op_debug_config': 'dump_cce'}",{'save_temp_cce_file': True},DYN_OFF,"(44, 50, 90)",DYN_OFF,STC_OFF,CST_OFF,bin_op_mat_mul_v3_M_28672_K_4096_N_7168_case1818,DYN_OFF,STC_OFF,CST_OFF,32,DYN_OFF,STC_OFF,CST_OFF,90.908,DYN_OFF,STC_OFF,CST_OFF,1815.451472917675,DYN_OFF,STC_OFF,CST_OFF,23.185214042663574,PASS,DYN_OFF,STC_OFF,DYN_OFF,CST_OFF,CST_OFF,99.9961519241333%,DYN_OFF,PASS,UNKNOWN,UNKNOWN,UNKNOWN,"OK,OK",PASS,DYN_OFF (DYN_OFF),"('DYN_OFF', False)",1 (0x0000000000000001),"(32, 20480, 4096, 192, 256, 256, 256, 256, 256, 64, 192, 1, 1, 1, 1, 0, 0, 16843264, 0, 256, 1, 0)",False,DYN_OFF,DYN_OFF,,,,,"(20971520,)",DYN_OFF,STC_OFF,CST_OFF,STC_OFF,CST_OFF,9437184,167772160,Ascend910_9589
mat_mul_v3_M_5120_K_128_N_4096_case177,UNKNOWN,mat_mul_v3,"('bfloat16', 'bfloat16', 'int8', 'int8')","((5120, 128), (128, 4096), None, None)","((5120, 4096),)","('ND',)","('ND',)","{'transpose_x1': False, 'transpose_x2': False}","{'transpose_x1': False, 'transpose_x2': False}","((5120, 128), (128, 4096), None, None)","('bfloat16',)","((5120, 4096),)","('ND',)","('ND',)","((-1, -1), (-1, -1), None, None)","('bfloat16', 'bfloat16', 'int8', 'int8')","((-1, -1),)","((-1, -1), (-1, -1), None, None)","((-1, -1),)","('ND',)","('ND',)","(((1, None), (1, None)), ((1, None), (1, None)), None, None)","(((1, None), (1, None)),)","((None, None),)",,1e-08,(),(),(),mat_mul_v3,(),(),True,True,(),(),True,,,0,,,(),(),(),,,,,,,"{'save_temp_cce_file': True, 'op_debug_config': 'dump_cce'}",{'save_temp_cce_file': True},DYN_OFF,"(38, 43, 45)",DYN_OFF,STC_OFF,CST_OFF,bin_op_mat_mul_v3_M_28672_K_4096_N_7168_case1818,DYN_OFF,STC_OFF,CST_OFF,32,DYN_OFF,STC_OFF,CST_OFF,19.34,DYN_OFF,STC_OFF,CST_OFF,2133.390156411582,DYN_OFF,STC_OFF,CST_OFF,23.185214042663574,PASS,DYN_OFF,STC_OFF,DYN_OFF,CST_OFF,CST_OFF,99.99724388122559%,DYN_OFF,PASS,UNKNOWN,UNKNOWN,UNKNOWN,"OK,OK",PASS,DYN_OFF (DYN_OFF),"('DYN_OFF', False)",1 (0x0000000000000001),"(32, 5120, 4096, 128, 256, 256, 256, 256, 256, 64, 128, 1, 1, 1, 1, 0, 0, 16843264, 0, 256, 1, 0)",False,DYN_OFF,DYN_OFF,,,,,"(20971520,)",DYN_OFF,STC_OFF,CST_OFF,STC_OFF,CST_OFF,2359296,41943040,Ascend910_9589
mat_mul_v3_M_64_K_7168_N_2112_case765,UNKNOWN,mat_mul_v3,"('bfloat16', 'bfloat16', 'int8', 'int8')","((64, 7168), (7168, 2112), None, None)","((64, 2112),)","('ND',)","('ND',)","{'transpose_x1': False, 'transpose_x2': False}","{'transpose_x1': False, 'transpose_x2': False}","((64, 7168), (7168, 2112), None, None)","('bfloat16',)","((64, 2112),)","('ND',)","('ND',)","((-1, -1), (-1, -1), None, None)","('bfloat16', 'bfloat16', 'int8', 'int8')","((-1, -1),)","((-1, -1), (-1, -1), None, None)","((-1, -1),)","('ND',)","('ND',)","(((1, None), (1, None)), ((1, None), (1, None)), None, None)","(((1, None), (1, None)),)","((None, None),)",,1e-08,(),(),(),mat_mul_v3,(),(),True,True,(),(),True,,,0,,,(),(),(),,,,,,,"{'save_temp_cce_file': True, 'op_debug_config': 'dump_cce'}",{'save_temp_cce_file': True},DYN_OFF,"(33, 44, 33)",DYN_OFF,STC_OFF,CST_OFF,bin_op_mat_mul_v3_M_28672_K_4096_N_7168_case1818,DYN_OFF,STC_OFF,CST_OFF,32,DYN_OFF,STC_OFF,CST_OFF,29.457,DYN_OFF,STC_OFF,CST_OFF,994.8231114686238,DYN_OFF,STC_OFF,CST_OFF,23.185214042663574,PASS,DYN_OFF,STC_OFF,DYN_OFF,CST_OFF,CST_OFF,99.97632575757575%,DYN_OFF,PASS,UNKNOWN,UNKNOWN,UNKNOWN,"OK,OK",PASS,DYN_OFF (DYN_OFF),"('DYN_OFF', False)",4097 (0x0000000000001001),"(32, 64, 2112, 7168, 64, 240, 256, 64, 240, 64, 2390, 1, 1, 1, 1, 0, 0, 16843264, 0, 64, 1, 0)",False,DYN_OFF,DYN_OFF,,,,,"(29360128,)",DYN_OFF,STC_OFF,CST_OFF,STC_OFF,CST_OFF,31195136,270336,Ascend910_9589
mat_mul_v3_M_3584_K_7168_N_256_case1346,UNKNOWN,mat_mul_v3,"('bfloat16', 'bfloat16', 'int8', 'int8')","((3584, 7168), (7168, 256), None, None)","((3584, 256),)","('ND',)","('ND',)","{'transpose_x1': False, 'transpose_x2': False}","{'transpose_x1': False, 'transpose_x2': False}","((3584, 7168), (7168, 256), None, None)","('bfloat16',)","((3584, 256),)","('ND',)","('ND',)","((-1, -1), (-1, -1), None, None)","('bfloat16', 'bfloat16', 'int8', 'int8')","((-1, -1),)","((-1, -1), (-1, -1), None, None)","((-1, -1),)","('ND',)","('ND',)","(((1, None), (1, None)), ((1, None), (1, None)), None, None)","(((1, None), (1, None)),)","((None, None),)",,1e-08,(),(),(),mat_mul_v3,(),(),True,True,(),(),True,,,0,,,(),(),(),,,,,,,"{'save_temp_cce_file': True, 'op_debug_config': 'dump_cce'}",{'save_temp_cce_file': True},DYN_OFF,"(48, 47, 52)",DYN_OFF,STC_OFF,CST_OFF,bin_op_mat_mul_v3_M_28672_K_4096_N_7168_case1818,DYN_OFF,STC_OFF,CST_OFF,32,DYN_OFF,STC_OFF,CST_OFF,52.672,DYN_OFF,STC_OFF,CST_OFF,1005.8193276313791,DYN_OFF,STC_OFF,CST_OFF,23.185214042663574,PASS,DYN_OFF,STC_OFF,DYN_OFF,CST_OFF,CST_OFF,99.97002737862724%,DYN_OFF,PASS,UNKNOWN,UNKNOWN,UNKNOWN,"OK,OK",PASS,DYN_OFF (DYN_OFF),"('DYN_OFF', False)",4097 (0x0000000000001001),"(32, 3584, 256, 7168, 224, 256, 256, 224, 256, 64, 3584, 1, 1, 1, 1, 0, 0, 16843264, 0, 224, 1, 0)",False,DYN_OFF,DYN_OFF,,,,,"(29360128,)",DYN_OFF,STC_OFF,CST_OFF,STC_OFF,CST_OFF,55050240,1835008,Ascend910_9589
mat_mul_v3_M_7168_K_4096_N_640_case84,UNKNOWN,mat_mul_v3,"('bfloat16', 'bfloat16', 'int8', 'int8')","((7168, 4096), (4096, 640), None, None)","((7168, 640),)","('ND',)","('ND',)","{'transpose_x1': False, 'transpose_x2': False}","{'transpose_x1': False, 'transpose_x2': False}","((7168, 4096), (4096, 640), None, None)","('bfloat16',)","((7168, 640),)","('ND',)","('ND',)","((-1, -1), (-1, -1), None, None)","('bfloat16', 'bfloat16', 'int8', 'int8')","((-1, -1),)","((-1, -1), (-1, -1), None, None)","((-1, -1),)","('ND',)","('ND',)","(((1, None), (1, None)), ((1, None), (1, None)), None, None)","(((1, None), (1, None)),)","((None, None),)",,1e-08,(),(),(),mat_mul_v3,(),(),True,True,(),(),True,,,0,,,(),(),(),,,,,,,"{'save_temp_cce_file': True, 'op_debug_config': 'dump_cce'}",{'save_temp_cce_file': True},DYN_OFF,"(49, 50, 45)",DYN_OFF,STC_OFF,CST_OFF,bin_op_mat_mul_v3_M_28672_K_4096_N_7168_case1818,DYN_OFF,STC_OFF,CST_OFF,32,DYN_OFF,STC_OFF,CST_OFF,98.357,DYN_OFF,STC_OFF,CST_OFF,692.5306218672794,DYN_OFF,STC_OFF,CST_OFF,23.185214042663574,PASS,DYN_OFF,STC_OFF,DYN_OFF,CST_OFF,CST_OFF,99.97663225446428%,DYN_OFF,PASS,UNKNOWN,UNKNOWN,UNKNOWN,"OK,OK",PASS,DYN_OFF (DYN_OFF),"('DYN_OFF', False)",1 (0x0000000000000001),"(32, 7168, 640, 4096, 224, 256, 256, 224, 256, 64, 4096, 1, 1, 1, 1, 0, 0, 16843264, 0, 224, 1, 0)",False,DYN_OFF,DYN_OFF,,,,,"(20971520,)",DYN_OFF,STC_OFF,CST_OFF,STC_OFF,CST_OFF,63963136,9175040,Ascend910_9589
mat_mul_v3_M_3584_K_1024_N_7168_case1233,UNKNOWN,mat_mul_v3,"('bfloat16', 'bfloat16', 'int8', 'int8')","((3584, 1024), (1024, 7168), None, None)","((3584, 7168),)","('ND',)","('ND',)","{'transpose_x1': False, 'transpose_x2': False}","{'transpose_x1': False, 'transpose_x2': False}","((3584, 1024), (1024, 7168), None, None)","('bfloat16',)","((3584, 7168),)","('ND',)","('ND',)","((-1, -1), (-1, -1), None, None)","('bfloat16', 'bfloat16', 'int8', 'int8')","((-1, -1),)","((-1, -1), (-1, -1), None, None)","((-1, -1),)","('ND',)","('ND',)","(((1, None), (1, None)), ((1, None), (1, None)), None, None)","(((1, None), (1, None)),)","((None, None),)",,1e-08,(),(),(),mat_mul_v3,(),(),True,True,(),(),True,,,0,,,(),(),(),,,,,,,"{'save_temp_cce_file': True, 'op_debug_config': 'dump_cce'}",{'save_temp_cce_file': True},DYN_OFF,"(45, 50, 59)",DYN_OFF,STC_OFF,CST_OFF,bin_op_mat_mul_v3_M_28672_K_4096_N_7168_case1818,DYN_OFF,STC_OFF,CST_OFF,32,DYN_OFF,STC_OFF,CST_OFF,130.767,DYN_OFF,STC_OFF,CST_OFF,522.7570793854719,DYN_OFF,STC_OFF,CST_OFF,23.185214042663574,PASS,DYN_OFF,STC_OFF,DYN_OFF,CST_OFF,CST_OFF,99.9861970239756%,DYN_OFF,PASS,UNKNOWN,UNKNOWN,UNKNOWN,"OK,OK",PASS,DYN_OFF (DYN_OFF),"('DYN_OFF', False)",1 (0x0000000000000001),"(32, 3584, 7168, 1024, 256, 256, 256, 256, 256, 64, 1024, 2, 2, 1, 1, 0, 0, 16843264, 0, 256, 1, 0)",False,DYN_OFF,DYN_OFF,,,,,"(20971520,)",DYN_OFF,STC_OFF,CST_OFF,STC_OFF,CST_OFF,22020096,51380224,Ascend910_9589
mat_mul_v3_M_2_K_2304_N_7168_case1625,UNKNOWN,mat_mul_v3,"('bfloat16', 'bfloat16', 'int8', 'int8')","((2, 2304), (2304, 7168), None, None)","((2, 7168),)","('ND',)","('ND',)","{'transpose_x1': False, 'transpose_x2': False}","{'transpose_x1': False, 'transpose_x2': False}","((2, 2304), (2304, 7168), None, None)","('bfloat16',)","((2, 7168),)","('ND',)","('ND',)","((-1, -1), (-1, -1), None, None)","('bfloat16', 'bfloat16', 'int8', 'int8')","((-1, -1),)","((-1, -1), (-1, -1), None, None)","((-1, -1),)","('ND',)","('ND',)","(((1, None), (1, None)), ((1, None), (1, None)), None, None)","(((1, None), (1, None)),)","((None, None),)",,1e-08,(),(),(),mat_mul_v3,(),(),True,True,(),(),True,,,0,,,(),(),(),,,,,,,"{'save_temp_cce_file': True, 'op_debug_config': 'dump_cce'}",{'save_temp_cce_file': True},DYN_OFF,"(40, 44, 44)",DYN_OFF,STC_OFF,CST_OFF,bin_op_mat_mul_v3_M_28672_K_4096_N_7168_case1818,DYN_OFF,STC_OFF,CST_OFF,32,DYN_OFF,STC_OFF,CST_OFF,24.593,DYN_OFF,STC_OFF,CST_OFF,1252.267096316311,DYN_OFF,STC_OFF,CST_OFF,23.185214042663574,PASS,DYN_OFF,STC_OFF,DYN_OFF,CST_OFF,CST_OFF,99.98604910714286%,DYN_OFF,PASS,UNKNOWN,UNKNOWN,UNKNOWN,"OK,OK",PASS,DYN_OFF (DYN_OFF),"('DYN_OFF', False)",1 (0x0000000000000001),"(32, 2, 7168, 2304, 16, 224, 256, 16, 224, 64, 2304, 1, 1, 1, 1, 0, 0, 16908800, 0, 16, 1, 0)",False,DYN_OFF,DYN_OFF,,,,,"(20971520,)",DYN_OFF,STC_OFF,CST_OFF,STC_OFF,CST_OFF,33039360,28672,Ascend910_9589
mat_mul_v3_M_8_K_4096_N_1536_case369,UNKNOWN,mat_mul_v3,"('bfloat16', 'bfloat16', 'int8', 'int8')","((8, 4096), (4096, 1536), None, None)","((8, 1536),)","('ND',)","('ND',)","{'transpose_x1': False, 'transpose_x2': False}","{'transpose_x1': False, 'transpose_x2': False}","((8, 4096), (4096, 1536), None, None)","('bfloat16',)","((8, 1536),)","('ND',)","('ND',)","((-1, -1), (-1, -1), None, None)","('bfloat16', 'bfloat16', 'int8', 'int8')","((-1, -1),)","((-1, -1), (-1, -1), None, None)","((-1, -1),)","('ND',)","('ND',)","(((1, None), (1, None)), ((1, None), (1, None)), None, None)","(((1, None), (1, None)),)","((None, None),)",,1e-08,(),(),(),mat_mul_v3,(),(),True,True,(),(),True,,,0,,,(),(),(),,,,,,,"{'save_temp_cce_file': True, 'op_debug_config': 'dump_cce'}",{'save_temp_cce_file': True},DYN_OFF,"(41, 43, 41)",DYN_OFF,STC_OFF,CST_OFF,bin_op_mat_mul_v3_M_28672_K_4096_N_7168_case1818,DYN_OFF,STC_OFF,CST_OFF,32,DYN_OFF,STC_OFF,CST_OFF,11.9,DYN_OFF,STC_OFF,CST_OFF,991.8212890625,DYN_OFF,STC_OFF,CST_OFF,23.185214042663574,PASS,DYN_OFF,STC_OFF,DYN_OFF,CST_OFF,CST_OFF,99.98372395833334%,DYN_OFF,PASS,UNKNOWN,UNKNOWN,UNKNOWN,"OK,OK",PASS,DYN_OFF (DYN_OFF),"('DYN_OFF', False)",4097 (0x0000000000001001),"(32, 8, 1536, 4096, 16, 256, 256, 16, 256, 64, 820, 1, 1, 1, 1, 0, 0, 16843264, 0, 16, 1, 0)",False,DYN_OFF,DYN_OFF,,,,,"(29360128,)",DYN_OFF,STC_OFF,CST_OFF,STC_OFF,CST_OFF,12648448,24576,Ascend910_9589
mat_mul_v3_M_8_K_144_N_7168_case1592,UNKNOWN,mat_mul_v3,"('bfloat16', 'bfloat16', 'int8', 'int8')","((8, 144), (144, 7168), None, None)","((8, 7168),)","('ND',)","('ND',)","{'transpose_x1': False, 'transpose_x2': False}","{'transpose_x1': False, 'transpose_x2': False}","((8, 144), (144, 7168), None, None)","('bfloat16',)","((8, 7168),)","('ND',)","('ND',)","((-1, -1), (-1, -1), None, None)","('bfloat16', 'bfloat16', 'int8', 'int8')","((-1, -1),)","((-1, -1), (-1, -1), None, None)","((-1, -1),)","('ND',)","('ND',)","(((1, None), (1, None)), ((1, None), (1, None)), None, None)","(((1, None), (1, None)),)","((None, None),)",,1e-08,(),(),(),mat_mul_v3,(),(),True,True,(),(),True,,,0,,,(),(),(),,,,,,,"{'save_temp_cce_file': True, 'op_debug_config': 'dump_cce'}",{'save_temp_cce_file': True},DYN_OFF,"(41, 48, 39)",DYN_OFF,STC_OFF,CST_OFF,bin_op_mat_mul_v3_M_28672_K_4096_N_7168_case1818,DYN_OFF,STC_OFF,CST_OFF,32,DYN_OFF,STC_OFF,CST_OFF,4.81,DYN_OFF,STC_OFF,CST_OFF,422.36272609655185,DYN_OFF,STC_OFF,CST_OFF,23.185214042663574,PASS,DYN_OFF,STC_OFF,DYN_OFF,CST_OFF,CST_OFF,99.99825613839286%,DYN_OFF,PASS,UNKNOWN,UNKNOWN,UNKNOWN,"OK,OK",PASS,DYN_OFF (DYN_OFF),"('DYN_OFF', False)",1 (0x0000000000000001),"(32, 8, 7168, 144, 16, 224, 256, 16, 224, 64, 144, 1, 1, 1, 1, 0, 0, 16908800, 0, 16, 1, 0)",False,DYN_OFF,DYN_OFF,,,,,"(20971520,)",DYN_OFF,STC_OFF,CST_OFF,STC_OFF,CST_OFF,2066688,114688,Ascend910_9589
mat_mul_v3_M_40960_K_128_N_7168_case1296,UNKNOWN,mat_mul_v3,"('bfloat16', 'bfloat16', 'int8', 'int8')","((40960, 128), (128, 7168), None, None)","((40960, 7168),)","('ND',)","('ND',)","{'transpose_x1': False, 'transpose_x2': False}","{'transpose_x1': False, 'transpose_x2': False}","((40960, 128), (128, 7168), None, None)","('bfloat16',)","((40960, 7168),)","('ND',)","('ND',)","((-1, -1), (-1, -1), None, None)","('bfloat16', 'bfloat16', 'int8', 'int8')","((-1, -1),)","((-1, -1), (-1, -1), None, None)","((-1, -1),)","('ND',)","('ND',)","(((1, None), (1, None)), ((1, None), (1, None)), None, None)","(((1, None), (1, None)),)","((None, None),)",,1e-08,(),(),(),mat_mul_v3,(),(),True,True,(),(),True,,,0,,,(),(),(),,,,,,,"{'save_temp_cce_file': True, 'op_debug_config': 'dump_cce'}",{'save_temp_cce_file': True},DYN_OFF,"(42, 49, 53)",DYN_OFF,STC_OFF,CST_OFF,bin_op_mat_mul_v3_M_28672_K_4096_N_7168_case1818,DYN_OFF,STC_OFF,CST_OFF,32,DYN_OFF,STC_OFF,CST_OFF,347.349,DYN_OFF,STC_OFF,CST_OFF,1607.4599592196896,DYN_OFF,STC_OFF,CST_OFF,23.185214042663574,PASS,DYN_OFF,STC_OFF,DYN_OFF,CST_OFF,CST_OFF,99.99720743724279%,DYN_OFF,PASS,UNKNOWN,UNKNOWN,UNKNOWN,"OK,OK",PASS,DYN_OFF (DYN_OFF),"('DYN_OFF', False)",1 (0x0000000000000001),"(32, 40960, 7168, 128, 256, 256, 256, 256, 256, 64, 128, 1, 1, 1, 1, 0, 0, 16843264, 0, 256, 1, 0)",False,DYN_OFF,DYN_OFF,,,,,"(20971520,)",DYN_OFF,STC_OFF,CST_OFF,STC_OFF,CST_OFF,12320768,587202560,Ascend910_9589
mat_mul_v3_M_20480_K_8192_N_7168_case1830,UNKNOWN,mat_mul_v3,"('bfloat16', 'bfloat16', 'int8', 'int8')","((20480, 8192), (8192, 7168), None, None)","((20480, 7168),)","('ND',)","('ND',)","{'transpose_x1': False, 'transpose_x2': False}","{'transpose_x1': False, 'transpose_x2': False}","((20480, 8192), (8192, 7168), None, None)","('bfloat16',)","((20480, 7168),)","('ND',)","('ND',)","((-1, -1), (-1, -1), None, None)","('bfloat16', 'bfloat16', 'int8', 'int8')","((-1, -1),)","((-1, -1), (-1, -1), None, None)","((-1, -1),)","('ND',)","('ND',)","(((1, None), (1, None)), ((1, None), (1, None)), None, None)","(((1, None), (1, None)),)","((None, None),)",,1e-08,(),(),(),mat_mul_v3,(),(),True,True,(),(),True,,,0,,,(),(),(),,,,,,,"{'save_temp_cce_file': True, 'op_debug_config': 'dump_cce'}",{'save_temp_cce_file': True},DYN_OFF,"(41, 49, 55)",DYN_OFF,STC_OFF,CST_OFF,bin_op_mat_mul_v3_M_28672_K_4096_N_7168_case1818,DYN_OFF,STC_OFF,CST_OFF,32,DYN_OFF,STC_OFF,CST_OFF,5577.772,DYN_OFF,STC_OFF,CST_OFF,124.65774864946074,DYN_OFF,STC_OFF,CST_OFF,23.185214042663574,PASS,DYN_OFF,STC_OFF,DYN_OFF,CST_OFF,CST_OFF,99.96807302747453%,DYN_OFF,PASS,UNKNOWN,UNKNOWN,UNKNOWN,"OK,OK",PASS,DYN_OFF (DYN_OFF),"('DYN_OFF', False)",1 (0x0000000000000001),"(32, 20480, 7168, 8192, 256, 256, 256, 256, 256, 64, 8192, 1, 1, 1, 1, 0, 0, 16843264, 0, 256, 1, 0)",False,DYN_OFF,DYN_OFF,,,,,"(20971520,)",DYN_OFF,STC_OFF,CST_OFF,STC_OFF,CST_OFF,452984832,293601280,Ascend910_9589
mat_mul_v3_M_8192_K_96_N_4096_case424,UNKNOWN,mat_mul_v3,"('bfloat16', 'bfloat16', 'int8', 'int8')","((8192, 96), (96, 4096), None, None)","((8192, 4096),)","('ND',)","('ND',)","{'transpose_x1': False, 'transpose_x2': False}","{'transpose_x1': False, 'transpose_x2': False}","((8192, 96), (96, 4096), None, None)","('bfloat16',)","((8192, 4096),)","('ND',)","('ND',)","((-1, -1), (-1, -1), None, None)","('bfloat16', 'bfloat16', 'int8', 'int8')","((-1, -1),)","((-1, -1), (-1, -1), None, None)","((-1, -1),)","('ND',)","('ND',)","(((1, None), (1, None)), ((1, None), (1, None)), None, None)","(((1, None), (1, None)),)","((None, None),)",,1e-08,(),(),(),mat_mul_v3,(),(),True,True,(),(),True,,,0,,,(),(),(),,,,,,,"{'save_temp_cce_file': True, 'op_debug_config': 'dump_cce'}",{'save_temp_cce_file': True},DYN_OFF,"(42, 49, 46)",DYN_OFF,STC_OFF,CST_OFF,bin_op_mat_mul_v3_M_28672_K_4096_N_7168_case1818,DYN_OFF,STC_OFF,CST_OFF,32,DYN_OFF,STC_OFF,CST_OFF,24.519,DYN_OFF,STC_OFF,CST_OFF,2638.6584128634936,DYN_OFF,STC_OFF,CST_OFF,23.185214042663574,PASS,DYN_OFF,STC_OFF,DYN_OFF,CST_OFF,CST_OFF,99.99772012233734%,DYN_OFF,PASS,UNKNOWN,UNKNOWN,UNKNOWN,"OK,OK",PASS,DYN_OFF (DYN_OFF),"('DYN_OFF', False)",1 (0x0000000000000001),"(32, 8192, 4096, 96, 256, 256, 256, 256, 256, 64, 96, 1, 1, 1, 1, 0, 0, 16843264, 0, 256, 1, 0)",False,DYN_OFF,DYN_OFF,,,,,"(20971520,)",DYN_OFF,STC_OFF,CST_OFF,STC_OFF,CST_OFF,2359296,67108864,Ascend910_9589
mat_mul_v3_M_1_K_1536_N_4096_case388,UNKNOWN,mat_mul_v3,"('bfloat16', 'bfloat16', 'int8', 'int8')","((1, 1536), (1536, 4096), None, None)","((1, 4096),)","('ND',)","('ND',)","{'transpose_x1': False, 'transpose_x2': False}","{'transpose_x1': False, 'transpose_x2': False}","((1, 1536), (1536, 4096), None, None)","('bfloat16',)","((1, 4096),)","('ND',)","('ND',)","((-1, -1), (-1, -1), None, None)","('bfloat16', 'bfloat16', 'int8', 'int8')","((-1, -1),)","((-1, -1), (-1, -1), None, None)","((-1, -1),)","('ND',)","('ND',)","(((1, None), (1, None)), ((1, None), (1, None)), None, None)","(((1, None), (1, None)),)","((None, None),)",,1e-08,(),(),(),mat_mul_v3,(),(),True,True,(),(),True,,,0,,,(),(),(),,,,,,,"{'save_temp_cce_file': True, 'op_debug_config': 'dump_cce'}",{'save_temp_cce_file': True},DYN_OFF,"(47, 50, 54)",DYN_OFF,STC_OFF,CST_OFF,bin_op_mat_mul_v3_M_28672_K_4096_N_7168_case1818,DYN_OFF,STC_OFF,CST_OFF,32,DYN_OFF,STC_OFF,CST_OFF,10.709,DYN_OFF,STC_OFF,CST_OFF,1095.2694385545308,DYN_OFF,STC_OFF,CST_OFF,23.185214042663574,PASS,DYN_OFF,STC_OFF,DYN_OFF,CST_OFF,CST_OFF,99.951171875%,DYN_OFF,PASS,UNKNOWN,UNKNOWN,UNKNOWN,"OK,OK",PASS,DYN_OFF (DYN_OFF),"('DYN_OFF', False)",1 (0x0000000000000001),"(32, 1, 4096, 1536, 16, 128, 512, 16, 128, 128, 1536, 1, 1, 1, 1, 0, 0, 16908800, 0, 16, 1, 0)",False,DYN_OFF,DYN_OFF,,,,,"(20971520,)",DYN_OFF,STC_OFF,CST_OFF,STC_OFF,CST_OFF,12585984,8192,Ascend910_9589
mat_mul_v3_M_7168_K_128_N_512_case1121,UNKNOWN,mat_mul_v3,"('bfloat16', 'bfloat16', 'int8', 'int8')","((7168, 128), (128, 512), None, None)","((7168, 512),)","('ND',)","('ND',)","{'transpose_x1': False, 'transpose_x2': False}","{'transpose_x1': False, 'transpose_x2': False}","((7168, 128), (128, 512), None, None)","('bfloat16',)","((7168, 512),)","('ND',)","('ND',)","((-1, -1), (-1, -1), None, None)","('bfloat16', 'bfloat16', 'int8', 'int8')","((-1, -1),)","((-1, -1), (-1, -1), None, None)","((-1, -1),)","('ND',)","('ND',)","(((1, None), (1, None)), ((1, None), (1, None)), None, None)","(((1, None), (1, None)),)","((None, None),)",,1e-08,(),(),(),mat_mul_v3,(),(),True,True,(),(),True,,,0,,,(),(),(),,,,,,,"{'save_temp_cce_file': True, 'op_debug_config': 'dump_cce'}",{'save_temp_cce_file': True},DYN_OFF,"(50, 53, 55)",DYN_OFF,STC_OFF,CST_OFF,bin_op_mat_mul_v3_M_28672_K_4096_N_7168_case1818,DYN_OFF,STC_OFF,CST_OFF,32,DYN_OFF,STC_OFF,CST_OFF,6.921,DYN_OFF,STC_OFF,CST_OFF,1252.274553893946,DYN_OFF,STC_OFF,CST_OFF,23.185214042663574,PASS,DYN_OFF,STC_OFF,DYN_OFF,CST_OFF,CST_OFF,99.99708448137555%,DYN_OFF,PASS,UNKNOWN,UNKNOWN,UNKNOWN,"OK,OK",PASS,DYN_OFF (DYN_OFF),"('DYN_OFF', False)",1 (0x0000000000000001),"(32, 7168, 512, 128, 256, 256, 256, 256, 256, 64, 128, 1, 1, 1, 1, 0, 0, 16843264, 0, 256, 1, 0)",False,DYN_OFF,DYN_OFF,,,,,"(20971520,)",DYN_OFF,STC_OFF,CST_OFF,STC_OFF,CST_OFF,1966080,7340032,Ascend910_9589
mat_mul_v3_M_4_K_4096_N_6144_case620,UNKNOWN,mat_mul_v3,"('bfloat16', 'bfloat16', 'int8', 'int8')","((4, 4096), (4096, 6144), None, None)","((4, 6144),)","('ND',)","('ND',)","{'transpose_x1': False, 'transpose_x2': False}","{'transpose_x1': False, 'transpose_x2': False}","((4, 4096), (4096, 6144), None, None)","('bfloat16',)","((4, 6144),)","('ND',)","('ND',)","((-1, -1), (-1, -1), None, None)","('bfloat16', 'bfloat16', 'int8', 'int8')","((-1, -1),)","((-1, -1), (-1, -1), None, None)","((-1, -1),)","('ND',)","('ND',)","(((1, None), (1, None)), ((1, None), (1, None)), None, None)","(((1, None), (1, None)),)","((None, None),)",,1e-08,(),(),(),mat_mul_v3,(),(),True,True,(),(),True,,,0,,,(),(),(),,,,,,,"{'save_temp_cce_file': True, 'op_debug_config': 'dump_cce'}",{'save_temp_cce_file': True},DYN_OFF,"(43, 49, 48)",DYN_OFF,STC_OFF,CST_OFF,bin_op_mat_mul_v3_M_28672_K_4096_N_7168_case1818,DYN_OFF,STC_OFF,CST_OFF,32,DYN_OFF,STC_OFF,CST_OFF,36.701,DYN_OFF,STC_OFF,CST_OFF,1279.291952407632,DYN_OFF,STC_OFF,CST_OFF,23.185214042663574,PASS,DYN_OFF,STC_OFF,DYN_OFF,CST_OFF,CST_OFF,99.98779296875%,DYN_OFF,PASS,UNKNOWN,UNKNOWN,UNKNOWN,"OK,OK",PASS,DYN_OFF (DYN_OFF),"('DYN_OFF', False)",1 (0x0000000000000001),"(32, 4, 6144, 4096, 16, 192, 320, 16, 192, 80, 4096, 1, 1, 1, 1, 0, 0, 16908800, 0, 16, 1, 0)",False,DYN_OFF,DYN_OFF,,,,,"(20971520,)",DYN_OFF,STC_OFF,CST_OFF,STC_OFF,CST_OFF,50364416,49152,Ascend910_9589
mat_mul_v3_M_7168_K_2048_N_7168_case1320,UNKNOWN,mat_mul_v3,"('bfloat16', 'bfloat16', 'int8', 'int8')","((7168, 2048), (2048, 7168), None, None)","((7168, 7168),)","('ND',)","('ND',)","{'transpose_x1': False, 'transpose_x2': False}","{'transpose_x1': False, 'transpose_x2': False}","((7168, 2048), (2048, 7168), None, None)","('bfloat16',)","((7168, 7168),)","('ND',)","('ND',)","((-1, -1), (-1, -1), None, None)","('bfloat16', 'bfloat16', 'int8', 'int8')","((-1, -1),)","((-1, -1), (-1, -1), None, None)","((-1, -1),)","('ND',)","('ND',)","(((1, None), (1, None)), ((1, None), (1, None)), None, None)","(((1, None), (1, None)),)","((None, None),)",,1e-08,(),(),(),mat_mul_v3,(),(),True,True,(),(),True,,,0,,,(),(),(),,,,,,,"{'save_temp_cce_file': True, 'op_debug_config': 'dump_cce'}",{'save_temp_cce_file': True},DYN_OFF,"(41, 32, 48)",DYN_OFF,STC_OFF,CST_OFF,bin_op_mat_mul_v3_M_28672_K_4096_N_7168_case1818,DYN_OFF,STC_OFF,CST_OFF,32,DYN_OFF,STC_OFF,CST_OFF,496.846,DYN_OFF,STC_OFF,CST_OFF,302.69062244639184,DYN_OFF,STC_OFF,CST_OFF,23.185214042663574,PASS,DYN_OFF,STC_OFF,DYN_OFF,CST_OFF,CST_OFF,99.98157656922632%,DYN_OFF,PASS,UNKNOWN,UNKNOWN,UNKNOWN,"OK,OK",PASS,DYN_OFF (DYN_OFF),"('DYN_OFF', False)",1 (0x0000000000000001),"(32, 7168, 7168, 2048, 256, 256, 256, 256, 256, 64, 2048, 2, 1, 1, 1, 0, 0, 16843264, 0, 256, 1, 0)",False,DYN_OFF,DYN_OFF,,,,,"(20971520,)",DYN_OFF,STC_OFF,CST_OFF,STC_OFF,CST_OFF,58720256,102760448,Ascend910_9589
mat_mul_v3_M_14336_K_4096_N_128_case254,UNKNOWN,mat_mul_v3,"('bfloat16', 'bfloat16', 'int8', 'int8')","((14336, 4096), (4096, 128), None, None)","((14336, 128),)","('ND',)","('ND',)","{'transpose_x1': False, 'transpose_x2': False}","{'transpose_x1': False, 'transpose_x2': False}","((14336, 4096), (4096, 128), None, None)","('bfloat16',)","((14336, 128),)","('ND',)","('ND',)","((-1, -1), (-1, -1), None, None)","('bfloat16', 'bfloat16', 'int8', 'int8')","((-1, -1),)","((-1, -1), (-1, -1), None, None)","((-1, -1),)","('ND',)","('ND',)","(((1, None), (1, None)), ((1, None), (1, None)), None, None)","(((1, None), (1, None)),)","((None, None),)",,1e-08,(),(),(),mat_mul_v3,(),(),True,True,(),(),True,,,0,,,(),(),(),,,,,,,"{'save_temp_cce_file': True, 'op_debug_config': 'dump_cce'}",{'save_temp_cce_file': True},DYN_OFF,"(41, 56, 55)",DYN_OFF,STC_OFF,CST_OFF,bin_op_mat_mul_v3_M_28672_K_4096_N_7168_case1818,DYN_OFF,STC_OFF,CST_OFF,32,DYN_OFF,STC_OFF,CST_OFF,81.876,DYN_OFF,STC_OFF,CST_OFF,1389.5345553031414,DYN_OFF,STC_OFF,CST_OFF,23.185214042663574,PASS,DYN_OFF,STC_OFF,DYN_OFF,CST_OFF,CST_OFF,99.97574942452567%,DYN_OFF,PASS,UNKNOWN,UNKNOWN,UNKNOWN,"OK,OK",PASS,DYN_OFF (DYN_OFF),"('DYN_OFF', False)",1 (0x0000000000000001),"(32, 14336, 128, 4096, 224, 128, 256, 224, 128, 64, 4096, 1, 1, 1, 1, 0, 0, 16908800, 0, 224, 1, 0)",False,DYN_OFF,DYN_OFF,,,,,"(20971520,)",DYN_OFF,STC_OFF,CST_OFF,STC_OFF,CST_OFF,118489088,3670016,Ascend910_9589
mat_mul_v3_M_15360_K_3072_N_4096_case437,UNKNOWN,mat_mul_v3,"('bfloat16', 'bfloat16', 'int8', 'int8')","((15360, 3072), (3072, 4096), None, None)","((15360, 4096),)","('ND',)","('ND',)","{'transpose_x1': False, 'transpose_x2': False}","{'transpose_x1': False, 'transpose_x2': False}","((15360, 3072), (3072, 4096), None, None)","('bfloat16',)","((15360, 4096),)","('ND',)","('ND',)","((-1, -1), (-1, -1), None, None)","('bfloat16', 'bfloat16', 'int8', 'int8')","((-1, -1),)","((-1, -1), (-1, -1), None, None)","((-1, -1),)","('ND',)","('ND',)","(((1, None), (1, None)), ((1, None), (1, None)), None, None)","(((1, None), (1, None)),)","((None, None),)",,1e-08,(),(),(),mat_mul_v3,(),(),True,True,(),(),True,,,0,,,(),(),(),,,,,,,"{'save_temp_cce_file': True, 'op_debug_config': 'dump_cce'}",{'save_temp_cce_file': True},DYN_OFF,"(47, 48, 46)",DYN_OFF,STC_OFF,CST_OFF,bin_op_mat_mul_v3_M_28672_K_4096_N_7168_case1818,DYN_OFF,STC_OFF,CST_OFF,32,DYN_OFF,STC_OFF,CST_OFF,904.76,DYN_OFF,STC_OFF,CST_OFF,252.57043304301698,DYN_OFF,STC_OFF,CST_OFF,23.185214042663574,PASS,DYN_OFF,STC_OFF,DYN_OFF,CST_OFF,CST_OFF,99.97823874155681%,DYN_OFF,PASS,UNKNOWN,UNKNOWN,UNKNOWN,"OK,OK",PASS,DYN_OFF (DYN_OFF),"('DYN_OFF', False)",1 (0x0000000000000001),"(32, 15360, 4096, 3072, 256, 256, 256, 256, 256, 64, 3072, 1, 1, 1, 1, 0, 0, 16843264, 0, 256, 1, 0)",False,DYN_OFF,DYN_OFF,,,,,"(20971520,)",DYN_OFF,STC_OFF,CST_OFF,STC_OFF,CST_OFF,119537664,125829120,Ascend910_9589
mat_mul_v3_M_5120_K_144_N_7168_case1578,UNKNOWN,mat_mul_v3,"('bfloat16', 'bfloat16', 'int8', 'int8')","((5120, 144), (144, 7168), None, None)","((5120, 7168),)","('ND',)","('ND',)","{'transpose_x1': False, 'transpose_x2': False}","{'transpose_x1': False, 'transpose_x2': False}","((5120, 144), (144, 7168), None, None)","('bfloat16',)","((5120, 7168),)","('ND',)","('ND',)","((-1, -1), (-1, -1), None, None)","('bfloat16', 'bfloat16', 'int8', 'int8')","((-1, -1),)","((-1, -1), (-1, -1), None, None)","((-1, -1),)","('ND',)","('ND',)","(((1, None), (1, None)), ((1, None), (1, None)), None, None)","(((1, None), (1, None)),)","((None, None),)",,1e-08,(),(),(),mat_mul_v3,(),(),True,True,(),(),True,,,0,,,(),(),(),,,,,,,"{'save_temp_cce_file': True, 'op_debug_config': 'dump_cce'}",{'save_temp_cce_file': True},DYN_OFF,"(40, 41, 47)",DYN_OFF,STC_OFF,CST_OFF,bin_op_mat_mul_v3_M_28672_K_4096_N_7168_case1818,DYN_OFF,STC_OFF,CST_OFF,32,DYN_OFF,STC_OFF,CST_OFF,37.659,DYN_OFF,STC_OFF,CST_OFF,1902.7396754427891,DYN_OFF,STC_OFF,CST_OFF,23.185214042663574,PASS,DYN_OFF,STC_OFF,DYN_OFF,CST_OFF,CST_OFF,99.99688012259347%,DYN_OFF,PASS,UNKNOWN,UNKNOWN,UNKNOWN,"OK,OK",PASS,DYN_OFF (DYN_OFF),"('DYN_OFF', False)",1 (0x0000000000000001),"(32, 5120, 7168, 144, 256, 256, 256, 256, 256, 64, 144, 2, 1, 1, 1, 0, 0, 16843264, 0, 256, 1, 0)",False,DYN_OFF,DYN_OFF,,,,,"(20971520,)",DYN_OFF,STC_OFF,CST_OFF,STC_OFF,CST_OFF,3538944,73400320,Ascend910_9589
mat_mul_v3_M_15360_K_384_N_4096_case434,UNKNOWN,mat_mul_v3,"('bfloat16', 'bfloat16', 'int8', 'int8')","((15360, 384), (384, 4096), None, None)","((15360, 4096),)","('ND',)","('ND',)","{'transpose_x1': False, 'transpose_x2': False}","{'transpose_x1': False, 'transpose_x2': False}","((15360, 384), (384, 4096), None, None)","('bfloat16',)","((15360, 4096),)","('ND',)","('ND',)","((-1, -1), (-1, -1), None, None)","('bfloat16', 'bfloat16', 'int8', 'int8')","((-1, -1),)","((-1, -1), (-1, -1), None, None)","((-1, -1),)","('ND',)","('ND',)","(((1, None), (1, None)), ((1, None), (1, None)), None, None)","(((1, None), (1, None)),)","((None, None),)",,1e-08,(),(),(),mat_mul_v3,(),(),True,True,(),(),True,,,0,,,(),(),(),,,,,,,"{'save_temp_cce_file': True, 'op_debug_config': 'dump_cce'}",{'save_temp_cce_file': True},DYN_OFF,"(43, 48, 52)",DYN_OFF,STC_OFF,CST_OFF,bin_op_mat_mul_v3_M_28672_K_4096_N_7168_case1818,DYN_OFF,STC_OFF,CST_OFF,32,DYN_OFF,STC_OFF,CST_OFF,122.358,DYN_OFF,STC_OFF,CST_OFF,1071.4748167263276,DYN_OFF,STC_OFF,CST_OFF,23.185214042663574,PASS,DYN_OFF,STC_OFF,DYN_OFF,CST_OFF,CST_OFF,99.99357859293619%,DYN_OFF,PASS,UNKNOWN,UNKNOWN,UNKNOWN,"OK,OK",PASS,DYN_OFF (DYN_OFF),"('DYN_OFF', False)",1 (0x0000000000000001),"(32, 15360, 4096, 384, 256, 256, 256, 256, 256, 64, 384, 1, 1, 1, 1, 0, 0, 16843264, 0, 256, 1, 0)",False,DYN_OFF,DYN_OFF,,,,,"(20971520,)",DYN_OFF,STC_OFF,CST_OFF,STC_OFF,CST_OFF,14942208,125829120,Ascend910_9589
mat_mul_v3_M_16384_K_4096_N_6144_case381,UNKNOWN,mat_mul_v3,"('bfloat16', 'bfloat16', 'int8', 'int8')","((16384, 4096), (4096, 6144), None, None)","((16384, 6144),)","('ND',)","('ND',)","{'transpose_x1': False, 'transpose_x2': False}","{'transpose_x1': False, 'transpose_x2': False}","((16384, 4096), (4096, 6144), None, None)","('bfloat16',)","((16384, 6144),)","('ND',)","('ND',)","((-1, -1), (-1, -1), None, None)","('bfloat16', 'bfloat16', 'int8', 'int8')","((-1, -1),)","((-1, -1), (-1, -1), None, None)","((-1, -1),)","('ND',)","('ND',)","(((1, None), (1, None)), ((1, None), (1, None)), None, None)","(((1, None), (1, None)),)","((None, None),)",,1e-08,(),(),(),mat_mul_v3,(),(),True,True,(),(),True,,,0,,,(),(),(),,,,,,,"{'save_temp_cce_file': True, 'op_debug_config': 'dump_cce'}",{'save_temp_cce_file': True},DYN_OFF,"(42, 45, 46)",DYN_OFF,STC_OFF,CST_OFF,bin_op_mat_mul_v3_M_28672_K_4096_N_7168_case1818,DYN_OFF,STC_OFF,CST_OFF,32,DYN_OFF,STC_OFF,CST_OFF,1920.073,DYN_OFF,STC_OFF,CST_OFF,187.16736290755608,DYN_OFF,STC_OFF,CST_OFF,23.185214042663574,PASS,DYN_OFF,STC_OFF,DYN_OFF,CST_OFF,CST_OFF,99.97592270374298%,DYN_OFF,PASS,UNKNOWN,UNKNOWN,UNKNOWN,"OK,OK",PASS,DYN_OFF (DYN_OFF),"('DYN_OFF', False)",1 (0x0000000000000001),"(32, 16384, 6144, 4096, 256, 256, 256, 256, 256, 64, 4096, 1, 1, 1, 1, 0, 0, 16843264, 0, 256, 1, 0)",False,DYN_OFF,DYN_OFF,,,,,"(20971520,)",DYN_OFF,STC_OFF,CST_OFF,STC_OFF,CST_OFF,184549376,201326592,Ascend910_9589
mat_mul_v3_M_4096_K_512_N_7168_case1281,UNKNOWN,mat_mul_v3,"('bfloat16', 'bfloat16', 'int8', 'int8')","((4096, 512), (512, 7168), None, None)","((4096, 7168),)","('ND',)","('ND',)","{'transpose_x1': False, 'transpose_x2': False}","{'transpose_x1': False, 'transpose_x2': False}","((4096, 512), (512, 7168), None, None)","('bfloat16',)","((4096, 7168),)","('ND',)","('ND',)","((-1, -1), (-1, -1), None, None)","('bfloat16', 'bfloat16', 'int8', 'int8')","((-1, -1),)","((-1, -1), (-1, -1), None, None)","((-1, -1),)","('ND',)","('ND',)","(((1, None), (1, None)), ((1, None), (1, None)), None, None)","(((1, None), (1, None)),)","((None, None),)",,1e-08,(),(),(),mat_mul_v3,(),(),True,True,(),(),True,,,0,,,(),(),(),,,,,,,"{'save_temp_cce_file': True, 'op_debug_config': 'dump_cce'}",{'save_temp_cce_file': True},DYN_OFF,"(40, 48, 49)",DYN_OFF,STC_OFF,CST_OFF,bin_op_mat_mul_v3_M_28672_K_4096_N_7168_case1818,DYN_OFF,STC_OFF,CST_OFF,32,DYN_OFF,STC_OFF,CST_OFF,77.628,DYN_OFF,STC_OFF,CST_OFF,842.8619505848404,DYN_OFF,STC_OFF,CST_OFF,23.185214042663574,PASS,DYN_OFF,STC_OFF,DYN_OFF,CST_OFF,CST_OFF,99.99009200504848%,DYN_OFF,PASS,UNKNOWN,UNKNOWN,UNKNOWN,"OK,OK",PASS,DYN_OFF (DYN_OFF),"('DYN_OFF', False)",1 (0x0000000000000001),"(32, 4096, 7168, 512, 256, 256, 256, 256, 256, 64, 512, 1, 1, 1, 1, 0, 0, 16843264, 0, 256, 1, 0)",False,DYN_OFF,DYN_OFF,,,,,"(20971520,)",DYN_OFF,STC_OFF,CST_OFF,STC_OFF,CST_OFF,11534336,58720256,Ascend910_9589
mat_mul_v3_M_2_K_12288_N_4096_case683,UNKNOWN,mat_mul_v3,"('bfloat16', 'bfloat16', 'int8', 'int8')","((2, 12288), (12288, 4096), None, None)","((2, 4096),)","('ND',)","('ND',)","{'transpose_x1': False, 'transpose_x2': False}","{'transpose_x1': False, 'transpose_x2': False}","((2, 12288), (12288, 4096), None, None)","('bfloat16',)","((2, 4096),)","('ND',)","('ND',)","((-1, -1), (-1, -1), None, None)","('bfloat16', 'bfloat16', 'int8', 'int8')","((-1, -1),)","((-1, -1), (-1, -1), None, None)","((-1, -1),)","('ND',)","('ND',)","(((1, None), (1, None)), ((1, None), (1, None)), None, None)","(((1, None), (1, None)),)","((None, None),)",,1e-08,(),(),(),mat_mul_v3,(),(),True,True,(),(),True,,,0,,,(),(),(),,,,,,,"{'save_temp_cce_file': True, 'op_debug_config': 'dump_cce'}",{'save_temp_cce_file': True},DYN_OFF,"(35, 44, 39)",DYN_OFF,STC_OFF,CST_OFF,bin_op_mat_mul_v3_M_28672_K_4096_N_7168_case1818,DYN_OFF,STC_OFF,CST_OFF,32,DYN_OFF,STC_OFF,CST_OFF,67.19,DYN_OFF,STC_OFF,CST_OFF,1396.205315616163,DYN_OFF,STC_OFF,CST_OFF,23.185214042663574,PASS,DYN_OFF,STC_OFF,DYN_OFF,CST_OFF,CST_OFF,99.9755859375%,DYN_OFF,PASS,UNKNOWN,UNKNOWN,UNKNOWN,"OK,OK",PASS,DYN_OFF (DYN_OFF),"('DYN_OFF', False)",4097 (0x0000000000001001),"(32, 2, 4096, 12288, 16, 256, 256, 16, 256, 64, 6144, 1, 1, 1, 1, 0, 0, 16843264, 0, 16, 1, 0)",False,DYN_OFF,DYN_OFF,,,,,"(29360128,)",DYN_OFF,STC_OFF,CST_OFF,STC_OFF,CST_OFF,100712448,16384,Ascend910_9589
mat_mul_v3_M_4096_K_256_N_7168_case1270,UNKNOWN,mat_mul_v3,"('bfloat16', 'bfloat16', 'int8', 'int8')","((4096, 256), (256, 7168), None, None)","((4096, 7168),)","('ND',)","('ND',)","{'transpose_x1': False, 'transpose_x2': False}","{'transpose_x1': False, 'transpose_x2': False}","((4096, 256), (256, 7168), None, None)","('bfloat16',)","((4096, 7168),)","('ND',)","('ND',)","((-1, -1), (-1, -1), None, None)","('bfloat16', 'bfloat16', 'int8', 'int8')","((-1, -1),)","((-1, -1), (-1, -1), None, None)","((-1, -1),)","('ND',)","('ND',)","(((1, None), (1, None)), ((1, None), (1, None)), None, None)","(((1, None), (1, None)),)","((None, None),)",,1e-08,(),(),(),mat_mul_v3,(),(),True,True,(),(),True,,,0,,,(),(),(),,,,,,,"{'save_temp_cce_file': True, 'op_debug_config': 'dump_cce'}",{'save_temp_cce_file': True},DYN_OFF,"(37, 38, 43)",DYN_OFF,STC_OFF,CST_OFF,bin_op_mat_mul_v3_M_28672_K_4096_N_7168_case1818,DYN_OFF,STC_OFF,CST_OFF,32,DYN_OFF,STC_OFF,CST_OFF,42.259,DYN_OFF,STC_OFF,CST_OFF,1421.2024361674435,DYN_OFF,STC_OFF,CST_OFF,23.185214042663574,PASS,DYN_OFF,STC_OFF,DYN_OFF,CST_OFF,CST_OFF,99.99536105564663%,DYN_OFF,PASS,UNKNOWN,UNKNOWN,UNKNOWN,"OK,OK",PASS,DYN_OFF (DYN_OFF),"('DYN_OFF', False)",1 (0x0000000000000001),"(32, 4096, 7168, 256, 256, 256, 256, 256, 256, 64, 256, 1, 1, 1, 1, 0, 0, 16843264, 0, 256, 1, 0)",False,DYN_OFF,DYN_OFF,,,,,"(20971520,)",DYN_OFF,STC_OFF,CST_OFF,STC_OFF,CST_OFF,5767168,58720256,Ascend910_9589
mat_mul_v3_M_16_K_1024_N_4096_case590,UNKNOWN,mat_mul_v3,"('bfloat16', 'bfloat16', 'int8', 'int8')","((16, 1024), (1024, 4096), None, None)","((16, 4096),)","('ND',)","('ND',)","{'transpose_x1': False, 'transpose_x2': False}","{'transpose_x1': False, 'transpose_x2': False}","((16, 1024), (1024, 4096), None, None)","('bfloat16',)","((16, 4096),)","('ND',)","('ND',)","((-1, -1), (-1, -1), None, None)","('bfloat16', 'bfloat16', 'int8', 'int8')","((-1, -1),)","((-1, -1), (-1, -1), None, None)","((-1, -1),)","('ND',)","('ND',)","(((1, None), (1, None)), ((1, None), (1, None)), None, None)","(((1, None), (1, None)),)","((None, None),)",,1e-08,(),(),(),mat_mul_v3,(),(),True,True,(),(),True,,,0,,,(),(),(),,,,,,,"{'save_temp_cce_file': True, 'op_debug_config': 'dump_cce'}",{'save_temp_cce_file': True},DYN_OFF,"(42, 51, 50)",DYN_OFF,STC_OFF,CST_OFF,bin_op_mat_mul_v3_M_28672_K_4096_N_7168_case1818,DYN_OFF,STC_OFF,CST_OFF,32,DYN_OFF,STC_OFF,CST_OFF,8.274,DYN_OFF,STC_OFF,CST_OFF,962.6647196791154,DYN_OFF,STC_OFF,CST_OFF,23.185214042663574,PASS,DYN_OFF,STC_OFF,DYN_OFF,CST_OFF,CST_OFF,99.98626708984375%,DYN_OFF,PASS,UNKNOWN,UNKNOWN,UNKNOWN,"OK,OK",PASS,DYN_OFF (DYN_OFF),"('DYN_OFF', False)",1 (0x0000000000000001),"(32, 16, 4096, 1024, 16, 128, 512, 16, 128, 128, 1024, 1, 1, 1, 1, 0, 0, 16908800, 0, 16, 1, 0)",False,DYN_OFF,DYN_OFF,,,,,"(20971520,)",DYN_OFF,STC_OFF,CST_OFF,STC_OFF,CST_OFF,8421376,131072,Ascend910_9589
mat_mul_v3_M_7168_K_4096_N_4096_case585,UNKNOWN,mat_mul_v3,"('bfloat16', 'bfloat16', 'int8', 'int8')","((7168, 4096), (4096, 4096), None, None)","((7168, 4096),)","('ND',)","('ND',)","{'transpose_x1': False, 'transpose_x2': False}","{'transpose_x1': False, 'transpose_x2': False}","((7168, 4096), (4096, 4096), None, None)","('bfloat16',)","((7168, 4096),)","('ND',)","('ND',)","((-1, -1), (-1, -1), None, None)","('bfloat16', 'bfloat16', 'int8', 'int8')","((-1, -1),)","((-1, -1), (-1, -1), None, None)","((-1, -1),)","('ND',)","('ND',)","(((1, None), (1, None)), ((1, None), (1, None)), None, None)","(((1, None), (1, None)),)","((None, None),)",,1e-08,(),(),(),mat_mul_v3,(),(),True,True,(),(),True,,,0,,,(),(),(),,,,,,,"{'save_temp_cce_file': True, 'op_debug_config': 'dump_cce'}",{'save_temp_cce_file': True},DYN_OFF,"(44, 50, 53)",DYN_OFF,STC_OFF,CST_OFF,bin_op_mat_mul_v3_M_28672_K_4096_N_7168_case1818,DYN_OFF,STC_OFF,CST_OFF,32,DYN_OFF,STC_OFF,CST_OFF,565.35,DYN_OFF,STC_OFF,CST_OFF,248.7397187582913,DYN_OFF,STC_OFF,CST_OFF,23.185214042663574,PASS,DYN_OFF,STC_OFF,DYN_OFF,CST_OFF,CST_OFF,99.97587203979492%,DYN_OFF,PASS,UNKNOWN,UNKNOWN,UNKNOWN,"OK,OK",PASS,DYN_OFF (DYN_OFF),"('DYN_OFF', False)",1 (0x0000000000000001),"(32, 7168, 4096, 4096, 256, 256, 256, 256, 256, 64, 4096, 1, 1, 1, 1, 0, 0, 16843264, 0, 256, 1, 0)",False,DYN_OFF,DYN_OFF,,,,,"(20971520,)",DYN_OFF,STC_OFF,CST_OFF,STC_OFF,CST_OFF,92274688,58720256,Ascend910_9589
mat_mul_v3_M_2048_K_96_N_4096_case400,UNKNOWN,mat_mul_v3,"('bfloat16', 'bfloat16', 'int8', 'int8')","((2048, 96), (96, 4096), None, None)","((2048, 4096),)","('ND',)","('ND',)","{'transpose_x1': False, 'transpose_x2': False}","{'transpose_x1': False, 'transpose_x2': False}","((2048, 96), (96, 4096), None, None)","('bfloat16',)","((2048, 4096),)","('ND',)","('ND',)","((-1, -1), (-1, -1), None, None)","('bfloat16', 'bfloat16', 'int8', 'int8')","((-1, -1),)","((-1, -1), (-1, -1), None, None)","((-1, -1),)","('ND',)","('ND',)","(((1, None), (1, None)), ((1, None), (1, None)), None, None)","(((1, None), (1, None)),)","((None, None),)",,1e-08,(),(),(),mat_mul_v3,(),(),True,True,(),(),True,,,0,,,(),(),(),,,,,,,"{'save_temp_cce_file': True, 'op_debug_config': 'dump_cce'}",{'save_temp_cce_file': True},DYN_OFF,"(42, 50, 48)",DYN_OFF,STC_OFF,CST_OFF,bin_op_mat_mul_v3_M_28672_K_4096_N_7168_case1818,DYN_OFF,STC_OFF,CST_OFF,32,DYN_OFF,STC_OFF,CST_OFF,8.917,DYN_OFF,STC_OFF,CST_OFF,1875.4774938320063,DYN_OFF,STC_OFF,CST_OFF,23.185214042663574,PASS,DYN_OFF,STC_OFF,DYN_OFF,CST_OFF,CST_OFF,99.99761581420898%,DYN_OFF,PASS,UNKNOWN,UNKNOWN,UNKNOWN,"OK,OK",PASS,DYN_OFF (DYN_OFF),"('DYN_OFF', False)",1 (0x0000000000000001),"(32, 2048, 4096, 96, 256, 256, 256, 256, 256, 64, 96, 1, 1, 1, 1, 0, 0, 16843264, 0, 256, 1, 0)",False,DYN_OFF,DYN_OFF,,,,,"(20971520,)",DYN_OFF,STC_OFF,CST_OFF,STC_OFF,CST_OFF,1179648,16777216,Ascend910_9589
mat_mul_v3_M_1_K_4096_N_1536_case266,UNKNOWN,mat_mul_v3,"('bfloat16', 'bfloat16', 'int8', 'int8')","((1, 4096), (4096, 1536), None, None)","((1, 1536),)","('ND',)","('ND',)","{'transpose_x1': False, 'transpose_x2': False}","{'transpose_x1': False, 'transpose_x2': False}","((1, 4096), (4096, 1536), None, None)","('bfloat16',)","((1, 1536),)","('ND',)","('ND',)","((-1, -1), (-1, -1), None, None)","('bfloat16', 'bfloat16', 'int8', 'int8')","((-1, -1),)","((-1, -1), (-1, -1), None, None)","((-1, -1),)","('ND',)","('ND',)","(((1, None), (1, None)), ((1, None), (1, None)), None, None)","(((1, None), (1, None)),)","((None, None),)",,1e-08,(),(),(),mat_mul_v3,(),(),True,True,(),(),True,,,0,,,(),(),(),,,,,,,"{'save_temp_cce_file': True, 'op_debug_config': 'dump_cce'}",{'save_temp_cce_file': True},DYN_OFF,"(38, 43, 45)",DYN_OFF,STC_OFF,CST_OFF,bin_op_mat_mul_v3_M_28672_K_4096_N_7168_case1818,DYN_OFF,STC_OFF,CST_OFF,32,DYN_OFF,STC_OFF,CST_OFF,11.804,DYN_OFF,STC_OFF,CST_OFF,993.6665890783183,DYN_OFF,STC_OFF,CST_OFF,23.185214042663574,PASS,DYN_OFF,STC_OFF,DYN_OFF,CST_OFF,CST_OFF,100.0%,DYN_OFF,PASS,UNKNOWN,UNKNOWN,UNKNOWN,"OK,OK",PASS,DYN_OFF (DYN_OFF),"('DYN_OFF', False)",4097 (0x0000000000001001),"(32, 1, 1536, 4096, 16, 256, 256, 16, 256, 64, 820, 1, 1, 1, 1, 0, 0, 16843264, 0, 16, 1, 0)",False,DYN_OFF,DYN_OFF,,,,,"(29360128,)",DYN_OFF,STC_OFF,CST_OFF,STC_OFF,CST_OFF,12591104,3072,Ascend910_9589
mat_mul_v3_M_14336_K_128_N_7168_case1273,UNKNOWN,mat_mul_v3,"('bfloat16', 'bfloat16', 'int8', 'int8')","((14336, 128), (128, 7168), None, None)","((14336, 7168),)","('ND',)","('ND',)","{'transpose_x1': False, 'transpose_x2': False}","{'transpose_x1': False, 'transpose_x2': False}","((14336, 128), (128, 7168), None, None)","('bfloat16',)","((14336, 7168),)","('ND',)","('ND',)","((-1, -1), (-1, -1), None, None)","('bfloat16', 'bfloat16', 'int8', 'int8')","((-1, -1),)","((-1, -1), (-1, -1), None, None)","((-1, -1),)","('ND',)","('ND',)","(((1, None), (1, None)), ((1, None), (1, None)), None, None)","(((1, None), (1, None)),)","((None, None),)",,1e-08,(),(),(),mat_mul_v3,(),(),True,True,(),(),True,,,0,,,(),(),(),,,,,,,"{'save_temp_cce_file': True, 'op_debug_config': 'dump_cce'}",{'save_temp_cce_file': True},DYN_OFF,"(41, 46, 48)",DYN_OFF,STC_OFF,CST_OFF,bin_op_mat_mul_v3_M_28672_K_4096_N_7168_case1818,DYN_OFF,STC_OFF,CST_OFF,32,DYN_OFF,STC_OFF,CST_OFF,90.23,DYN_OFF,STC_OFF,CST_OFF,2178.13590961986,DYN_OFF,STC_OFF,CST_OFF,23.185214042663574,PASS,DYN_OFF,STC_OFF,DYN_OFF,CST_OFF,CST_OFF,99.99703582452268%,DYN_OFF,PASS,UNKNOWN,UNKNOWN,UNKNOWN,"OK,OK",PASS,DYN_OFF (DYN_OFF),"('DYN_OFF', False)",1 (0x0000000000000001),"(32, 14336, 7168, 128, 256, 256, 256, 256, 256, 64, 128, 1, 1, 1, 1, 0, 0, 16843264, 0, 256, 1, 0)",False,DYN_OFF,DYN_OFF,,,,,"(20971520,)",DYN_OFF,STC_OFF,CST_OFF,STC_OFF,CST_OFF,5505024,205520896,Ascend910_9589
mat_mul_v3_M_4_K_7168_N_2112_case754,UNKNOWN,mat_mul_v3,"('bfloat16', 'bfloat16', 'int8', 'int8')","((4, 7168), (7168, 2112), None, None)","((4, 2112),)","('ND',)","('ND',)","{'transpose_x1': False, 'transpose_x2': False}","{'transpose_x1': False, 'transpose_x2': False}","((4, 7168), (7168, 2112), None, None)","('bfloat16',)","((4, 2112),)","('ND',)","('ND',)","((-1, -1), (-1, -1), None, None)","('bfloat16', 'bfloat16', 'int8', 'int8')","((-1, -1),)","((-1, -1), (-1, -1), None, None)","((-1, -1),)","('ND',)","('ND',)","(((1, None), (1, None)), ((1, None), (1, None)), None, None)","(((1, None), (1, None)),)","((None, None),)",,1e-08,(),(),(),mat_mul_v3,(),(),True,True,(),(),True,,,0,,,(),(),(),,,,,,,"{'save_temp_cce_file': True, 'op_debug_config': 'dump_cce'}",{'save_temp_cce_file': True},DYN_OFF,"(35, 44, 43)",DYN_OFF,STC_OFF,CST_OFF,bin_op_mat_mul_v3_M_28672_K_4096_N_7168_case1818,DYN_OFF,STC_OFF,CST_OFF,32,DYN_OFF,STC_OFF,CST_OFF,26.219,DYN_OFF,STC_OFF,CST_OFF,1078.1259230115356,DYN_OFF,STC_OFF,CST_OFF,23.185214042663574,PASS,DYN_OFF,STC_OFF,DYN_OFF,CST_OFF,CST_OFF,99.96448863636364%,DYN_OFF,PASS,UNKNOWN,UNKNOWN,UNKNOWN,"OK,OK",PASS,DYN_OFF (DYN_OFF),"('DYN_OFF', False)",4097 (0x0000000000001001),"(32, 4, 2112, 7168, 16, 240, 256, 16, 240, 64, 2390, 1, 1, 1, 1, 0, 0, 16843264, 0, 16, 1, 0)",False,DYN_OFF,DYN_OFF,,,,,"(29360128,)",DYN_OFF,STC_OFF,CST_OFF,STC_OFF,CST_OFF,30334976,16896,Ascend910_9589
mat_mul_v3_M_28672_K_7168_N_288_case1455,UNKNOWN,mat_mul_v3,"('bfloat16', 'bfloat16', 'int8', 'int8')","((28672, 7168), (7168, 288), None, None)","((28672, 288),)","('ND',)","('ND',)","{'transpose_x1': False, 'transpose_x2': False}","{'transpose_x1': False, 'transpose_x2': False}","((28672, 7168), (7168, 288), None, None)","('bfloat16',)","((28672, 288),)","('ND',)","('ND',)","((-1, -1), (-1, -1), None, None)","('bfloat16', 'bfloat16', 'int8', 'int8')","((-1, -1),)","((-1, -1), (-1, -1), None, None)","((-1, -1),)","('ND',)","('ND',)","(((1, None), (1, None)), ((1, None), (1, None)), None, None)","(((1, None), (1, None)),)","((None, None),)",,1e-08,(),(),(),mat_mul_v3,(),(),True,True,(),(),True,,,0,,,(),(),(),,,,,,,"{'save_temp_cce_file': True, 'op_debug_config': 'dump_cce'}",{'save_temp_cce_file': True},DYN_OFF,"(38, 33, 34)",DYN_OFF,STC_OFF,CST_OFF,bin_op_mat_mul_v3_M_28672_K_4096_N_7168_case1818,DYN_OFF,STC_OFF,CST_OFF,32,DYN_OFF,STC_OFF,CST_OFF,556.684,DYN_OFF,STC_OFF,CST_OFF,722.2024958841102,DYN_OFF,STC_OFF,CST_OFF,23.185214042663574,PASS,DYN_OFF,STC_OFF,DYN_OFF,CST_OFF,CST_OFF,99.96939765082466%,DYN_OFF,PASS,UNKNOWN,UNKNOWN,UNKNOWN,"OK,OK",PASS,DYN_OFF (DYN_OFF),"('DYN_OFF', False)",1 (0x0000000000000001),"(32, 28672, 288, 7168, 256, 256, 256, 256, 256, 64, 7168, 1, 1, 1, 1, 0, 0, 16843264, 0, 256, 1, 0)",False,DYN_OFF,DYN_OFF,,,,,"(20971520,)",DYN_OFF,STC_OFF,CST_OFF,STC_OFF,CST_OFF,415170560,16515072,Ascend910_9589
mat_mul_v3_M_8_K_2304_N_7168_case1882,UNKNOWN,mat_mul_v3,"('bfloat16', 'bfloat16', 'int8', 'int8')","((8, 2304), (2304, 7168), None, None)","((8, 7168),)","('ND',)","('ND',)","{'transpose_x1': False, 'transpose_x2': False}","{'transpose_x1': False, 'transpose_x2': False}","((8, 2304), (2304, 7168), None, None)","('bfloat16',)","((8, 7168),)","('ND',)","('ND',)","((-1, -1), (-1, -1), None, None)","('bfloat16', 'bfloat16', 'int8', 'int8')","((-1, -1),)","((-1, -1), (-1, -1), None, None)","((-1, -1),)","('ND',)","('ND',)","(((1, None), (1, None)), ((1, None), (1, None)), None, None)","(((1, None), (1, None)),)","((None, None),)",,1e-08,(),(),(),mat_mul_v3,(),(),True,True,(),(),True,,,0,,,(),(),(),,,,,,,"{'save_temp_cce_file': True, 'op_debug_config': 'dump_cce'}",{'save_temp_cce_file': True},DYN_OFF,"(39, 38, 38)",DYN_OFF,STC_OFF,CST_OFF,bin_op_mat_mul_v3_M_28672_K_4096_N_7168_case1818,DYN_OFF,STC_OFF,CST_OFF,32,DYN_OFF,STC_OFF,CST_OFF,24.78,DYN_OFF,STC_OFF,CST_OFF,1247.0888841335,DYN_OFF,STC_OFF,CST_OFF,23.185214042663574,PASS,DYN_OFF,STC_OFF,DYN_OFF,CST_OFF,CST_OFF,99.97907366071429%,DYN_OFF,PASS,UNKNOWN,UNKNOWN,UNKNOWN,"OK,OK",PASS,DYN_OFF (DYN_OFF),"('DYN_OFF', False)",1 (0x0000000000000001),"(32, 8, 7168, 2304, 16, 224, 256, 16, 224, 64, 2304, 1, 1, 1, 1, 0, 0, 16908800, 0, 16, 1, 0)",False,DYN_OFF,DYN_OFF,,,,,"(20971520,)",DYN_OFF,STC_OFF,CST_OFF,STC_OFF,CST_OFF,33067008,114688,Ascend910_9589
mat_mul_v3_M_1024_K_1024_N_4096_case129,UNKNOWN,mat_mul_v3,"('bfloat16', 'bfloat16', 'int8', 'int8')","((1024, 1024), (1024, 4096), None, None)","((1024, 4096),)","('ND',)","('ND',)","{'transpose_x1': False, 'transpose_x2': False}","{'transpose_x1': False, 'transpose_x2': False}","((1024, 1024), (1024, 4096), None, None)","('bfloat16',)","((1024, 4096),)","('ND',)","('ND',)","((-1, -1), (-1, -1), None, None)","('bfloat16', 'bfloat16', 'int8', 'int8')","((-1, -1),)","((-1, -1), (-1, -1), None, None)","((-1, -1),)","('ND',)","('ND',)","(((1, None), (1, None)), ((1, None), (1, None)), None, None)","(((1, None), (1, None)),)","((None, None),)",,1e-08,(),(),(),mat_mul_v3,(),(),True,True,(),(),True,,,0,,,(),(),(),,,,,,,"{'save_temp_cce_file': True, 'op_debug_config': 'dump_cce'}",{'save_temp_cce_file': True},DYN_OFF,"(39, 48, 53)",DYN_OFF,STC_OFF,CST_OFF,bin_op_mat_mul_v3_M_28672_K_4096_N_7168_case1818,DYN_OFF,STC_OFF,CST_OFF,32,DYN_OFF,STC_OFF,CST_OFF,24.972,DYN_OFF,STC_OFF,CST_OFF,703.9133829889475,DYN_OFF,STC_OFF,CST_OFF,23.185214042663574,PASS,DYN_OFF,STC_OFF,DYN_OFF,CST_OFF,CST_OFF,99.98559951782227%,DYN_OFF,PASS,UNKNOWN,UNKNOWN,UNKNOWN,"OK,OK",PASS,DYN_OFF (DYN_OFF),"('DYN_OFF', False)",1 (0x0000000000000001),"(32, 1024, 4096, 1024, 256, 256, 256, 256, 256, 64, 1024, 1, 1, 1, 1, 0, 0, 16843264, 0, 256, 1, 0)",False,DYN_OFF,DYN_OFF,,,,,"(20971520,)",DYN_OFF,STC_OFF,CST_OFF,STC_OFF,CST_OFF,10485760,8388608,Ascend910_9589
mat_mul_v3_M_3584_K_2304_N_7168_case1548,UNKNOWN,mat_mul_v3,"('bfloat16', 'bfloat16', 'int8', 'int8')","((3584, 2304), (2304, 7168), None, None)","((3584, 7168),)","('ND',)","('ND',)","{'transpose_x1': False, 'transpose_x2': False}","{'transpose_x1': False, 'transpose_x2': False}","((3584, 2304), (2304, 7168), None, None)","('bfloat16',)","((3584, 7168),)","('ND',)","('ND',)","((-1, -1), (-1, -1), None, None)","('bfloat16', 'bfloat16', 'int8', 'int8')","((-1, -1),)","((-1, -1), (-1, -1), None, None)","((-1, -1),)","('ND',)","('ND',)","(((1, None), (1, None)), ((1, None), (1, None)), None, None)","(((1, None), (1, None)),)","((None, None),)",,1e-08,(),(),(),mat_mul_v3,(),(),True,True,(),(),True,,,0,,,(),(),(),,,,,,,"{'save_temp_cce_file': True, 'op_debug_config': 'dump_cce'}",{'save_temp_cce_file': True},DYN_OFF,"(38, 43, 46)",DYN_OFF,STC_OFF,CST_OFF,bin_op_mat_mul_v3_M_28672_K_4096_N_7168_case1818,DYN_OFF,STC_OFF,CST_OFF,32,DYN_OFF,STC_OFF,CST_OFF,283.605,DYN_OFF,STC_OFF,CST_OFF,331.4262464519314,DYN_OFF,STC_OFF,CST_OFF,23.185214042663574,PASS,DYN_OFF,STC_OFF,DYN_OFF,CST_OFF,CST_OFF,99.98112503363161%,DYN_OFF,PASS,UNKNOWN,UNKNOWN,UNKNOWN,"OK,OK",PASS,DYN_OFF (DYN_OFF),"('DYN_OFF', False)",1 (0x0000000000000001),"(32, 3584, 7168, 2304, 256, 256, 256, 256, 256, 64, 2304, 2, 2, 1, 1, 0, 0, 16843264, 0, 256, 1, 0)",False,DYN_OFF,DYN_OFF,,,,,"(20971520,)",DYN_OFF,STC_OFF,CST_OFF,STC_OFF,CST_OFF,49545216,51380224,Ascend910_9589
mat_mul_v3_M_5120_K_384_N_4096_case470,UNKNOWN,mat_mul_v3,"('bfloat16', 'bfloat16', 'int8', 'int8')","((5120, 384), (384, 4096), None, None)","((5120, 4096),)","('ND',)","('ND',)","{'transpose_x1': False, 'transpose_x2': False}","{'transpose_x1': False, 'transpose_x2': False}","((5120, 384), (384, 4096), None, None)","('bfloat16',)","((5120, 4096),)","('ND',)","('ND',)","((-1, -1), (-1, -1), None, None)","('bfloat16', 'bfloat16', 'int8', 'int8')","((-1, -1),)","((-1, -1), (-1, -1), None, None)","((-1, -1),)","('ND',)","('ND',)","(((1, None), (1, None)), ((1, None), (1, None)), None, None)","(((1, None), (1, None)),)","((None, None),)",,1e-08,(),(),(),mat_mul_v3,(),(),True,True,(),(),True,,,0,,,(),(),(),,,,,,,"{'save_temp_cce_file': True, 'op_debug_config': 'dump_cce'}",{'save_temp_cce_file': True},DYN_OFF,"(42, 52, 49)",DYN_OFF,STC_OFF,CST_OFF,bin_op_mat_mul_v3_M_28672_K_4096_N_7168_case1818,DYN_OFF,STC_OFF,CST_OFF,32,DYN_OFF,STC_OFF,CST_OFF,44.568,DYN_OFF,STC_OFF,CST_OFF,1024.3739201893736,DYN_OFF,STC_OFF,CST_OFF,23.185214042663574,PASS,DYN_OFF,STC_OFF,DYN_OFF,CST_OFF,CST_OFF,99.9935245513916%,DYN_OFF,PASS,UNKNOWN,UNKNOWN,UNKNOWN,"OK,OK",PASS,DYN_OFF (DYN_OFF),"('DYN_OFF', False)",1 (0x0000000000000001),"(32, 5120, 4096, 384, 256, 256, 256, 256, 256, 64, 384, 1, 1, 1, 1, 0, 0, 16843264, 0, 256, 1, 0)",False,DYN_OFF,DYN_OFF,,,,,"(20971520,)",DYN_OFF,STC_OFF,CST_OFF,STC_OFF,CST_OFF,7077888,41943040,Ascend910_9589
mat_mul_v3_M_15360_K_144_N_7168_case1560,UNKNOWN,mat_mul_v3,"('bfloat16', 'bfloat16', 'int8', 'int8')","((15360, 144), (144, 7168), None, None)","((15360, 7168),)","('ND',)","('ND',)","{'transpose_x1': False, 'transpose_x2': False}","{'transpose_x1': False, 'transpose_x2': False}","((15360, 144), (144, 7168), None, None)","('bfloat16',)","((15360, 7168),)","('ND',)","('ND',)","((-1, -1), (-1, -1), None, None)","('bfloat16', 'bfloat16', 'int8', 'int8')","((-1, -1),)","((-1, -1), (-1, -1), None, None)","((-1, -1),)","('ND',)","('ND',)","(((1, None), (1, None)), ((1, None), (1, None)), None, None)","(((1, None), (1, None)),)","((None, None),)",,1e-08,(),(),(),mat_mul_v3,(),(),True,True,(),(),True,,,0,,,(),(),(),,,,,,,"{'save_temp_cce_file': True, 'op_debug_config': 'dump_cce'}",{'save_temp_cce_file': True},DYN_OFF,"(39, 45, 45)",DYN_OFF,STC_OFF,CST_OFF,bin_op_mat_mul_v3_M_28672_K_4096_N_7168_case1818,DYN_OFF,STC_OFF,CST_OFF,32,DYN_OFF,STC_OFF,CST_OFF,125.124,DYN_OFF,STC_OFF,CST_OFF,1687.291051027381,DYN_OFF,STC_OFF,CST_OFF,23.185214042663574,PASS,DYN_OFF,STC_OFF,DYN_OFF,CST_OFF,CST_OFF,99.99699274698894%,DYN_OFF,PASS,UNKNOWN,UNKNOWN,UNKNOWN,"OK,OK",PASS,DYN_OFF (DYN_OFF),"('DYN_OFF', False)",1 (0x0000000000000001),"(32, 15360, 7168, 144, 256, 256, 256, 256, 256, 64, 144, 2, 1, 1, 1, 0, 0, 16843264, 0, 256, 1, 0)",False,DYN_OFF,DYN_OFF,,,,,"(20971520,)",DYN_OFF,STC_OFF,CST_OFF,STC_OFF,CST_OFF,6488064,220200960,Ascend910_9589
mat_mul_v3_M_40960_K_576_N_7168_case1645,UNKNOWN,mat_mul_v3,"('bfloat16', 'bfloat16', 'int8', 'int8')","((40960, 576), (576, 7168), None, None)","((40960, 7168),)","('ND',)","('ND',)","{'transpose_x1': False, 'transpose_x2': False}","{'transpose_x1': False, 'transpose_x2': False}","((40960, 576), (576, 7168), None, None)","('bfloat16',)","((40960, 7168),)","('ND',)","('ND',)","((-1, -1), (-1, -1), None, None)","('bfloat16', 'bfloat16', 'int8', 'int8')","((-1, -1),)","((-1, -1), (-1, -1), None, None)","((-1, -1),)","('ND',)","('ND',)","(((1, None), (1, None)), ((1, None), (1, None)), None, None)","(((1, None), (1, None)),)","((None, None),)",,1e-08,(),(),(),mat_mul_v3,(),(),True,True,(),(),True,,,0,,,(),(),(),,,,,,,"{'save_temp_cce_file': True, 'op_debug_config': 'dump_cce'}",{'save_temp_cce_file': True},DYN_OFF,"(43, 47, 51)",DYN_OFF,STC_OFF,CST_OFF,bin_op_mat_mul_v3_M_28672_K_4096_N_7168_case1818,DYN_OFF,STC_OFF,CST_OFF,32,DYN_OFF,STC_OFF,CST_OFF,859.17,DYN_OFF,STC_OFF,CST_OFF,696.6150379872435,DYN_OFF,STC_OFF,CST_OFF,23.185214042663574,PASS,DYN_OFF,STC_OFF,DYN_OFF,CST_OFF,CST_OFF,99.98969044004168%,DYN_OFF,PASS,UNKNOWN,UNKNOWN,UNKNOWN,"OK,OK",PASS,DYN_OFF (DYN_OFF),"('DYN_OFF', False)",1 (0x0000000000000001),"(32, 40960, 7168, 576, 256, 256, 256, 256, 256, 64, 576, 1, 1, 1, 1, 0, 0, 16843264, 0, 256, 1, 0)",False,DYN_OFF,DYN_OFF,,,,,"(20971520,)",DYN_OFF,STC_OFF,CST_OFF,STC_OFF,CST_OFF,55443456,587202560,Ascend910_9589
mat_mul_v3_M_4096_K_4096_N_4096_case577,UNKNOWN,mat_mul_v3,"('bfloat16', 'bfloat16', 'int8', 'int8')","((4096, 4096), (4096, 4096), None, None)","((4096, 4096),)","('ND',)","('ND',)","{'transpose_x1': False, 'transpose_x2': False}","{'transpose_x1': False, 'transpose_x2': False}","((4096, 4096), (4096, 4096), None, None)","('bfloat16',)","((4096, 4096),)","('ND',)","('ND',)","((-1, -1), (-1, -1), None, None)","('bfloat16', 'bfloat16', 'int8', 'int8')","((-1, -1),)","((-1, -1), (-1, -1), None, None)","((-1, -1),)","('ND',)","('ND',)","(((1, None), (1, None)), ((1, None), (1, None)), None, None)","(((1, None), (1, None)),)","((None, None),)",,1e-08,(),(),(),mat_mul_v3,(),(),True,True,(),(),True,,,0,,,(),(),(),,,,,,,"{'save_temp_cce_file': True, 'op_debug_config': 'dump_cce'}",{'save_temp_cce_file': True},DYN_OFF,"(42, 48, 52)",DYN_OFF,STC_OFF,CST_OFF,bin_op_mat_mul_v3_M_28672_K_4096_N_7168_case1818,DYN_OFF,STC_OFF,CST_OFF,32,DYN_OFF,STC_OFF,CST_OFF,325.079,DYN_OFF,STC_OFF,CST_OFF,288.39143715835223,DYN_OFF,STC_OFF,CST_OFF,23.185214042663574,PASS,DYN_OFF,STC_OFF,DYN_OFF,CST_OFF,CST_OFF,99.97617602348328%,DYN_OFF,PASS,UNKNOWN,UNKNOWN,UNKNOWN,"OK,OK",PASS,DYN_OFF (DYN_OFF),"('DYN_OFF', False)",1 (0x0000000000000001),"(32, 4096, 4096, 4096, 256, 256, 256, 256, 256, 64, 4096, 1, 1, 1, 1, 0, 0, 16843264, 0, 256, 1, 0)",False,DYN_OFF,DYN_OFF,,,,,"(20971520,)",DYN_OFF,STC_OFF,CST_OFF,STC_OFF,CST_OFF,67108864,33554432,Ascend910_9589
mat_mul_v3_M_8192_K_4096_N_6144_case303,UNKNOWN,mat_mul_v3,"('bfloat16', 'bfloat16', 'int8', 'int8')","((8192, 4096), (4096, 6144), None, None)","((8192, 6144),)","('ND',)","('ND',)","{'transpose_x1': False, 'transpose_x2': False}","{'transpose_x1': False, 'transpose_x2': False}","((8192, 4096), (4096, 6144), None, None)","('bfloat16',)","((8192, 6144),)","('ND',)","('ND',)","((-1, -1), (-1, -1), None, None)","('bfloat16', 'bfloat16', 'int8', 'int8')","((-1, -1),)","((-1, -1), (-1, -1), None, None)","((-1, -1),)","('ND',)","('ND',)","(((1, None), (1, None)), ((1, None), (1, None)), None, None)","(((1, None), (1, None)),)","((None, None),)",,1e-08,(),(),(),mat_mul_v3,(),(),True,True,(),(),True,,,0,,,(),(),(),,,,,,,"{'save_temp_cce_file': True, 'op_debug_config': 'dump_cce'}",{'save_temp_cce_file': True},DYN_OFF,"(43, 50, 56)",DYN_OFF,STC_OFF,CST_OFF,bin_op_mat_mul_v3_M_28672_K_4096_N_7168_case1818,DYN_OFF,STC_OFF,CST_OFF,32,DYN_OFF,STC_OFF,CST_OFF,963.346,DYN_OFF,STC_OFF,CST_OFF,210.85362891422187,DYN_OFF,STC_OFF,CST_OFF,23.185214042663574,PASS,DYN_OFF,STC_OFF,DYN_OFF,CST_OFF,CST_OFF,99.97585813204446%,DYN_OFF,PASS,UNKNOWN,UNKNOWN,UNKNOWN,"OK,OK",PASS,DYN_OFF (DYN_OFF),"('DYN_OFF', False)",1 (0x0000000000000001),"(32, 8192, 6144, 4096, 256, 256, 256, 256, 256, 64, 4096, 1, 1, 1, 1, 0, 0, 16843264, 0, 256, 1, 0)",False,DYN_OFF,DYN_OFF,,,,,"(20971520,)",DYN_OFF,STC_OFF,CST_OFF,STC_OFF,CST_OFF,117440512,100663296,Ascend910_9589
mat_mul_v3_M_1024_K_96_N_4096_case392,UNKNOWN,mat_mul_v3,"('bfloat16', 'bfloat16', 'int8', 'int8')","((1024, 96), (96, 4096), None, None)","((1024, 4096),)","('ND',)","('ND',)","{'transpose_x1': False, 'transpose_x2': False}","{'transpose_x1': False, 'transpose_x2': False}","((1024, 96), (96, 4096), None, None)","('bfloat16',)","((1024, 4096),)","('ND',)","('ND',)","((-1, -1), (-1, -1), None, None)","('bfloat16', 'bfloat16', 'int8', 'int8')","((-1, -1),)","((-1, -1), (-1, -1), None, None)","((-1, -1),)","('ND',)","('ND',)","(((1, None), (1, None)), ((1, None), (1, None)), None, None)","(((1, None), (1, None)),)","((None, None),)",,1e-08,(),(),(),mat_mul_v3,(),(),True,True,(),(),True,,,0,,,(),(),(),,,,,,,"{'save_temp_cce_file': True, 'op_debug_config': 'dump_cce'}",{'save_temp_cce_file': True},DYN_OFF,"(39, 45, 45)",DYN_OFF,STC_OFF,CST_OFF,bin_op_mat_mul_v3_M_28672_K_4096_N_7168_case1818,DYN_OFF,STC_OFF,CST_OFF,32,DYN_OFF,STC_OFF,CST_OFF,6.353,DYN_OFF,STC_OFF,CST_OFF,1373.8434351881,DYN_OFF,STC_OFF,CST_OFF,23.185214042663574,PASS,DYN_OFF,STC_OFF,DYN_OFF,CST_OFF,CST_OFF,99.99794960021973%,DYN_OFF,PASS,UNKNOWN,UNKNOWN,UNKNOWN,"OK,OK",PASS,DYN_OFF (DYN_OFF),"('DYN_OFF', False)",1 (0x0000000000000001),"(32, 1024, 4096, 96, 256, 256, 256, 256, 256, 64, 96, 1, 1, 1, 1, 0, 0, 16843264, 0, 256, 1, 0)",False,DYN_OFF,DYN_OFF,,,,,"(20971520,)",DYN_OFF,STC_OFF,CST_OFF,STC_OFF,CST_OFF,983040,8388608,Ascend910_9589
mat_mul_v3_M_32768_K_3072_N_4096_case445,UNKNOWN,mat_mul_v3,"('bfloat16', 'bfloat16', 'int8', 'int8')","((32768, 3072), (3072, 4096), None, None)","((32768, 4096),)","('ND',)","('ND',)","{'transpose_x1': False, 'transpose_x2': False}","{'transpose_x1': False, 'transpose_x2': False}","((32768, 3072), (3072, 4096), None, None)","('bfloat16',)","((32768, 4096),)","('ND',)","('ND',)","((-1, -1), (-1, -1), None, None)","('bfloat16', 'bfloat16', 'int8', 'int8')","((-1, -1),)","((-1, -1), (-1, -1), None, None)","((-1, -1),)","('ND',)","('ND',)","(((1, None), (1, None)), ((1, None), (1, None)), None, None)","(((1, None), (1, None)),)","((None, None),)",,1e-08,(),(),(),mat_mul_v3,(),(),True,True,(),(),True,,,0,,,(),(),(),,,,,,,"{'save_temp_cce_file': True, 'op_debug_config': 'dump_cce'}",{'save_temp_cce_file': True},DYN_OFF,"(44, 50, 51)",DYN_OFF,STC_OFF,CST_OFF,bin_op_mat_mul_v3_M_28672_K_4096_N_7168_case1818,DYN_OFF,STC_OFF,CST_OFF,32,DYN_OFF,STC_OFF,CST_OFF,1921.889,DYN_OFF,STC_OFF,CST_OFF,239.83565127850778,DYN_OFF,STC_OFF,CST_OFF,23.185214042663574,PASS,DYN_OFF,STC_OFF,DYN_OFF,CST_OFF,CST_OFF,99.97855424880981%,DYN_OFF,PASS,UNKNOWN,UNKNOWN,UNKNOWN,"OK,OK",PASS,DYN_OFF (DYN_OFF),"('DYN_OFF', False)",1 (0x0000000000000001),"(32, 32768, 4096, 3072, 256, 256, 256, 256, 256, 64, 3072, 1, 1, 1, 1, 0, 0, 16843264, 0, 256, 1, 0)",False,DYN_OFF,DYN_OFF,,,,,"(20971520,)",DYN_OFF,STC_OFF,CST_OFF,STC_OFF,CST_OFF,226492416,268435456,Ascend910_9589
mat_mul_v3_M_32768_K_128_N_512_case1110,UNKNOWN,mat_mul_v3,"('bfloat16', 'bfloat16', 'int8', 'int8')","((32768, 128), (128, 512), None, None)","((32768, 512),)","('ND',)","('ND',)","{'transpose_x1': False, 'transpose_x2': False}","{'transpose_x1': False, 'transpose_x2': False}","((32768, 128), (128, 512), None, None)","('bfloat16',)","((32768, 512),)","('ND',)","('ND',)","((-1, -1), (-1, -1), None, None)","('bfloat16', 'bfloat16', 'int8', 'int8')","((-1, -1),)","((-1, -1), (-1, -1), None, None)","((-1, -1),)","('ND',)","('ND',)","(((1, None), (1, None)), ((1, None), (1, None)), None, None)","(((1, None), (1, None)),)","((None, None),)",,1e-08,(),(),(),mat_mul_v3,(),(),True,True,(),(),True,,,0,,,(),(),(),,,,,,,"{'save_temp_cce_file': True, 'op_debug_config': 'dump_cce'}",{'save_temp_cce_file': True},DYN_OFF,"(47, 52, 49)",DYN_OFF,STC_OFF,CST_OFF,bin_op_mat_mul_v3_M_28672_K_4096_N_7168_case1818,DYN_OFF,STC_OFF,CST_OFF,32,DYN_OFF,STC_OFF,CST_OFF,16.364,DYN_OFF,STC_OFF,CST_OFF,2394.559417776827,DYN_OFF,STC_OFF,CST_OFF,23.185214042663574,PASS,DYN_OFF,STC_OFF,DYN_OFF,CST_OFF,CST_OFF,99.99721050262451%,DYN_OFF,PASS,UNKNOWN,UNKNOWN,UNKNOWN,"OK,OK",PASS,DYN_OFF (DYN_OFF),"('DYN_OFF', False)",131073 (0x0000000000020001),"(32, 32768, 512, 128, 128, 512, 128, 128, 256, 64, 128, 1, 1, 1, 1, 0, 0, 33686528, 0, 128, 1, 0)",False,DYN_OFF,DYN_OFF,,,,,"(20971520,)",DYN_OFF,STC_OFF,CST_OFF,STC_OFF,CST_OFF,8519680,33554432,Ascend910_9589
mat_mul_v3_M_32_K_4096_N_256_case88,UNKNOWN,mat_mul_v3,"('bfloat16', 'bfloat16', 'int8', 'int8')","((32, 4096), (4096, 256), None, None)","((32, 256),)","('ND',)","('ND',)","{'transpose_x1': False, 'transpose_x2': False}","{'transpose_x1': False, 'transpose_x2': False}","((32, 4096), (4096, 256), None, None)","('bfloat16',)","((32, 256),)","('ND',)","('ND',)","((-1, -1), (-1, -1), None, None)","('bfloat16', 'bfloat16', 'int8', 'int8')","((-1, -1),)","((-1, -1), (-1, -1), None, None)","((-1, -1),)","('ND',)","('ND',)","(((1, None), (1, None)), ((1, None), (1, None)), None, None)","(((1, None), (1, None)),)","((None, None),)",,1e-08,(),(),(),mat_mul_v3,(),(),True,True,(),(),True,,,0,,,(),(),(),,,,,,,"{'save_temp_cce_file': True, 'op_debug_config': 'dump_cce'}",{'save_temp_cce_file': True},DYN_OFF,"(33, 39, 38)",DYN_OFF,STC_OFF,CST_OFF,bin_op_mat_mul_v3_M_28672_K_4096_N_7168_case1818,DYN_OFF,STC_OFF,CST_OFF,32,DYN_OFF,STC_OFF,CST_OFF,6.674,DYN_OFF,STC_OFF,CST_OFF,331.5139967129907,DYN_OFF,STC_OFF,CST_OFF,23.185214042663574,PASS,DYN_OFF,STC_OFF,DYN_OFF,CST_OFF,CST_OFF,99.96337890625%,DYN_OFF,PASS,UNKNOWN,UNKNOWN,UNKNOWN,"OK,OK",PASS,DYN_OFF (DYN_OFF),"('DYN_OFF', False)",4097 (0x0000000000001001),"(32, 32, 256, 4096, 32, 256, 256, 32, 256, 64, 128, 1, 1, 1, 1, 0, 0, 16843264, 0, 32, 1, 0)",False,DYN_OFF,DYN_OFF,,,,,"(29360128,)",DYN_OFF,STC_OFF,CST_OFF,STC_OFF,CST_OFF,2359296,16384,Ascend910_9589
mat_mul_v3_M_14336_K_7168_N_1152_case1472,UNKNOWN,mat_mul_v3,"('bfloat16', 'bfloat16', 'int8', 'int8')","((14336, 7168), (7168, 1152), None, None)","((14336, 1152),)","('ND',)","('ND',)","{'transpose_x1': False, 'transpose_x2': False}","{'transpose_x1': False, 'transpose_x2': False}","((14336, 7168), (7168, 1152), None, None)","('bfloat16',)","((14336, 1152),)","('ND',)","('ND',)","((-1, -1), (-1, -1), None, None)","('bfloat16', 'bfloat16', 'int8', 'int8')","((-1, -1),)","((-1, -1), (-1, -1), None, None)","((-1, -1),)","('ND',)","('ND',)","(((1, None), (1, None)), ((1, None), (1, None)), None, None)","(((1, None), (1, None)),)","((None, None),)",,1e-08,(),(),(),mat_mul_v3,(),(),True,True,(),(),True,,,0,,,(),(),(),,,,,,,"{'save_temp_cce_file': True, 'op_debug_config': 'dump_cce'}",{'save_temp_cce_file': True},DYN_OFF,"(41, 50, 50)",DYN_OFF,STC_OFF,CST_OFF,bin_op_mat_mul_v3_M_28672_K_4096_N_7168_case1818,DYN_OFF,STC_OFF,CST_OFF,32,DYN_OFF,STC_OFF,CST_OFF,601.364,DYN_OFF,STC_OFF,CST_OFF,395.0167088901231,DYN_OFF,STC_OFF,CST_OFF,23.185214042663574,PASS,DYN_OFF,STC_OFF,DYN_OFF,CST_OFF,CST_OFF,99.96954297262525%,DYN_OFF,PASS,UNKNOWN,UNKNOWN,UNKNOWN,"OK,OK",PASS,DYN_OFF (DYN_OFF),"('DYN_OFF', False)",1 (0x0000000000000001),"(32, 14336, 1152, 7168, 256, 256, 256, 256, 256, 64, 7168, 1, 1, 1, 1, 0, 0, 16843264, 0, 256, 1, 0)",False,DYN_OFF,DYN_OFF,,,,,"(20971520,)",DYN_OFF,STC_OFF,CST_OFF,STC_OFF,CST_OFF,222035968,33030144,Ascend910_9589
mat_mul_v3_M_16_K_512_N_128_case1003,UNKNOWN,mat_mul_v3,"('bfloat16', 'bfloat16', 'int8', 'int8')","((16, 512), (512, 128), None, None)","((16, 128),)","('ND',)","('ND',)","{'transpose_x1': False, 'transpose_x2': False}","{'transpose_x1': False, 'transpose_x2': False}","((16, 512), (512, 128), None, None)","('bfloat16',)","((16, 128),)","('ND',)","('ND',)","((-1, -1), (-1, -1), None, None)","('bfloat16', 'bfloat16', 'int8', 'int8')","((-1, -1),)","((-1, -1), (-1, -1), None, None)","((-1, -1),)","('ND',)","('ND',)","(((1, None), (1, None)), ((1, None), (1, None)), None, None)","(((1, None), (1, None)),)","((None, None),)",,1e-08,(),(),(),mat_mul_v3,(),(),True,True,(),(),True,,,0,,,(),(),(),,,,,,,"{'save_temp_cce_file': True, 'op_debug_config': 'dump_cce'}",{'save_temp_cce_file': True},DYN_OFF,"(44, 50, 49)",DYN_OFF,STC_OFF,CST_OFF,bin_op_mat_mul_v3_M_28672_K_4096_N_7168_case1818,DYN_OFF,STC_OFF,CST_OFF,8,DYN_OFF,STC_OFF,CST_OFF,4.238,DYN_OFF,STC_OFF,CST_OFF,33.30434139408329,DYN_OFF,STC_OFF,CST_OFF,23.185214042663574,PASS,DYN_OFF,STC_OFF,DYN_OFF,CST_OFF,CST_OFF,99.951171875%,DYN_OFF,PASS,UNKNOWN,UNKNOWN,UNKNOWN,"OK,OK",PASS,DYN_OFF (DYN_OFF),"('DYN_OFF', False)",1 (0x0000000000000001),"(8, 16, 128, 512, 16, 16, 2048, 16, 16, 512, 512, 1, 1, 1, 1, 0, 0, 16908800, 0, 16, 1, 0)",False,DYN_OFF,DYN_OFF,,,,,"(20971520,)",DYN_OFF,STC_OFF,CST_OFF,STC_OFF,CST_OFF,147456,4096,Ascend910_9589
mat_mul_v3_M_57344_K_7168_N_2112_case763,UNKNOWN,mat_mul_v3,"('bfloat16', 'bfloat16', 'int8', 'int8')","((57344, 7168), (7168, 2112), None, None)","((57344, 2112),)","('ND',)","('ND',)","{'transpose_x1': False, 'transpose_x2': False}","{'transpose_x1': False, 'transpose_x2': False}","((57344, 7168), (7168, 2112), None, None)","('bfloat16',)","((57344, 2112),)","('ND',)","('ND',)","((-1, -1), (-1, -1), None, None)","('bfloat16', 'bfloat16', 'int8', 'int8')","((-1, -1),)","((-1, -1), (-1, -1), None, None)","((-1, -1),)","('ND',)","('ND',)","(((1, None), (1, None)), ((1, None), (1, None)), None, None)","(((1, None), (1, None)),)","((None, None),)",,1e-08,(),(),(),mat_mul_v3,(),(),True,True,(),(),True,,,0,,,(),(),(),,,,,,,"{'save_temp_cce_file': True, 'op_debug_config': 'dump_cce'}",{'save_temp_cce_file': True},DYN_OFF,"(43, 49, 48)",DYN_OFF,STC_OFF,CST_OFF,bin_op_mat_mul_v3_M_28672_K_4096_N_7168_case1818,DYN_OFF,STC_OFF,CST_OFF,32,DYN_OFF,STC_OFF,CST_OFF,4177.476,DYN_OFF,STC_OFF,CST_OFF,244.02514333714902,DYN_OFF,STC_OFF,CST_OFF,23.185214042663574,PASS,DYN_OFF,STC_OFF,DYN_OFF,CST_OFF,CST_OFF,99.9696615970496%,DYN_OFF,PASS,UNKNOWN,UNKNOWN,UNKNOWN,"OK,OK",PASS,DYN_OFF (DYN_OFF),"('DYN_OFF', False)",1 (0x0000000000000001),"(32, 57344, 2112, 7168, 256, 256, 256, 256, 256, 64, 7168, 1, 1, 1, 1, 0, 0, 16843264, 0, 256, 1, 0)",False,DYN_OFF,DYN_OFF,,,,,"(20971520,)",DYN_OFF,STC_OFF,CST_OFF,STC_OFF,CST_OFF,852361216,242221056,Ascend910_9589
mat_mul_v3_M_61440_K_4096_N_384_case86,UNKNOWN,mat_mul_v3,"('bfloat16', 'bfloat16', 'int8', 'int8')","((61440, 4096), (4096, 384), None, None)","((61440, 384),)","('ND',)","('ND',)","{'transpose_x1': False, 'transpose_x2': False}","{'transpose_x1': False, 'transpose_x2': False}","((61440, 4096), (4096, 384), None, None)","('bfloat16',)","((61440, 384),)","('ND',)","('ND',)","((-1, -1), (-1, -1), None, None)","('bfloat16', 'bfloat16', 'int8', 'int8')","((-1, -1),)","((-1, -1), (-1, -1), None, None)","((-1, -1),)","('ND',)","('ND',)","(((1, None), (1, None)), ((1, None), (1, None)), None, None)","(((1, None), (1, None)),)","((None, None),)",,1e-08,(),(),(),mat_mul_v3,(),(),True,True,(),(),True,,,0,,,(),(),(),,,,,,,"{'save_temp_cce_file': True, 'op_debug_config': 'dump_cce'}",{'save_temp_cce_file': True},DYN_OFF,"(43, 48, 50)",DYN_OFF,STC_OFF,CST_OFF,bin_op_mat_mul_v3_M_28672_K_4096_N_7168_case1818,DYN_OFF,STC_OFF,CST_OFF,32,DYN_OFF,STC_OFF,CST_OFF,659.154,DYN_OFF,STC_OFF,CST_OFF,782.2527057409952,DYN_OFF,STC_OFF,CST_OFF,23.185214042663574,PASS,DYN_OFF,STC_OFF,DYN_OFF,CST_OFF,CST_OFF,99.97600979275174%,DYN_OFF,PASS,UNKNOWN,UNKNOWN,UNKNOWN,"OK,OK",PASS,DYN_OFF (DYN_OFF),"('DYN_OFF', False)",1 (0x0000000000000001),"(32, 61440, 384, 4096, 256, 256, 256, 256, 256, 64, 4096, 1, 1, 1, 1, 0, 0, 16843264, 0, 256, 1, 0)",False,DYN_OFF,DYN_OFF,,,,,"(20971520,)",DYN_OFF,STC_OFF,CST_OFF,STC_OFF,CST_OFF,506462208,47185920,Ascend910_9589
mat_mul_v3_M_20480_K_576_N_7168_case1628,UNKNOWN,mat_mul_v3,"('bfloat16', 'bfloat16', 'int8', 'int8')","((20480, 576), (576, 7168), None, None)","((20480, 7168),)","('ND',)","('ND',)","{'transpose_x1': False, 'transpose_x2': False}","{'transpose_x1': False, 'transpose_x2': False}","((20480, 576), (576, 7168), None, None)","('bfloat16',)","((20480, 7168),)","('ND',)","('ND',)","((-1, -1), (-1, -1), None, None)","('bfloat16', 'bfloat16', 'int8', 'int8')","((-1, -1),)","((-1, -1), (-1, -1), None, None)","((-1, -1),)","('ND',)","('ND',)","(((1, None), (1, None)), ((1, None), (1, None)), None, None)","(((1, None), (1, None)),)","((None, None),)",,1e-08,(),(),(),mat_mul_v3,(),(),True,True,(),(),True,,,0,,,(),(),(),,,,,,,"{'save_temp_cce_file': True, 'op_debug_config': 'dump_cce'}",{'save_temp_cce_file': True},DYN_OFF,"(46, 51, 42)",DYN_OFF,STC_OFF,CST_OFF,bin_op_mat_mul_v3_M_28672_K_4096_N_7168_case1818,DYN_OFF,STC_OFF,CST_OFF,32,DYN_OFF,STC_OFF,CST_OFF,436.125,DYN_OFF,STC_OFF,CST_OFF,694.9855796789911,DYN_OFF,STC_OFF,CST_OFF,23.185214042663574,PASS,DYN_OFF,STC_OFF,DYN_OFF,CST_OFF,CST_OFF,99.9899993624006%,DYN_OFF,PASS,UNKNOWN,UNKNOWN,UNKNOWN,"OK,OK",PASS,DYN_OFF (DYN_OFF),"('DYN_OFF', False)",1 (0x0000000000000001),"(32, 20480, 7168, 576, 256, 256, 256, 256, 256, 64, 576, 1, 1, 1, 1, 0, 0, 16843264, 0, 256, 1, 0)",False,DYN_OFF,DYN_OFF,,,,,"(20971520,)",DYN_OFF,STC_OFF,CST_OFF,STC_OFF,CST_OFF,31850496,293601280,Ascend910_9589
mat_mul_v3_M_61440_K_7168_N_1152_case1475,UNKNOWN,mat_mul_v3,"('bfloat16', 'bfloat16', 'int8', 'int8')","((61440, 7168), (7168, 1152), None, None)","((61440, 1152),)","('ND',)","('ND',)","{'transpose_x1': False, 'transpose_x2': False}","{'transpose_x1': False, 'transpose_x2': False}","((61440, 7168), (7168, 1152), None, None)","('bfloat16',)","((61440, 1152),)","('ND',)","('ND',)","((-1, -1), (-1, -1), None, None)","('bfloat16', 'bfloat16', 'int8', 'int8')","((-1, -1),)","((-1, -1), (-1, -1), None, None)","((-1, -1),)","('ND',)","('ND',)","(((1, None), (1, None)), ((1, None), (1, None)), None, None)","(((1, None), (1, None)),)","((None, None),)",,1e-08,(),(),(),mat_mul_v3,(),(),True,True,(),(),True,,,0,,,(),(),(),,,,,,,"{'save_temp_cce_file': True, 'op_debug_config': 'dump_cce'}",{'save_temp_cce_file': True},DYN_OFF,"(41, 51, 51)",DYN_OFF,STC_OFF,CST_OFF,bin_op_mat_mul_v3_M_28672_K_4096_N_7168_case1818,DYN_OFF,STC_OFF,CST_OFF,32,DYN_OFF,STC_OFF,CST_OFF,2407.139,DYN_OFF,STC_OFF,CST_OFF,401.9415982521159,DYN_OFF,STC_OFF,CST_OFF,23.185214042663574,PASS,DYN_OFF,STC_OFF,DYN_OFF,CST_OFF,CST_OFF,99.96987660725911%,DYN_OFF,PASS,UNKNOWN,UNKNOWN,UNKNOWN,"OK,OK",PASS,DYN_OFF (DYN_OFF),"('DYN_OFF', False)",1 (0x0000000000000001),"(32, 61440, 1152, 7168, 256, 256, 256, 256, 256, 64, 7168, 2, 1, 1, 1, 0, 0, 16843264, 0, 256, 1, 0)",False,DYN_OFF,DYN_OFF,,,,,"(20971520,)",DYN_OFF,STC_OFF,CST_OFF,STC_OFF,CST_OFF,897318912,141557760,Ascend910_9589
mat_mul_v3_M_2_K_1024_N_7168_case1294,UNKNOWN,mat_mul_v3,"('bfloat16', 'bfloat16', 'int8', 'int8')","((2, 1024), (1024, 7168), None, None)","((2, 7168),)","('ND',)","('ND',)","{'transpose_x1': False, 'transpose_x2': False}","{'transpose_x1': False, 'transpose_x2': False}","((2, 1024), (1024, 7168), None, None)","('bfloat16',)","((2, 7168),)","('ND',)","('ND',)","((-1, -1), (-1, -1), None, None)","('bfloat16', 'bfloat16', 'int8', 'int8')","((-1, -1),)","((-1, -1), (-1, -1), None, None)","((-1, -1),)","('ND',)","('ND',)","(((1, None), (1, None)), ((1, None), (1, None)), None, None)","(((1, None), (1, None)),)","((None, None),)",,1e-08,(),(),(),mat_mul_v3,(),(),True,True,(),(),True,,,0,,,(),(),(),,,,,,,"{'save_temp_cce_file': True, 'op_debug_config': 'dump_cce'}",{'save_temp_cce_file': True},DYN_OFF,"(43, 49, 47)",DYN_OFF,STC_OFF,CST_OFF,bin_op_mat_mul_v3_M_28672_K_4096_N_7168_case1818,DYN_OFF,STC_OFF,CST_OFF,32,DYN_OFF,STC_OFF,CST_OFF,12.718,DYN_OFF,STC_OFF,CST_OFF,1077.401523677072,DYN_OFF,STC_OFF,CST_OFF,23.185214042663574,PASS,DYN_OFF,STC_OFF,DYN_OFF,CST_OFF,CST_OFF,99.98604910714286%,DYN_OFF,PASS,UNKNOWN,UNKNOWN,UNKNOWN,"OK,OK",PASS,DYN_OFF (DYN_OFF),"('DYN_OFF', False)",1 (0x0000000000000001),"(32, 2, 7168, 1024, 16, 224, 256, 16, 224, 64, 1024, 1, 1, 1, 1, 0, 0, 16908800, 0, 16, 1, 0)",False,DYN_OFF,DYN_OFF,,,,,"(20971520,)",DYN_OFF,STC_OFF,CST_OFF,STC_OFF,CST_OFF,14684160,28672,Ascend910_9589
mat_mul_v3_M_2048_K_4096_N_1152_case17,UNKNOWN,mat_mul_v3,"('bfloat16', 'bfloat16', 'int8', 'int8')","((2048, 4096), (4096, 1152), None, None)","((2048, 1152),)","('ND',)","('ND',)","{'transpose_x1': False, 'transpose_x2': False}","{'transpose_x1': False, 'transpose_x2': False}","((2048, 4096), (4096, 1152), None, None)","('bfloat16',)","((2048, 1152),)","('ND',)","('ND',)","((-1, -1), (-1, -1), None, None)","('bfloat16', 'bfloat16', 'int8', 'int8')","((-1, -1),)","((-1, -1), (-1, -1), None, None)","((-1, -1),)","('ND',)","('ND',)","(((1, None), (1, None)), ((1, None), (1, None)), None, None)","(((1, None), (1, None)),)","((None, None),)",,1e-08,(),(),(),mat_mul_v3,(),(),True,True,(),(),True,,,0,,,(),(),(),,,,,,,"{'save_temp_cce_file': True, 'op_debug_config': 'dump_cce'}",{'save_temp_cce_file': True},DYN_OFF,"(40, 46, 50)",DYN_OFF,STC_OFF,CST_OFF,bin_op_mat_mul_v3_M_28672_K_4096_N_7168_case1818,DYN_OFF,STC_OFF,CST_OFF,32,DYN_OFF,STC_OFF,CST_OFF,58.748,DYN_OFF,STC_OFF,CST_OFF,490.3757361952748,DYN_OFF,STC_OFF,CST_OFF,23.185214042663574,PASS,DYN_OFF,STC_OFF,DYN_OFF,CST_OFF,CST_OFF,99.97545878092447%,DYN_OFF,PASS,UNKNOWN,UNKNOWN,UNKNOWN,"OK,OK",PASS,DYN_OFF (DYN_OFF),"('DYN_OFF', False)",1 (0x0000000000000001),"(32, 2048, 1152, 4096, 256, 256, 256, 256, 256, 64, 4096, 2, 2, 1, 1, 0, 0, 16843264, 0, 256, 1, 0)",False,DYN_OFF,DYN_OFF,,,,,"(20971520,)",DYN_OFF,STC_OFF,CST_OFF,STC_OFF,CST_OFF,26214400,4718592,Ascend910_9589
mat_mul_v3_M_5120_K_288_N_7168_case1586,UNKNOWN,mat_mul_v3,"('bfloat16', 'bfloat16', 'int8', 'int8')","((5120, 288), (288, 7168), None, None)","((5120, 7168),)","('ND',)","('ND',)","{'transpose_x1': False, 'transpose_x2': False}","{'transpose_x1': False, 'transpose_x2': False}","((5120, 288), (288, 7168), None, None)","('bfloat16',)","((5120, 7168),)","('ND',)","('ND',)","((-1, -1), (-1, -1), None, None)","('bfloat16', 'bfloat16', 'int8', 'int8')","((-1, -1),)","((-1, -1), (-1, -1), None, None)","((-1, -1),)","('ND',)","('ND',)","(((1, None), (1, None)), ((1, None), (1, None)), None, None)","(((1, None), (1, None)),)","((None, None),)",,1e-08,(),(),(),mat_mul_v3,(),(),True,True,(),(),True,,,0,,,(),(),(),,,,,,,"{'save_temp_cce_file': True, 'op_debug_config': 'dump_cce'}",{'save_temp_cce_file': True},DYN_OFF,"(30, 33, 35)",DYN_OFF,STC_OFF,CST_OFF,bin_op_mat_mul_v3_M_28672_K_4096_N_7168_case1818,DYN_OFF,STC_OFF,CST_OFF,32,DYN_OFF,STC_OFF,CST_OFF,69.914,DYN_OFF,STC_OFF,CST_OFF,1072.048114469205,DYN_OFF,STC_OFF,CST_OFF,23.185214042663574,PASS,DYN_OFF,STC_OFF,DYN_OFF,CST_OFF,CST_OFF,99.99484198434013%,DYN_OFF,PASS,UNKNOWN,UNKNOWN,UNKNOWN,"OK,OK",PASS,DYN_OFF (DYN_OFF),"('DYN_OFF', False)",1 (0x0000000000000001),"(32, 5120, 7168, 288, 256, 256, 256, 256, 256, 64, 288, 2, 1, 1, 1, 0, 0, 16843264, 0, 256, 1, 0)",False,DYN_OFF,DYN_OFF,,,,,"(20971520,)",DYN_OFF,STC_OFF,CST_OFF,STC_OFF,CST_OFF,7077888,73400320,Ascend910_9589
mat_mul_v3_M_2048_K_144_N_7168_case1528,UNKNOWN,mat_mul_v3,"('bfloat16', 'bfloat16', 'int8', 'int8')","((2048, 144), (144, 7168), None, None)","((2048, 7168),)","('ND',)","('ND',)","{'transpose_x1': False, 'transpose_x2': False}","{'transpose_x1': False, 'transpose_x2': False}","((2048, 144), (144, 7168), None, None)","('bfloat16',)","((2048, 7168),)","('ND',)","('ND',)","((-1, -1), (-1, -1), None, None)","('bfloat16', 'bfloat16', 'int8', 'int8')","((-1, -1),)","((-1, -1), (-1, -1), None, None)","((-1, -1),)","('ND',)","('ND',)","(((1, None), (1, None)), ((1, None), (1, None)), None, None)","(((1, None), (1, None)),)","((None, None),)",,1e-08,(),(),(),mat_mul_v3,(),(),True,True,(),(),True,,,0,,,(),(),(),,,,,,,"{'save_temp_cce_file': True, 'op_debug_config': 'dump_cce'}",{'save_temp_cce_file': True},DYN_OFF,"(43, 47, 50)",DYN_OFF,STC_OFF,CST_OFF,bin_op_mat_mul_v3_M_28672_K_4096_N_7168_case1818,DYN_OFF,STC_OFF,CST_OFF,32,DYN_OFF,STC_OFF,CST_OFF,16.85,DYN_OFF,STC_OFF,CST_OFF,1769.4761915801187,DYN_OFF,STC_OFF,CST_OFF,23.185214042663574,PASS,DYN_OFF,STC_OFF,DYN_OFF,CST_OFF,CST_OFF,99.99697549002511%,DYN_OFF,PASS,UNKNOWN,UNKNOWN,UNKNOWN,"OK,OK",PASS,DYN_OFF (DYN_OFF),"('DYN_OFF', False)",1 (0x0000000000000001),"(32, 2048, 7168, 144, 256, 256, 256, 256, 256, 64, 144, 1, 1, 1, 1, 0, 0, 16843264, 0, 256, 1, 0)",False,DYN_OFF,DYN_OFF,,,,,"(20971520,)",DYN_OFF,STC_OFF,CST_OFF,STC_OFF,CST_OFF,2654208,29360128,Ascend910_9589
mat_mul_v3_M_4096_K_2304_N_7168_case1626,UNKNOWN,mat_mul_v3,"('bfloat16', 'bfloat16', 'int8', 'int8')","((4096, 2304), (2304, 7168), None, None)","((4096, 7168),)","('ND',)","('ND',)","{'transpose_x1': False, 'transpose_x2': False}","{'transpose_x1': False, 'transpose_x2': False}","((4096, 2304), (2304, 7168), None, None)","('bfloat16',)","((4096, 7168),)","('ND',)","('ND',)","((-1, -1), (-1, -1), None, None)","('bfloat16', 'bfloat16', 'int8', 'int8')","((-1, -1),)","((-1, -1), (-1, -1), None, None)","((-1, -1),)","('ND',)","('ND',)","(((1, None), (1, None)), ((1, None), (1, None)), None, None)","(((1, None), (1, None)),)","((None, None),)",,1e-08,(),(),(),mat_mul_v3,(),(),True,True,(),(),True,,,0,,,(),(),(),,,,,,,"{'save_temp_cce_file': True, 'op_debug_config': 'dump_cce'}",{'save_temp_cce_file': True},DYN_OFF,"(43, 46, 54)",DYN_OFF,STC_OFF,CST_OFF,bin_op_mat_mul_v3_M_28672_K_4096_N_7168_case1818,DYN_OFF,STC_OFF,CST_OFF,32,DYN_OFF,STC_OFF,CST_OFF,321.237,DYN_OFF,STC_OFF,CST_OFF,320.72066340427784,DYN_OFF,STC_OFF,CST_OFF,23.185214042663574,PASS,DYN_OFF,STC_OFF,DYN_OFF,CST_OFF,CST_OFF,99.98073918478829%,DYN_OFF,PASS,UNKNOWN,UNKNOWN,UNKNOWN,"OK,OK",PASS,DYN_OFF (DYN_OFF),"('DYN_OFF', False)",1 (0x0000000000000001),"(32, 4096, 7168, 2304, 256, 256, 256, 256, 256, 64, 2304, 1, 1, 1, 1, 0, 0, 16843264, 0, 256, 1, 0)",False,DYN_OFF,DYN_OFF,,,,,"(20971520,)",DYN_OFF,STC_OFF,CST_OFF,STC_OFF,CST_OFF,51904512,58720256,Ascend910_9589
mat_mul_v3_M_16_K_7168_N_1152_case1496,UNKNOWN,mat_mul_v3,"('bfloat16', 'bfloat16', 'int8', 'int8')","((16, 7168), (7168, 1152), None, None)","((16, 1152),)","('ND',)","('ND',)","{'transpose_x1': False, 'transpose_x2': False}","{'transpose_x1': False, 'transpose_x2': False}","((16, 7168), (7168, 1152), None, None)","('bfloat16',)","((16, 1152),)","('ND',)","('ND',)","((-1, -1), (-1, -1), None, None)","('bfloat16', 'bfloat16', 'int8', 'int8')","((-1, -1),)","((-1, -1), (-1, -1), None, None)","((-1, -1),)","('ND',)","('ND',)","(((1, None), (1, None)), ((1, None), (1, None)), None, None)","(((1, None), (1, None)),)","((None, None),)",,1e-08,(),(),(),mat_mul_v3,(),(),True,True,(),(),True,,,0,,,(),(),(),,,,,,,"{'save_temp_cce_file': True, 'op_debug_config': 'dump_cce'}",{'save_temp_cce_file': True},DYN_OFF,"(39, 48, 46)",DYN_OFF,STC_OFF,CST_OFF,bin_op_mat_mul_v3_M_28672_K_4096_N_7168_case1818,DYN_OFF,STC_OFF,CST_OFF,32,DYN_OFF,STC_OFF,CST_OFF,16.655,DYN_OFF,STC_OFF,CST_OFF,938.385751862241,DYN_OFF,STC_OFF,CST_OFF,23.185214042663574,PASS,DYN_OFF,STC_OFF,DYN_OFF,CST_OFF,CST_OFF,99.97287326388889%,DYN_OFF,PASS,UNKNOWN,UNKNOWN,UNKNOWN,"OK,OK",PASS,DYN_OFF (DYN_OFF),"('DYN_OFF', False)",4097 (0x0000000000001001),"(32, 16, 1152, 7168, 16, 240, 256, 16, 240, 64, 1195, 1, 1, 1, 1, 0, 0, 16843264, 0, 16, 1, 0)",False,DYN_OFF,DYN_OFF,,,,,"(29360128,)",DYN_OFF,STC_OFF,CST_OFF,STC_OFF,CST_OFF,16744448,36864,Ascend910_9589
mat_mul_v3_M_1024_K_4096_N_256_case7,UNKNOWN,mat_mul_v3,"('bfloat16', 'bfloat16', 'int8', 'int8')","((1024, 4096), (4096, 256), None, None)","((1024, 256),)","('ND',)","('ND',)","{'transpose_x1': False, 'transpose_x2': False}","{'transpose_x1': False, 'transpose_x2': False}","((1024, 4096), (4096, 256), None, None)","('bfloat16',)","((1024, 256),)","('ND',)","('ND',)","((-1, -1), (-1, -1), None, None)","('bfloat16', 'bfloat16', 'int8', 'int8')","((-1, -1),)","((-1, -1), (-1, -1), None, None)","((-1, -1),)","('ND',)","('ND',)","(((1, None), (1, None)), ((1, None), (1, None)), None, None)","(((1, None), (1, None)),)","((None, None),)",,1e-08,(),(),(),mat_mul_v3,(),(),True,True,(),(),True,,,0,,,(),(),(),,,,,,,"{'save_temp_cce_file': True, 'op_debug_config': 'dump_cce'}",{'save_temp_cce_file': True},DYN_OFF,"(40, 43, 47)",DYN_OFF,STC_OFF,CST_OFF,bin_op_mat_mul_v3_M_28672_K_4096_N_7168_case1818,DYN_OFF,STC_OFF,CST_OFF,32,DYN_OFF,STC_OFF,CST_OFF,16.67,DYN_OFF,STC_OFF,CST_OFF,615.1113527294541,DYN_OFF,STC_OFF,CST_OFF,23.185214042663574,PASS,DYN_OFF,STC_OFF,DYN_OFF,CST_OFF,CST_OFF,99.98741149902344%,DYN_OFF,PASS,UNKNOWN,UNKNOWN,UNKNOWN,"OK,OK",PASS,DYN_OFF (DYN_OFF),"('DYN_OFF', False)",4097 (0x0000000000001001),"(32, 1024, 256, 4096, 256, 256, 256, 256, 256, 64, 512, 1, 1, 1, 1, 0, 0, 16843264, 0, 256, 1, 0)",False,DYN_OFF,DYN_OFF,,,,,"(29360128,)",DYN_OFF,STC_OFF,CST_OFF,STC_OFF,CST_OFF,10485760,524288,Ascend910_9589
mat_mul_v3_M_2_K_4096_N_3072_case355,UNKNOWN,mat_mul_v3,"('bfloat16', 'bfloat16', 'int8', 'int8')","((2, 4096), (4096, 3072), None, None)","((2, 3072),)","('ND',)","('ND',)","{'transpose_x1': False, 'transpose_x2': False}","{'transpose_x1': False, 'transpose_x2': False}","((2, 4096), (4096, 3072), None, None)","('bfloat16',)","((2, 3072),)","('ND',)","('ND',)","((-1, -1), (-1, -1), None, None)","('bfloat16', 'bfloat16', 'int8', 'int8')","((-1, -1),)","((-1, -1), (-1, -1), None, None)","((-1, -1),)","('ND',)","('ND',)","(((1, None), (1, None)), ((1, None), (1, None)), None, None)","(((1, None), (1, None)),)","((None, None),)",,1e-08,(),(),(),mat_mul_v3,(),(),True,True,(),(),True,,,0,,,(),(),(),,,,,,,"{'save_temp_cce_file': True, 'op_debug_config': 'dump_cce'}",{'save_temp_cce_file': True},DYN_OFF,"(37, 43, 42)",DYN_OFF,STC_OFF,CST_OFF,bin_op_mat_mul_v3_M_28672_K_4096_N_7168_case1818,DYN_OFF,STC_OFF,CST_OFF,32,DYN_OFF,STC_OFF,CST_OFF,19.668,DYN_OFF,STC_OFF,CST_OFF,1193.0141794213635,DYN_OFF,STC_OFF,CST_OFF,23.185214042663574,PASS,DYN_OFF,STC_OFF,DYN_OFF,CST_OFF,CST_OFF,99.951171875%,DYN_OFF,PASS,UNKNOWN,UNKNOWN,UNKNOWN,"OK,OK",PASS,DYN_OFF (DYN_OFF),"('DYN_OFF', False)",4097 (0x0000000000001001),"(32, 2, 3072, 4096, 16, 192, 256, 16, 192, 64, 2048, 1, 1, 1, 1, 0, 0, 16843264, 0, 16, 1, 0)",False,DYN_OFF,DYN_OFF,,,,,"(29360128,)",DYN_OFF,STC_OFF,CST_OFF,STC_OFF,CST_OFF,25182208,12288,Ascend910_9589
mat_mul_v3_M_7168_K_256_N_4096_case191,UNKNOWN,mat_mul_v3,"('bfloat16', 'bfloat16', 'int8', 'int8')","((7168, 256), (256, 4096), None, None)","((7168, 4096),)","('ND',)","('ND',)","{'transpose_x1': False, 'transpose_x2': False}","{'transpose_x1': False, 'transpose_x2': False}","((7168, 256), (256, 4096), None, None)","('bfloat16',)","((7168, 4096),)","('ND',)","('ND',)","((-1, -1), (-1, -1), None, None)","('bfloat16', 'bfloat16', 'int8', 'int8')","((-1, -1),)","((-1, -1), (-1, -1), None, None)","((-1, -1),)","('ND',)","('ND',)","(((1, None), (1, None)), ((1, None), (1, None)), None, None)","(((1, None), (1, None)),)","((None, None),)",,1e-08,(),(),(),mat_mul_v3,(),(),True,True,(),(),True,,,0,,,(),(),(),,,,,,,"{'save_temp_cce_file': True, 'op_debug_config': 'dump_cce'}",{'save_temp_cce_file': True},DYN_OFF,"(43, 48, 44)",DYN_OFF,STC_OFF,CST_OFF,bin_op_mat_mul_v3_M_28672_K_4096_N_7168_case1818,DYN_OFF,STC_OFF,CST_OFF,32,DYN_OFF,STC_OFF,CST_OFF,42.433,DYN_OFF,STC_OFF,CST_OFF,1415.3746789055688,DYN_OFF,STC_OFF,CST_OFF,23.185214042663574,PASS,DYN_OFF,STC_OFF,DYN_OFF,CST_OFF,CST_OFF,99.99501364571708%,DYN_OFF,PASS,UNKNOWN,UNKNOWN,UNKNOWN,"OK,OK",PASS,DYN_OFF (DYN_OFF),"('DYN_OFF', False)",1 (0x0000000000000001),"(32, 7168, 4096, 256, 256, 256, 256, 256, 256, 64, 256, 1, 1, 1, 1, 0, 0, 16843264, 0, 256, 1, 0)",False,DYN_OFF,DYN_OFF,,,,,"(20971520,)",DYN_OFF,STC_OFF,CST_OFF,STC_OFF,CST_OFF,5767168,58720256,Ascend910_9589
mat_mul_v3_M_10240_K_4096_N_2304_case535,UNKNOWN,mat_mul_v3,"('bfloat16', 'bfloat16', 'int8', 'int8')","((10240, 4096), (4096, 2304), None, None)","((10240, 2304),)","('ND',)","('ND',)","{'transpose_x1': False, 'transpose_x2': False}","{'transpose_x1': False, 'transpose_x2': False}","((10240, 4096), (4096, 2304), None, None)","('bfloat16',)","((10240, 2304),)","('ND',)","('ND',)","((-1, -1), (-1, -1), None, None)","('bfloat16', 'bfloat16', 'int8', 'int8')","((-1, -1),)","((-1, -1), (-1, -1), None, None)","((-1, -1),)","('ND',)","('ND',)","(((1, None), (1, None)), ((1, None), (1, None)), None, None)","(((1, None), (1, None)),)","((None, None),)",,1e-08,(),(),(),mat_mul_v3,(),(),True,True,(),(),True,,,0,,,(),(),(),,,,,,,"{'save_temp_cce_file': True, 'op_debug_config': 'dump_cce'}",{'save_temp_cce_file': True},DYN_OFF,"(37, 49, 45)",DYN_OFF,STC_OFF,CST_OFF,bin_op_mat_mul_v3_M_28672_K_4096_N_7168_case1818,DYN_OFF,STC_OFF,CST_OFF,32,DYN_OFF,STC_OFF,CST_OFF,457.854,DYN_OFF,STC_OFF,CST_OFF,305.00648132374073,DYN_OFF,STC_OFF,CST_OFF,23.185214042663574,PASS,DYN_OFF,STC_OFF,DYN_OFF,CST_OFF,CST_OFF,99.97610304090712%,DYN_OFF,PASS,UNKNOWN,UNKNOWN,UNKNOWN,"OK,OK",PASS,DYN_OFF (DYN_OFF),"('DYN_OFF', False)",4097 (0x0000000000001001),"(32, 10240, 2304, 4096, 256, 256, 256, 256, 256, 64, 1024, 1, 1, 1, 1, 0, 0, 16843264, 0, 256, 1, 0)",False,DYN_OFF,DYN_OFF,,,,,"(29360128,)",DYN_OFF,STC_OFF,CST_OFF,STC_OFF,CST_OFF,102760448,47185920,Ascend910_9589
mat_mul_v3_M_40960_K_4096_N_4096_case720,UNKNOWN,mat_mul_v3,"('bfloat16', 'bfloat16', 'int8', 'int8')","((40960, 4096), (4096, 4096), None, None)","((40960, 4096),)","('ND',)","('ND',)","{'transpose_x1': False, 'transpose_x2': False}","{'transpose_x1': False, 'transpose_x2': False}","((40960, 4096), (4096, 4096), None, None)","('bfloat16',)","((40960, 4096),)","('ND',)","('ND',)","((-1, -1), (-1, -1), None, None)","('bfloat16', 'bfloat16', 'int8', 'int8')","((-1, -1),)","((-1, -1), (-1, -1), None, None)","((-1, -1),)","('ND',)","('ND',)","(((1, None), (1, None)), ((1, None), (1, None)), None, None)","(((1, None), (1, None)),)","((None, None),)",,1e-08,(),(),(),mat_mul_v3,(),(),True,True,(),(),True,,,0,,,(),(),(),,,,,,,"{'save_temp_cce_file': True, 'op_debug_config': 'dump_cce'}",{'save_temp_cce_file': True},DYN_OFF,"(31, 34, 36)",DYN_OFF,STC_OFF,CST_OFF,bin_op_mat_mul_v3_M_28672_K_4096_N_7168_case1818,DYN_OFF,STC_OFF,CST_OFF,32,DYN_OFF,STC_OFF,CST_OFF,3194.773,DYN_OFF,STC_OFF,CST_OFF,205.41365536768967,DYN_OFF,STC_OFF,CST_OFF,23.185214042663574,PASS,DYN_OFF,STC_OFF,DYN_OFF,CST_OFF,CST_OFF,99.9759441614151%,DYN_OFF,PASS,UNKNOWN,UNKNOWN,UNKNOWN,"OK,OK",PASS,DYN_OFF (DYN_OFF),"('DYN_OFF', False)",1 (0x0000000000000001),"(32, 40960, 4096, 4096, 256, 256, 256, 256, 256, 64, 4096, 1, 1, 1, 1, 0, 0, 16843264, 0, 256, 1, 0)",False,DYN_OFF,DYN_OFF,,,,,"(20971520,)",DYN_OFF,STC_OFF,CST_OFF,STC_OFF,CST_OFF,369098752,335544320,Ascend910_9589
mat_mul_v3_M_3584_K_4096_N_384_case29,UNKNOWN,mat_mul_v3,"('bfloat16', 'bfloat16', 'int8', 'int8')","((3584, 4096), (4096, 384), None, None)","((3584, 384),)","('ND',)","('ND',)","{'transpose_x1': False, 'transpose_x2': False}","{'transpose_x1': False, 'transpose_x2': False}","((3584, 4096), (4096, 384), None, None)","('bfloat16',)","((3584, 384),)","('ND',)","('ND',)","((-1, -1), (-1, -1), None, None)","('bfloat16', 'bfloat16', 'int8', 'int8')","((-1, -1),)","((-1, -1), (-1, -1), None, None)","((-1, -1),)","('ND',)","('ND',)","(((1, None), (1, None)), ((1, None), (1, None)), None, None)","(((1, None), (1, None)),)","((None, None),)",,1e-08,(),(),(),mat_mul_v3,(),(),True,True,(),(),True,,,0,,,(),(),(),,,,,,,"{'save_temp_cce_file': True, 'op_debug_config': 'dump_cce'}",{'save_temp_cce_file': True},DYN_OFF,"(46, 50, 53)",DYN_OFF,STC_OFF,CST_OFF,bin_op_mat_mul_v3_M_28672_K_4096_N_7168_case1818,DYN_OFF,STC_OFF,CST_OFF,32,DYN_OFF,STC_OFF,CST_OFF,37.494,DYN_OFF,STC_OFF,CST_OFF,875.7911682535872,DYN_OFF,STC_OFF,CST_OFF,23.185214042663574,PASS,DYN_OFF,STC_OFF,DYN_OFF,CST_OFF,CST_OFF,99.97696649460566%,DYN_OFF,PASS,UNKNOWN,UNKNOWN,UNKNOWN,"OK,OK",PASS,DYN_OFF (DYN_OFF),"('DYN_OFF', False)",1 (0x0000000000000001),"(32, 3584, 384, 4096, 224, 192, 256, 224, 192, 64, 4096, 1, 1, 1, 1, 0, 0, 16843264, 0, 224, 1, 0)",False,DYN_OFF,DYN_OFF,,,,,"(20971520,)",DYN_OFF,STC_OFF,CST_OFF,STC_OFF,CST_OFF,32505856,2752512,Ascend910_9589
mat_mul_v3_M_5120_K_4096_N_4096_case581,UNKNOWN,mat_mul_v3,"('bfloat16', 'bfloat16', 'int8', 'int8')","((5120, 4096), (4096, 4096), None, None)","((5120, 4096),)","('ND',)","('ND',)","{'transpose_x1': False, 'transpose_x2': False}","{'transpose_x1': False, 'transpose_x2': False}","((5120, 4096), (4096, 4096), None, None)","('bfloat16',)","((5120, 4096),)","('ND',)","('ND',)","((-1, -1), (-1, -1), None, None)","('bfloat16', 'bfloat16', 'int8', 'int8')","((-1, -1),)","((-1, -1), (-1, -1), None, None)","((-1, -1),)","('ND',)","('ND',)","(((1, None), (1, None)), ((1, None), (1, None)), None, None)","(((1, None), (1, None)),)","((None, None),)",,1e-08,(),(),(),mat_mul_v3,(),(),True,True,(),(),True,,,0,,,(),(),(),,,,,,,"{'save_temp_cce_file': True, 'op_debug_config': 'dump_cce'}",{'save_temp_cce_file': True},DYN_OFF,"(46, 51, 53)",DYN_OFF,STC_OFF,CST_OFF,bin_op_mat_mul_v3_M_28672_K_4096_N_7168_case1818,DYN_OFF,STC_OFF,CST_OFF,32,DYN_OFF,STC_OFF,CST_OFF,406.023,DYN_OFF,STC_OFF,CST_OFF,269.3812912076409,DYN_OFF,STC_OFF,CST_OFF,23.185214042663574,PASS,DYN_OFF,STC_OFF,DYN_OFF,CST_OFF,CST_OFF,99.9760103225708%,DYN_OFF,PASS,UNKNOWN,UNKNOWN,UNKNOWN,"OK,OK",PASS,DYN_OFF (DYN_OFF),"('DYN_OFF', False)",1 (0x0000000000000001),"(32, 5120, 4096, 4096, 256, 256, 256, 256, 256, 64, 4096, 1, 1, 1, 1, 0, 0, 16843264, 0, 256, 1, 0)",False,DYN_OFF,DYN_OFF,,,,,"(20971520,)",DYN_OFF,STC_OFF,CST_OFF,STC_OFF,CST_OFF,75497472,41943040,Ascend910_9589
mat_mul_v3_M_20480_K_2048_N_7168_case1797,UNKNOWN,mat_mul_v3,"('bfloat16', 'bfloat16', 'int8', 'int8')","((20480, 2048), (2048, 7168), None, None)","((20480, 7168),)","('ND',)","('ND',)","{'transpose_x1': False, 'transpose_x2': False}","{'transpose_x1': False, 'transpose_x2': False}","((20480, 2048), (2048, 7168), None, None)","('bfloat16',)","((20480, 7168),)","('ND',)","('ND',)","((-1, -1), (-1, -1), None, None)","('bfloat16', 'bfloat16', 'int8', 'int8')","((-1, -1),)","((-1, -1), (-1, -1), None, None)","((-1, -1),)","('ND',)","('ND',)","(((1, None), (1, None)), ((1, None), (1, None)), None, None)","(((1, None), (1, None)),)","((None, None),)",,1e-08,(),(),(),mat_mul_v3,(),(),True,True,(),(),True,,,0,,,(),(),(),,,,,,,"{'save_temp_cce_file': True, 'op_debug_config': 'dump_cce'}",{'save_temp_cce_file': True},DYN_OFF,"(34, 48, 55)",DYN_OFF,STC_OFF,CST_OFF,bin_op_mat_mul_v3_M_28672_K_4096_N_7168_case1818,DYN_OFF,STC_OFF,CST_OFF,32,DYN_OFF,STC_OFF,CST_OFF,1406.135,DYN_OFF,STC_OFF,CST_OFF,269.46648081443107,DYN_OFF,STC_OFF,CST_OFF,23.185214042663574,PASS,DYN_OFF,STC_OFF,DYN_OFF,CST_OFF,CST_OFF,99.98162473951068%,DYN_OFF,PASS,UNKNOWN,UNKNOWN,UNKNOWN,"OK,OK",PASS,DYN_OFF (DYN_OFF),"('DYN_OFF', False)",1 (0x0000000000000001),"(32, 20480, 7168, 2048, 256, 256, 256, 256, 256, 64, 2048, 1, 1, 1, 1, 0, 0, 16843264, 0, 256, 1, 0)",False,DYN_OFF,DYN_OFF,,,,,"(20971520,)",DYN_OFF,STC_OFF,CST_OFF,STC_OFF,CST_OFF,113246208,293601280,Ascend910_9589
mat_mul_v3_M_14336_K_4096_N_1152_case114,UNKNOWN,mat_mul_v3,"('bfloat16', 'bfloat16', 'int8', 'int8')","((14336, 4096), (4096, 1152), None, None)","((14336, 1152),)","('ND',)","('ND',)","{'transpose_x1': False, 'transpose_x2': False}","{'transpose_x1': False, 'transpose_x2': False}","((14336, 4096), (4096, 1152), None, None)","('bfloat16',)","((14336, 1152),)","('ND',)","('ND',)","((-1, -1), (-1, -1), None, None)","('bfloat16', 'bfloat16', 'int8', 'int8')","((-1, -1),)","((-1, -1), (-1, -1), None, None)","((-1, -1),)","('ND',)","('ND',)","(((1, None), (1, None)), ((1, None), (1, None)), None, None)","(((1, None), (1, None)),)","((None, None),)",,1e-08,(),(),(),mat_mul_v3,(),(),True,True,(),(),True,,,0,,,(),(),(),,,,,,,"{'save_temp_cce_file': True, 'op_debug_config': 'dump_cce'}",{'save_temp_cce_file': True},DYN_OFF,"(43, 51, 50)",DYN_OFF,STC_OFF,CST_OFF,bin_op_mat_mul_v3_M_28672_K_4096_N_7168_case1818,DYN_OFF,STC_OFF,CST_OFF,32,DYN_OFF,STC_OFF,CST_OFF,346.974,DYN_OFF,STC_OFF,CST_OFF,429.213085850813,DYN_OFF,STC_OFF,CST_OFF,23.185214042663574,PASS,DYN_OFF,STC_OFF,DYN_OFF,CST_OFF,CST_OFF,99.97600979275174%,DYN_OFF,PASS,UNKNOWN,UNKNOWN,UNKNOWN,"OK,OK",PASS,DYN_OFF (DYN_OFF),"('DYN_OFF', False)",1 (0x0000000000000001),"(32, 14336, 1152, 4096, 256, 256, 256, 256, 256, 64, 4096, 1, 1, 1, 1, 0, 0, 16843264, 0, 256, 1, 0)",False,DYN_OFF,DYN_OFF,,,,,"(20971520,)",DYN_OFF,STC_OFF,CST_OFF,STC_OFF,CST_OFF,126877696,33030144,Ascend910_9589
mat_mul_v3_M_5120_K_4096_N_2304_case111,UNKNOWN,mat_mul_v3,"('bfloat16', 'bfloat16', 'int8', 'int8')","((5120, 4096), (4096, 2304), None, None)","((5120, 2304),)","('ND',)","('ND',)","{'transpose_x1': False, 'transpose_x2': False}","{'transpose_x1': False, 'transpose_x2': False}","((5120, 4096), (4096, 2304), None, None)","('bfloat16',)","((5120, 2304),)","('ND',)","('ND',)","((-1, -1), (-1, -1), None, None)","('bfloat16', 'bfloat16', 'int8', 'int8')","((-1, -1),)","((-1, -1), (-1, -1), None, None)","((-1, -1),)","('ND',)","('ND',)","(((1, None), (1, None)), ((1, None), (1, None)), None, None)","(((1, None), (1, None)),)","((None, None),)",,1e-08,(),(),(),mat_mul_v3,(),(),True,True,(),(),True,,,0,,,(),(),(),,,,,,,"{'save_temp_cce_file': True, 'op_debug_config': 'dump_cce'}",{'save_temp_cce_file': True},DYN_OFF,"(43, 47, 53)",DYN_OFF,STC_OFF,CST_OFF,bin_op_mat_mul_v3_M_28672_K_4096_N_7168_case1818,DYN_OFF,STC_OFF,CST_OFF,32,DYN_OFF,STC_OFF,CST_OFF,245.543,DYN_OFF,STC_OFF,CST_OFF,320.1609544967684,DYN_OFF,STC_OFF,CST_OFF,23.185214042663574,PASS,DYN_OFF,STC_OFF,DYN_OFF,CST_OFF,CST_OFF,99.97630649142795%,DYN_OFF,PASS,UNKNOWN,UNKNOWN,UNKNOWN,"OK,OK",PASS,DYN_OFF (DYN_OFF),"('DYN_OFF', False)",1 (0x0000000000000001),"(32, 5120, 2304, 4096, 256, 256, 256, 256, 256, 64, 4096, 1, 1, 1, 1, 0, 0, 16843264, 0, 256, 1, 0)",False,DYN_OFF,DYN_OFF,,,,,"(20971520,)",DYN_OFF,STC_OFF,CST_OFF,STC_OFF,CST_OFF,60817408,23592960,Ascend910_9589
mat_mul_v3_M_2_K_16384_N_7168_case1811,UNKNOWN,mat_mul_v3,"('bfloat16', 'bfloat16', 'int8', 'int8')","((2, 16384), (16384, 7168), None, None)","((2, 7168),)","('ND',)","('ND',)","{'transpose_x1': False, 'transpose_x2': False}","{'transpose_x1': False, 'transpose_x2': False}","((2, 16384), (16384, 7168), None, None)","('bfloat16',)","((2, 7168),)","('ND',)","('ND',)","((-1, -1), (-1, -1), None, None)","('bfloat16', 'bfloat16', 'int8', 'int8')","((-1, -1),)","((-1, -1), (-1, -1), None, None)","((-1, -1),)","('ND',)","('ND',)","(((1, None), (1, None)), ((1, None), (1, None)), None, None)","(((1, None), (1, None)),)","((None, None),)",,1e-08,(),(),(),mat_mul_v3,(),(),True,True,(),(),True,,,0,,,(),(),(),,,,,,,"{'save_temp_cce_file': True, 'op_debug_config': 'dump_cce'}",{'save_temp_cce_file': True},DYN_OFF,"(42, 47, 41)",DYN_OFF,STC_OFF,CST_OFF,bin_op_mat_mul_v3_M_28672_K_4096_N_7168_case1818,DYN_OFF,STC_OFF,CST_OFF,32,DYN_OFF,STC_OFF,CST_OFF,163.105,DYN_OFF,STC_OFF,CST_OFF,1341.6985257172337,DYN_OFF,STC_OFF,CST_OFF,23.185214042663574,PASS,DYN_OFF,STC_OFF,DYN_OFF,CST_OFF,CST_OFF,99.95814732142857%,DYN_OFF,PASS,UNKNOWN,UNKNOWN,UNKNOWN,"OK,OK",PASS,DYN_OFF (DYN_OFF),"('DYN_OFF', False)",1 (0x0000000000000001),"(32, 2, 7168, 16384, 16, 224, 256, 16, 224, 64, 16384, 1, 1, 1, 1, 0, 0, 16908800, 0, 16, 1, 0)",False,DYN_OFF,DYN_OFF,,,,,"(20971520,)",DYN_OFF,STC_OFF,CST_OFF,STC_OFF,CST_OFF,234946560,28672,Ascend910_9589
mat_mul_v3_M_32_K_7168_N_2112_case764,UNKNOWN,mat_mul_v3,"('bfloat16', 'bfloat16', 'int8', 'int8')","((32, 7168), (7168, 2112), None, None)","((32, 2112),)","('ND',)","('ND',)","{'transpose_x1': False, 'transpose_x2': False}","{'transpose_x1': False, 'transpose_x2': False}","((32, 7168), (7168, 2112), None, None)","('bfloat16',)","((32, 2112),)","('ND',)","('ND',)","((-1, -1), (-1, -1), None, None)","('bfloat16', 'bfloat16', 'int8', 'int8')","((-1, -1),)","((-1, -1), (-1, -1), None, None)","((-1, -1),)","('ND',)","('ND',)","(((1, None), (1, None)), ((1, None), (1, None)), None, None)","(((1, None), (1, None)),)","((None, None),)",,1e-08,(),(),(),mat_mul_v3,(),(),True,True,(),(),True,,,0,,,(),(),(),,,,,,,"{'save_temp_cce_file': True, 'op_debug_config': 'dump_cce'}",{'save_temp_cce_file': True},DYN_OFF,"(37, 47, 45)",DYN_OFF,STC_OFF,CST_OFF,bin_op_mat_mul_v3_M_28672_K_4096_N_7168_case1818,DYN_OFF,STC_OFF,CST_OFF,32,DYN_OFF,STC_OFF,CST_OFF,27.77,DYN_OFF,STC_OFF,CST_OFF,1035.33933348994,DYN_OFF,STC_OFF,CST_OFF,23.185214042663574,PASS,DYN_OFF,STC_OFF,DYN_OFF,CST_OFF,CST_OFF,99.98520359848484%,DYN_OFF,PASS,UNKNOWN,UNKNOWN,UNKNOWN,"OK,OK",PASS,DYN_OFF (DYN_OFF),"('DYN_OFF', False)",4097 (0x0000000000001001),"(32, 32, 2112, 7168, 32, 240, 256, 32, 240, 64, 2390, 1, 1, 1, 1, 0, 0, 16843264, 0, 32, 1, 0)",False,DYN_OFF,DYN_OFF,,,,,"(29360128,)",DYN_OFF,STC_OFF,CST_OFF,STC_OFF,CST_OFF,30736384,135168,Ascend910_9589
mat_mul_v3_M_40960_K_128_N_4096_case198,UNKNOWN,mat_mul_v3,"('bfloat16', 'bfloat16', 'int8', 'int8')","((40960, 128), (128, 4096), None, None)","((40960, 4096),)","('ND',)","('ND',)","{'transpose_x1': False, 'transpose_x2': False}","{'transpose_x1': False, 'transpose_x2': False}","((40960, 128), (128, 4096), None, None)","('bfloat16',)","((40960, 4096),)","('ND',)","('ND',)","((-1, -1), (-1, -1), None, None)","('bfloat16', 'bfloat16', 'int8', 'int8')","((-1, -1),)","((-1, -1), (-1, -1), None, None)","((-1, -1),)","('ND',)","('ND',)","(((1, None), (1, None)), ((1, None), (1, None)), None, None)","(((1, None), (1, None)),)","((None, None),)",,1e-08,(),(),(),mat_mul_v3,(),(),True,True,(),(),True,,,0,,,(),(),(),,,,,,,"{'save_temp_cce_file': True, 'op_debug_config': 'dump_cce'}",{'save_temp_cce_file': True},DYN_OFF,"(46, 52, 50)",DYN_OFF,STC_OFF,CST_OFF,bin_op_mat_mul_v3_M_28672_K_4096_N_7168_case1818,DYN_OFF,STC_OFF,CST_OFF,32,DYN_OFF,STC_OFF,CST_OFF,184.821,DYN_OFF,STC_OFF,CST_OFF,1748.9472922449288,DYN_OFF,STC_OFF,CST_OFF,23.185214042663574,PASS,DYN_OFF,STC_OFF,DYN_OFF,CST_OFF,CST_OFF,99.99719142913818%,DYN_OFF,PASS,UNKNOWN,UNKNOWN,UNKNOWN,"OK,OK",PASS,DYN_OFF (DYN_OFF),"('DYN_OFF', False)",1 (0x0000000000000001),"(32, 40960, 4096, 128, 256, 256, 256, 256, 256, 64, 128, 1, 1, 1, 1, 0, 0, 16843264, 0, 256, 1, 0)",False,DYN_OFF,DYN_OFF,,,,,"(20971520,)",DYN_OFF,STC_OFF,CST_OFF,STC_OFF,CST_OFF,11534336,335544320,Ascend910_9589
mat_mul_v3_M_61440_K_512_N_4096_case219,UNKNOWN,mat_mul_v3,"('bfloat16', 'bfloat16', 'int8', 'int8')","((61440, 512), (512, 4096), None, None)","((61440, 4096),)","('ND',)","('ND',)","{'transpose_x1': False, 'transpose_x2': False}","{'transpose_x1': False, 'transpose_x2': False}","((61440, 512), (512, 4096), None, None)","('bfloat16',)","((61440, 4096),)","('ND',)","('ND',)","((-1, -1), (-1, -1), None, None)","('bfloat16', 'bfloat16', 'int8', 'int8')","((-1, -1),)","((-1, -1), (-1, -1), None, None)","((-1, -1),)","('ND',)","('ND',)","(((1, None), (1, None)), ((1, None), (1, None)), None, None)","(((1, None), (1, None)),)","((None, None),)",,1e-08,(),(),(),mat_mul_v3,(),(),True,True,(),(),True,,,0,,,(),(),(),,,,,,,"{'save_temp_cce_file': True, 'op_debug_config': 'dump_cce'}",{'save_temp_cce_file': True},DYN_OFF,"(45, 49, 51)",DYN_OFF,STC_OFF,CST_OFF,bin_op_mat_mul_v3_M_28672_K_4096_N_7168_case1818,DYN_OFF,STC_OFF,CST_OFF,32,DYN_OFF,STC_OFF,CST_OFF,615.999,DYN_OFF,STC_OFF,CST_OFF,862.420231201674,DYN_OFF,STC_OFF,CST_OFF,23.185214042663574,PASS,DYN_OFF,STC_OFF,DYN_OFF,CST_OFF,CST_OFF,99.99045093854268%,DYN_OFF,PASS,UNKNOWN,UNKNOWN,UNKNOWN,"OK,OK",PASS,DYN_OFF (DYN_OFF),"('DYN_OFF', False)",1 (0x0000000000000001),"(32, 61440, 4096, 512, 256, 256, 256, 256, 256, 64, 512, 1, 1, 1, 1, 0, 0, 16843264, 0, 256, 1, 0)",False,DYN_OFF,DYN_OFF,,,,,"(20971520,)",DYN_OFF,STC_OFF,CST_OFF,STC_OFF,CST_OFF,67108864,503316480,Ascend910_9589
mat_mul_v3_M_2048_K_6144_N_4096_case406,UNKNOWN,mat_mul_v3,"('bfloat16', 'bfloat16', 'int8', 'int8')","((2048, 6144), (6144, 4096), None, None)","((2048, 4096),)","('ND',)","('ND',)","{'transpose_x1': False, 'transpose_x2': False}","{'transpose_x1': False, 'transpose_x2': False}","((2048, 6144), (6144, 4096), None, None)","('bfloat16',)","((2048, 4096),)","('ND',)","('ND',)","((-1, -1), (-1, -1), None, None)","('bfloat16', 'bfloat16', 'int8', 'int8')","((-1, -1),)","((-1, -1), (-1, -1), None, None)","((-1, -1),)","('ND',)","('ND',)","(((1, None), (1, None)), ((1, None), (1, None)), None, None)","(((1, None), (1, None)),)","((None, None),)",,1e-08,(),(),(),mat_mul_v3,(),(),True,True,(),(),True,,,0,,,(),(),(),,,,,,,"{'save_temp_cce_file': True, 'op_debug_config': 'dump_cce'}",{'save_temp_cce_file': True},DYN_OFF,"(38, 41, 48)",DYN_OFF,STC_OFF,CST_OFF,bin_op_mat_mul_v3_M_28672_K_4096_N_7168_case1818,DYN_OFF,STC_OFF,CST_OFF,32,DYN_OFF,STC_OFF,CST_OFF,245.198,DYN_OFF,STC_OFF,CST_OFF,350.4820593968955,DYN_OFF,STC_OFF,CST_OFF,23.185214042663574,PASS,DYN_OFF,STC_OFF,DYN_OFF,CST_OFF,CST_OFF,99.9718189239502%,DYN_OFF,PASS,UNKNOWN,UNKNOWN,UNKNOWN,"OK,OK",PASS,DYN_OFF (DYN_OFF),"('DYN_OFF', False)",1 (0x0000000000000001),"(32, 2048, 4096, 6144, 256, 256, 256, 256, 256, 64, 6144, 1, 1, 1, 1, 0, 0, 16843264, 0, 256, 1, 0)",False,DYN_OFF,DYN_OFF,,,,,"(20971520,)",DYN_OFF,STC_OFF,CST_OFF,STC_OFF,CST_OFF,75497472,16777216,Ascend910_9589
mat_mul_v3_M_2560_K_4096_N_2304_case25,UNKNOWN,mat_mul_v3,"('bfloat16', 'bfloat16', 'int8', 'int8')","((2560, 4096), (4096, 2304), None, None)","((2560, 2304),)","('ND',)","('ND',)","{'transpose_x1': False, 'transpose_x2': False}","{'transpose_x1': False, 'transpose_x2': False}","((2560, 4096), (4096, 2304), None, None)","('bfloat16',)","((2560, 2304),)","('ND',)","('ND',)","((-1, -1), (-1, -1), None, None)","('bfloat16', 'bfloat16', 'int8', 'int8')","((-1, -1),)","((-1, -1), (-1, -1), None, None)","((-1, -1),)","('ND',)","('ND',)","(((1, None), (1, None)), ((1, None), (1, None)), None, None)","(((1, None), (1, None)),)","((None, None),)",,1e-08,(),(),(),mat_mul_v3,(),(),True,True,(),(),True,,,0,,,(),(),(),,,,,,,"{'save_temp_cce_file': True, 'op_debug_config': 'dump_cce'}",{'save_temp_cce_file': True},DYN_OFF,"(42, 47, 48)",DYN_OFF,STC_OFF,CST_OFF,bin_op_mat_mul_v3_M_28672_K_4096_N_7168_case1818,DYN_OFF,STC_OFF,CST_OFF,32,DYN_OFF,STC_OFF,CST_OFF,124.831,DYN_OFF,STC_OFF,CST_OFF,385.28653239179374,DYN_OFF,STC_OFF,CST_OFF,23.185214042663574,PASS,DYN_OFF,STC_OFF,DYN_OFF,CST_OFF,CST_OFF,99.97473822699654%,DYN_OFF,PASS,UNKNOWN,UNKNOWN,UNKNOWN,"OK,OK",PASS,DYN_OFF (DYN_OFF),"('DYN_OFF', False)",1 (0x0000000000000001),"(32, 2560, 2304, 4096, 256, 256, 256, 256, 256, 64, 4096, 1, 1, 1, 1, 0, 0, 16843264, 0, 256, 1, 0)",False,DYN_OFF,DYN_OFF,,,,,"(20971520,)",DYN_OFF,STC_OFF,CST_OFF,STC_OFF,CST_OFF,39845888,11796480,Ascend910_9589
mat_mul_v3_M_2560_K_9216_N_7168_case1542,UNKNOWN,mat_mul_v3,"('bfloat16', 'bfloat16', 'int8', 'int8')","((2560, 9216), (9216, 7168), None, None)","((2560, 7168),)","('ND',)","('ND',)","{'transpose_x1': False, 'transpose_x2': False}","{'transpose_x1': False, 'transpose_x2': False}","((2560, 9216), (9216, 7168), None, None)","('bfloat16',)","((2560, 7168),)","('ND',)","('ND',)","((-1, -1), (-1, -1), None, None)","('bfloat16', 'bfloat16', 'int8', 'int8')","((-1, -1),)","((-1, -1), (-1, -1), None, None)","((-1, -1),)","('ND',)","('ND',)","(((1, None), (1, None)), ((1, None), (1, None)), None, None)","(((1, None), (1, None)),)","((None, None),)",,1e-08,(),(),(),mat_mul_v3,(),(),True,True,(),(),True,,,0,,,(),(),(),,,,,,,"{'save_temp_cce_file': True, 'op_debug_config': 'dump_cce'}",{'save_temp_cce_file': True},DYN_OFF,"(30, 49, 53)",DYN_OFF,STC_OFF,CST_OFF,bin_op_mat_mul_v3_M_28672_K_4096_N_7168_case1818,DYN_OFF,STC_OFF,CST_OFF,32,DYN_OFF,STC_OFF,CST_OFF,813.207,DYN_OFF,STC_OFF,CST_OFF,247.3808944094185,DYN_OFF,STC_OFF,CST_OFF,23.185214042663574,PASS,DYN_OFF,STC_OFF,DYN_OFF,CST_OFF,CST_OFF,99.96641431535993%,DYN_OFF,PASS,UNKNOWN,UNKNOWN,UNKNOWN,"OK,OK",PASS,DYN_OFF (DYN_OFF),"('DYN_OFF', False)",1 (0x0000000000000001),"(32, 2560, 7168, 9216, 256, 256, 256, 256, 256, 64, 9216, 1, 1, 1, 1, 0, 0, 16843264, 0, 256, 1, 0)",False,DYN_OFF,DYN_OFF,,,,,"(20971520,)",DYN_OFF,STC_OFF,CST_OFF,STC_OFF,CST_OFF,179306496,36700160,Ascend910_9589
mat_mul_v3_M_15360_K_12288_N_4096_case439,UNKNOWN,mat_mul_v3,"('bfloat16', 'bfloat16', 'int8', 'int8')","((15360, 12288), (12288, 4096), None, None)","((15360, 4096),)","('ND',)","('ND',)","{'transpose_x1': False, 'transpose_x2': False}","{'transpose_x1': False, 'transpose_x2': False}","((15360, 12288), (12288, 4096), None, None)","('bfloat16',)","((15360, 4096),)","('ND',)","('ND',)","((-1, -1), (-1, -1), None, None)","('bfloat16', 'bfloat16', 'int8', 'int8')","((-1, -1),)","((-1, -1), (-1, -1), None, None)","((-1, -1),)","('ND',)","('ND',)","(((1, None), (1, None)), ((1, None), (1, None)), None, None)","(((1, None), (1, None)),)","((None, None),)",,1e-08,(),(),(),mat_mul_v3,(),(),True,True,(),(),True,,,0,,,(),(),(),,,,,,,"{'save_temp_cce_file': True, 'op_debug_config': 'dump_cce'}",{'save_temp_cce_file': True},DYN_OFF,"(41, 51, 51)",DYN_OFF,STC_OFF,CST_OFF,bin_op_mat_mul_v3_M_28672_K_4096_N_7168_case1818,DYN_OFF,STC_OFF,CST_OFF,32,DYN_OFF,STC_OFF,CST_OFF,3586.549,DYN_OFF,STC_OFF,CST_OFF,156.83600028885706,DYN_OFF,STC_OFF,CST_OFF,23.185214042663574,PASS,DYN_OFF,STC_OFF,DYN_OFF,CST_OFF,CST_OFF,99.96200720469157%,DYN_OFF,PASS,UNKNOWN,UNKNOWN,UNKNOWN,"OK,OK",PASS,DYN_OFF (DYN_OFF),"('DYN_OFF', False)",1 (0x0000000000000001),"(32, 15360, 4096, 12288, 256, 256, 256, 256, 256, 64, 12288, 1, 1, 1, 1, 0, 0, 16843264, 0, 256, 1, 0)",False,DYN_OFF,DYN_OFF,,,,,"(20971520,)",DYN_OFF,STC_OFF,CST_OFF,STC_OFF,CST_OFF,478150656,125829120,Ascend910_9589
mat_mul_v3_M_10240_K_192_N_4096_case469,UNKNOWN,mat_mul_v3,"('bfloat16', 'bfloat16', 'int8', 'int8')","((10240, 192), (192, 4096), None, None)","((10240, 4096),)","('ND',)","('ND',)","{'transpose_x1': False, 'transpose_x2': False}","{'transpose_x1': False, 'transpose_x2': False}","((10240, 192), (192, 4096), None, None)","('bfloat16',)","((10240, 4096),)","('ND',)","('ND',)","((-1, -1), (-1, -1), None, None)","('bfloat16', 'bfloat16', 'int8', 'int8')","((-1, -1),)","((-1, -1), (-1, -1), None, None)","((-1, -1),)","('ND',)","('ND',)","(((1, None), (1, None)), ((1, None), (1, None)), None, None)","(((1, None), (1, None)),)","((None, None),)",,1e-08,(),(),(),mat_mul_v3,(),(),True,True,(),(),True,,,0,,,(),(),(),,,,,,,"{'save_temp_cce_file': True, 'op_debug_config': 'dump_cce'}",{'save_temp_cce_file': True},DYN_OFF,"(46, 52, 49)",DYN_OFF,STC_OFF,CST_OFF,bin_op_mat_mul_v3_M_28672_K_4096_N_7168_case1818,DYN_OFF,STC_OFF,CST_OFF,32,DYN_OFF,STC_OFF,CST_OFF,45.997,DYN_OFF,STC_OFF,CST_OFF,1809.9431077026761,DYN_OFF,STC_OFF,CST_OFF,23.185214042663574,PASS,DYN_OFF,STC_OFF,DYN_OFF,CST_OFF,CST_OFF,99.99606609344482%,DYN_OFF,PASS,UNKNOWN,UNKNOWN,UNKNOWN,"OK,OK",PASS,DYN_OFF (DYN_OFF),"('DYN_OFF', False)",1 (0x0000000000000001),"(32, 10240, 4096, 192, 256, 256, 256, 256, 256, 64, 192, 1, 1, 1, 1, 0, 0, 16843264, 0, 256, 1, 0)",False,DYN_OFF,DYN_OFF,,,,,"(20971520,)",DYN_OFF,STC_OFF,CST_OFF,STC_OFF,CST_OFF,5505024,83886080,Ascend910_9589
mat_mul_v3_M_1024_K_768_N_4096_case395,UNKNOWN,mat_mul_v3,"('bfloat16', 'bfloat16', 'int8', 'int8')","((1024, 768), (768, 4096), None, None)","((1024, 4096),)","('ND',)","('ND',)","{'transpose_x1': False, 'transpose_x2': False}","{'transpose_x1': False, 'transpose_x2': False}","((1024, 768), (768, 4096), None, None)","('bfloat16',)","((1024, 4096),)","('ND',)","('ND',)","((-1, -1), (-1, -1), None, None)","('bfloat16', 'bfloat16', 'int8', 'int8')","((-1, -1),)","((-1, -1), (-1, -1), None, None)","((-1, -1),)","('ND',)","('ND',)","(((1, None), (1, None)), ((1, None), (1, None)), None, None)","(((1, None), (1, None)),)","((None, None),)",,1e-08,(),(),(),mat_mul_v3,(),(),True,True,(),(),True,,,0,,,(),(),(),,,,,,,"{'save_temp_cce_file': True, 'op_debug_config': 'dump_cce'}",{'save_temp_cce_file': True},DYN_OFF,"(42, 33, 36)",DYN_OFF,STC_OFF,CST_OFF,bin_op_mat_mul_v3_M_28672_K_4096_N_7168_case1818,DYN_OFF,STC_OFF,CST_OFF,32,DYN_OFF,STC_OFF,CST_OFF,19.766,DYN_OFF,STC_OFF,CST_OFF,765.7957477486594,DYN_OFF,STC_OFF,CST_OFF,23.185214042663574,PASS,DYN_OFF,STC_OFF,DYN_OFF,CST_OFF,CST_OFF,99.98807907104492%,DYN_OFF,PASS,UNKNOWN,UNKNOWN,UNKNOWN,"OK,OK",PASS,DYN_OFF (DYN_OFF),"('DYN_OFF', False)",1 (0x0000000000000001),"(32, 1024, 4096, 768, 256, 256, 256, 256, 256, 64, 768, 1, 1, 1, 1, 0, 0, 16843264, 0, 256, 1, 0)",False,DYN_OFF,DYN_OFF,,,,,"(20971520,)",DYN_OFF,STC_OFF,CST_OFF,STC_OFF,CST_OFF,7864320,8388608,Ascend910_9589
mat_mul_v3_M_2048_K_4096_N_4608_case19,UNKNOWN,mat_mul_v3,"('bfloat16', 'bfloat16', 'int8', 'int8')","((2048, 4096), (4096, 4608), None, None)","((2048, 4608),)","('ND',)","('ND',)","{'transpose_x1': False, 'transpose_x2': False}","{'transpose_x1': False, 'transpose_x2': False}","((2048, 4096), (4096, 4608), None, None)","('bfloat16',)","((2048, 4608),)","('ND',)","('ND',)","((-1, -1), (-1, -1), None, None)","('bfloat16', 'bfloat16', 'int8', 'int8')","((-1, -1),)","((-1, -1), (-1, -1), None, None)","((-1, -1),)","('ND',)","('ND',)","(((1, None), (1, None)), ((1, None), (1, None)), None, None)","(((1, None), (1, None)),)","((None, None),)",,1e-08,(),(),(),mat_mul_v3,(),(),True,True,(),(),True,,,0,,,(),(),(),,,,,,,"{'save_temp_cce_file': True, 'op_debug_config': 'dump_cce'}",{'save_temp_cce_file': True},DYN_OFF,"(39, 45, 48)",DYN_OFF,STC_OFF,CST_OFF,bin_op_mat_mul_v3_M_28672_K_4096_N_7168_case1818,DYN_OFF,STC_OFF,CST_OFF,32,DYN_OFF,STC_OFF,CST_OFF,187.597,DYN_OFF,STC_OFF,CST_OFF,364.3948197465844,DYN_OFF,STC_OFF,CST_OFF,23.185214042663574,PASS,DYN_OFF,STC_OFF,DYN_OFF,CST_OFF,CST_OFF,99.97642305162218%,DYN_OFF,PASS,UNKNOWN,UNKNOWN,UNKNOWN,"OK,OK",PASS,DYN_OFF (DYN_OFF),"('DYN_OFF', False)",4097 (0x0000000000001001),"(32, 2048, 4608, 4096, 256, 256, 256, 256, 256, 64, 2048, 1, 1, 1, 1, 0, 0, 16843264, 0, 256, 1, 0)",False,DYN_OFF,DYN_OFF,,,,,"(29360128,)",DYN_OFF,STC_OFF,CST_OFF,STC_OFF,CST_OFF,54525952,18874368,Ascend910_9589
mat_mul_v3_M_2048_K_4096_N_256_case14,UNKNOWN,mat_mul_v3,"('bfloat16', 'bfloat16', 'int8', 'int8')","((2048, 4096), (4096, 256), None, None)","((2048, 256),)","('ND',)","('ND',)","{'transpose_x1': False, 'transpose_x2': False}","{'transpose_x1': False, 'transpose_x2': False}","((2048, 4096), (4096, 256), None, None)","('bfloat16',)","((2048, 256),)","('ND',)","('ND',)","((-1, -1), (-1, -1), None, None)","('bfloat16', 'bfloat16', 'int8', 'int8')","((-1, -1),)","((-1, -1), (-1, -1), None, None)","((-1, -1),)","('ND',)","('ND',)","(((1, None), (1, None)), ((1, None), (1, None)), None, None)","(((1, None), (1, None)),)","((None, None),)",,1e-08,(),(),(),mat_mul_v3,(),(),True,True,(),(),True,,,0,,,(),(),(),,,,,,,"{'save_temp_cce_file': True, 'op_debug_config': 'dump_cce'}",{'save_temp_cce_file': True},DYN_OFF,"(37, 44, 45)",DYN_OFF,STC_OFF,CST_OFF,bin_op_mat_mul_v3_M_28672_K_4096_N_7168_case1818,DYN_OFF,STC_OFF,CST_OFF,32,DYN_OFF,STC_OFF,CST_OFF,23.49,DYN_OFF,STC_OFF,CST_OFF,789.8972967220094,DYN_OFF,STC_OFF,CST_OFF,23.185214042663574,PASS,DYN_OFF,STC_OFF,DYN_OFF,CST_OFF,CST_OFF,99.9786376953125%,DYN_OFF,PASS,UNKNOWN,UNKNOWN,UNKNOWN,"OK,OK",PASS,DYN_OFF (DYN_OFF),"('DYN_OFF', False)",4097 (0x0000000000001001),"(32, 2048, 256, 4096, 256, 256, 256, 256, 256, 64, 1024, 1, 1, 1, 1, 0, 0, 16843264, 0, 256, 1, 0)",False,DYN_OFF,DYN_OFF,,,,,"(29360128,)",DYN_OFF,STC_OFF,CST_OFF,STC_OFF,CST_OFF,18874368,1048576,Ascend910_9589
mat_mul_v3_M_61440_K_192_N_4096_case475,UNKNOWN,mat_mul_v3,"('bfloat16', 'bfloat16', 'int8', 'int8')","((61440, 192), (192, 4096), None, None)","((61440, 4096),)","('ND',)","('ND',)","{'transpose_x1': False, 'transpose_x2': False}","{'transpose_x1': False, 'transpose_x2': False}","((61440, 192), (192, 4096), None, None)","('bfloat16',)","((61440, 4096),)","('ND',)","('ND',)","((-1, -1), (-1, -1), None, None)","('bfloat16', 'bfloat16', 'int8', 'int8')","((-1, -1),)","((-1, -1), (-1, -1), None, None)","((-1, -1),)","('ND',)","('ND',)","(((1, None), (1, None)), ((1, None), (1, None)), None, None)","(((1, None), (1, None)),)","((None, None),)",,1e-08,(),(),(),mat_mul_v3,(),(),True,True,(),(),True,,,0,,,(),(),(),,,,,,,"{'save_temp_cce_file': True, 'op_debug_config': 'dump_cce'}",{'save_temp_cce_file': True},DYN_OFF,"(46, 48, 46)",DYN_OFF,STC_OFF,CST_OFF,bin_op_mat_mul_v3_M_28672_K_4096_N_7168_case1818,DYN_OFF,STC_OFF,CST_OFF,32,DYN_OFF,STC_OFF,CST_OFF,341.619,DYN_OFF,STC_OFF,CST_OFF,1440.7497826526042,DYN_OFF,STC_OFF,CST_OFF,23.185214042663574,PASS,DYN_OFF,STC_OFF,DYN_OFF,CST_OFF,CST_OFF,99.996204773585%,DYN_OFF,PASS,UNKNOWN,UNKNOWN,UNKNOWN,"OK,OK",PASS,DYN_OFF (DYN_OFF),"('DYN_OFF', False)",1 (0x0000000000000001),"(32, 61440, 4096, 192, 256, 256, 256, 256, 256, 64, 192, 1, 1, 1, 1, 0, 0, 16843264, 0, 256, 1, 0)",False,DYN_OFF,DYN_OFF,,,,,"(20971520,)",DYN_OFF,STC_OFF,CST_OFF,STC_OFF,CST_OFF,25165824,503316480,Ascend910_9589
mat_mul_v3_M_15360_K_4096_N_4608_case47,UNKNOWN,mat_mul_v3,"('bfloat16', 'bfloat16', 'int8', 'int8')","((15360, 4096), (4096, 4608), None, None)","((15360, 4608),)","('ND',)","('ND',)","{'transpose_x1': False, 'transpose_x2': False}","{'transpose_x1': False, 'transpose_x2': False}","((15360, 4096), (4096, 4608), None, None)","('bfloat16',)","((15360, 4608),)","('ND',)","('ND',)","((-1, -1), (-1, -1), None, None)","('bfloat16', 'bfloat16', 'int8', 'int8')","((-1, -1),)","((-1, -1), (-1, -1), None, None)","((-1, -1),)","('ND',)","('ND',)","(((1, None), (1, None)), ((1, None), (1, None)), None, None)","(((1, None), (1, None)),)","((None, None),)",,1e-08,(),(),(),mat_mul_v3,(),(),True,True,(),(),True,,,0,,,(),(),(),,,,,,,"{'save_temp_cce_file': True, 'op_debug_config': 'dump_cce'}",{'save_temp_cce_file': True},DYN_OFF,"(40, 51, 52)",DYN_OFF,STC_OFF,CST_OFF,bin_op_mat_mul_v3_M_28672_K_4096_N_7168_case1818,DYN_OFF,STC_OFF,CST_OFF,32,DYN_OFF,STC_OFF,CST_OFF,1361.53,DYN_OFF,STC_OFF,CST_OFF,208.72084162669938,DYN_OFF,STC_OFF,CST_OFF,23.185214042663574,PASS,DYN_OFF,STC_OFF,DYN_OFF,CST_OFF,CST_OFF,99.97612282081887%,DYN_OFF,PASS,UNKNOWN,UNKNOWN,UNKNOWN,"OK,OK",PASS,DYN_OFF (DYN_OFF),"('DYN_OFF', False)",1 (0x0000000000000001),"(32, 15360, 4608, 4096, 256, 256, 256, 256, 256, 64, 4096, 1, 1, 1, 1, 0, 0, 16843264, 0, 256, 1, 0)",False,DYN_OFF,DYN_OFF,,,,,"(20971520,)",DYN_OFF,STC_OFF,CST_OFF,STC_OFF,CST_OFF,163577856,141557760,Ascend910_9589
mat_mul_v3_M_10240_K_1536_N_192_case839,UNKNOWN,mat_mul_v3,"('bfloat16', 'bfloat16', 'int8', 'int8')","((10240, 1536), (1536, 192), None, None)","((10240, 192),)","('ND',)","('ND',)","{'transpose_x1': False, 'transpose_x2': False}","{'transpose_x1': False, 'transpose_x2': False}","((10240, 1536), (1536, 192), None, None)","('bfloat16',)","((10240, 192),)","('ND',)","('ND',)","((-1, -1), (-1, -1), None, None)","('bfloat16', 'bfloat16', 'int8', 'int8')","((-1, -1),)","((-1, -1), (-1, -1), None, None)","((-1, -1),)","('ND',)","('ND',)","(((1, None), (1, None)), ((1, None), (1, None)), None, None)","(((1, None), (1, None)),)","((None, None),)",,1e-08,(),(),(),mat_mul_v3,(),(),True,True,(),(),True,,,0,,,(),(),(),,,,,,,"{'save_temp_cce_file': True, 'op_debug_config': 'dump_cce'}",{'save_temp_cce_file': True},DYN_OFF,"(47, 52, 49)",DYN_OFF,STC_OFF,CST_OFF,bin_op_mat_mul_v3_M_28672_K_4096_N_7168_case1818,DYN_OFF,STC_OFF,CST_OFF,32,DYN_OFF,STC_OFF,CST_OFF,33.066,DYN_OFF,STC_OFF,CST_OFF,1013.3763013745236,DYN_OFF,STC_OFF,CST_OFF,23.185214042663574,PASS,DYN_OFF,STC_OFF,DYN_OFF,CST_OFF,CST_OFF,99.98209635416667%,DYN_OFF,PASS,UNKNOWN,UNKNOWN,UNKNOWN,"OK,OK",PASS,DYN_OFF (DYN_OFF),"('DYN_OFF', False)",1 (0x0000000000000001),"(32, 10240, 192, 1536, 256, 192, 256, 256, 192, 64, 1536, 2, 2, 1, 1, 0, 0, 16843264, 0, 256, 1, 0)",False,DYN_OFF,DYN_OFF,,,,,"(20971520,)",DYN_OFF,STC_OFF,CST_OFF,STC_OFF,CST_OFF,32047104,3932160,Ascend910_9589
mat_mul_v3_M_15360_K_2048_N_4096_case165,UNKNOWN,mat_mul_v3,"('bfloat16', 'bfloat16', 'int8', 'int8')","((15360, 2048), (2048, 4096), None, None)","((15360, 4096),)","('ND',)","('ND',)","{'transpose_x1': False, 'transpose_x2': False}","{'transpose_x1': False, 'transpose_x2': False}","((15360, 2048), (2048, 4096), None, None)","('bfloat16',)","((15360, 4096),)","('ND',)","('ND',)","((-1, -1), (-1, -1), None, None)","('bfloat16', 'bfloat16', 'int8', 'int8')","((-1, -1),)","((-1, -1), (-1, -1), None, None)","((-1, -1),)","('ND',)","('ND',)","(((1, None), (1, None)), ((1, None), (1, None)), None, None)","(((1, None), (1, None)),)","((None, None),)",,1e-08,(),(),(),mat_mul_v3,(),(),True,True,(),(),True,,,0,,,(),(),(),,,,,,,"{'save_temp_cce_file': True, 'op_debug_config': 'dump_cce'}",{'save_temp_cce_file': True},DYN_OFF,"(45, 53, 54)",DYN_OFF,STC_OFF,CST_OFF,bin_op_mat_mul_v3_M_28672_K_4096_N_7168_case1818,DYN_OFF,STC_OFF,CST_OFF,32,DYN_OFF,STC_OFF,CST_OFF,606.859,DYN_OFF,STC_OFF,CST_OFF,315.4048139683188,DYN_OFF,STC_OFF,CST_OFF,23.185214042663574,PASS,DYN_OFF,STC_OFF,DYN_OFF,CST_OFF,CST_OFF,99.98191356658936%,DYN_OFF,PASS,UNKNOWN,UNKNOWN,UNKNOWN,"OK,OK",PASS,DYN_OFF (DYN_OFF),"('DYN_OFF', False)",1 (0x0000000000000001),"(32, 15360, 4096, 2048, 256, 256, 256, 256, 256, 64, 2048, 1, 1, 1, 1, 0, 0, 16843264, 0, 256, 1, 0)",False,DYN_OFF,DYN_OFF,,,,,"(20971520,)",DYN_OFF,STC_OFF,CST_OFF,STC_OFF,CST_OFF,79691776,125829120,Ascend910_9589
mat_mul_v3_M_1024_K_144_N_7168_case1520,UNKNOWN,mat_mul_v3,"('bfloat16', 'bfloat16', 'int8', 'int8')","((1024, 144), (144, 7168), None, None)","((1024, 7168),)","('ND',)","('ND',)","{'transpose_x1': False, 'transpose_x2': False}","{'transpose_x1': False, 'transpose_x2': False}","((1024, 144), (144, 7168), None, None)","('bfloat16',)","((1024, 7168),)","('ND',)","('ND',)","((-1, -1), (-1, -1), None, None)","('bfloat16', 'bfloat16', 'int8', 'int8')","((-1, -1),)","((-1, -1), (-1, -1), None, None)","((-1, -1),)","('ND',)","('ND',)","(((1, None), (1, None)), ((1, None), (1, None)), None, None)","(((1, None), (1, None)),)","((None, None),)",,1e-08,(),(),(),mat_mul_v3,(),(),True,True,(),(),True,,,0,,,(),(),(),,,,,,,"{'save_temp_cce_file': True, 'op_debug_config': 'dump_cce'}",{'save_temp_cce_file': True},DYN_OFF,"(44, 53, 50)",DYN_OFF,STC_OFF,CST_OFF,bin_op_mat_mul_v3_M_28672_K_4096_N_7168_case1818,DYN_OFF,STC_OFF,CST_OFF,32,DYN_OFF,STC_OFF,CST_OFF,10.555,DYN_OFF,STC_OFF,CST_OFF,1503.4713998105165,DYN_OFF,STC_OFF,CST_OFF,23.185214042663574,PASS,DYN_OFF,STC_OFF,DYN_OFF,CST_OFF,CST_OFF,99.99726159232003%,DYN_OFF,PASS,UNKNOWN,UNKNOWN,UNKNOWN,"OK,OK",PASS,DYN_OFF (DYN_OFF),"('DYN_OFF', False)",1 (0x0000000000000001),"(32, 1024, 7168, 144, 256, 256, 256, 256, 256, 64, 144, 2, 1, 1, 1, 0, 0, 16843264, 0, 256, 1, 0)",False,DYN_OFF,DYN_OFF,,,,,"(20971520,)",DYN_OFF,STC_OFF,CST_OFF,STC_OFF,CST_OFF,2359296,14680064,Ascend910_9589
mat_mul_v3_M_64_K_4096_N_640_case561,UNKNOWN,mat_mul_v3,"('bfloat16', 'bfloat16', 'int8', 'int8')","((64, 4096), (4096, 640), None, None)","((64, 640),)","('ND',)","('ND',)","{'transpose_x1': False, 'transpose_x2': False}","{'transpose_x1': False, 'transpose_x2': False}","((64, 4096), (4096, 640), None, None)","('bfloat16',)","((64, 640),)","('ND',)","('ND',)","((-1, -1), (-1, -1), None, None)","('bfloat16', 'bfloat16', 'int8', 'int8')","((-1, -1),)","((-1, -1), (-1, -1), None, None)","((-1, -1),)","('ND',)","('ND',)","(((1, None), (1, None)), ((1, None), (1, None)), None, None)","(((1, None), (1, None)),)","((None, None),)",,1e-08,(),(),(),mat_mul_v3,(),(),True,True,(),(),True,,,0,,,(),(),(),,,,,,,"{'save_temp_cce_file': True, 'op_debug_config': 'dump_cce'}",{'save_temp_cce_file': True},DYN_OFF,"(40, 48, 46)",DYN_OFF,STC_OFF,CST_OFF,bin_op_mat_mul_v3_M_28672_K_4096_N_7168_case1818,DYN_OFF,STC_OFF,CST_OFF,32,DYN_OFF,STC_OFF,CST_OFF,9.195,DYN_OFF,STC_OFF,CST_OFF,592.4293306484502,DYN_OFF,STC_OFF,CST_OFF,23.185214042663574,PASS,DYN_OFF,STC_OFF,DYN_OFF,CST_OFF,CST_OFF,99.97314453125%,DYN_OFF,PASS,UNKNOWN,UNKNOWN,UNKNOWN,"OK,OK",PASS,DYN_OFF (DYN_OFF),"('DYN_OFF', False)",4097 (0x0000000000001001),"(32, 64, 640, 4096, 64, 224, 256, 64, 224, 64, 410, 1, 1, 1, 1, 0, 0, 16843264, 0, 64, 1, 0)",False,DYN_OFF,DYN_OFF,,,,,"(29360128,)",DYN_OFF,STC_OFF,CST_OFF,STC_OFF,CST_OFF,5767168,81920,Ascend910_9589
mat_mul_v3_M_30720_K_1024_N_7168_case1306,UNKNOWN,mat_mul_v3,"('bfloat16', 'bfloat16', 'int8', 'int8')","((30720, 1024), (1024, 7168), None, None)","((30720, 7168),)","('ND',)","('ND',)","{'transpose_x1': False, 'transpose_x2': False}","{'transpose_x1': False, 'transpose_x2': False}","((30720, 1024), (1024, 7168), None, None)","('bfloat16',)","((30720, 7168),)","('ND',)","('ND',)","((-1, -1), (-1, -1), None, None)","('bfloat16', 'bfloat16', 'int8', 'int8')","((-1, -1),)","((-1, -1), (-1, -1), None, None)","((-1, -1),)","('ND',)","('ND',)","(((1, None), (1, None)), ((1, None), (1, None)), None, None)","(((1, None), (1, None)),)","((None, None),)",,1e-08,(),(),(),mat_mul_v3,(),(),True,True,(),(),True,,,0,,,(),(),(),,,,,,,"{'save_temp_cce_file': True, 'op_debug_config': 'dump_cce'}",{'save_temp_cce_file': True},DYN_OFF,"(45, 51, 52)",DYN_OFF,STC_OFF,CST_OFF,bin_op_mat_mul_v3_M_28672_K_4096_N_7168_case1818,DYN_OFF,STC_OFF,CST_OFF,32,DYN_OFF,STC_OFF,CST_OFF,1064.802,DYN_OFF,STC_OFF,CST_OFF,453.0625177263003,DYN_OFF,STC_OFF,CST_OFF,23.185214042663574,PASS,DYN_OFF,STC_OFF,DYN_OFF,CST_OFF,CST_OFF,99.98643057686942%,DYN_OFF,PASS,UNKNOWN,UNKNOWN,UNKNOWN,"OK,OK",PASS,DYN_OFF (DYN_OFF),"('DYN_OFF', False)",1 (0x0000000000000001),"(32, 30720, 7168, 1024, 256, 256, 256, 256, 256, 64, 1024, 1, 1, 1, 1, 0, 0, 16843264, 0, 256, 1, 0)",False,DYN_OFF,DYN_OFF,,,,,"(20971520,)",DYN_OFF,STC_OFF,CST_OFF,STC_OFF,CST_OFF,77594624,440401920,Ascend910_9589
mat_mul_v3_M_4_K_4096_N_384_case76,UNKNOWN,mat_mul_v3,"('bfloat16', 'bfloat16', 'int8', 'int8')","((4, 4096), (4096, 384), None, None)","((4, 384),)","('ND',)","('ND',)","{'transpose_x1': False, 'transpose_x2': False}","{'transpose_x1': False, 'transpose_x2': False}","((4, 4096), (4096, 384), None, None)","('bfloat16',)","((4, 384),)","('ND',)","('ND',)","((-1, -1), (-1, -1), None, None)","('bfloat16', 'bfloat16', 'int8', 'int8')","((-1, -1),)","((-1, -1), (-1, -1), None, None)","((-1, -1),)","('ND',)","('ND',)","(((1, None), (1, None)), ((1, None), (1, None)), None, None)","(((1, None), (1, None)),)","((None, None),)",,1e-08,(),(),(),mat_mul_v3,(),(),True,True,(),(),True,,,0,,,(),(),(),,,,,,,"{'save_temp_cce_file': True, 'op_debug_config': 'dump_cce'}",{'save_temp_cce_file': True},DYN_OFF,"(39, 42, 44)",DYN_OFF,STC_OFF,CST_OFF,bin_op_mat_mul_v3_M_28672_K_4096_N_7168_case1818,DYN_OFF,STC_OFF,CST_OFF,32,DYN_OFF,STC_OFF,CST_OFF,6.063,DYN_OFF,STC_OFF,CST_OFF,488.71286509553335,DYN_OFF,STC_OFF,CST_OFF,23.185214042663574,PASS,DYN_OFF,STC_OFF,DYN_OFF,CST_OFF,CST_OFF,100.0%,DYN_OFF,PASS,UNKNOWN,UNKNOWN,UNKNOWN,"OK,OK",PASS,DYN_OFF (DYN_OFF),"('DYN_OFF', False)",4097 (0x0000000000001001),"(32, 4, 384, 4096, 16, 192, 256, 16, 192, 64, 256, 1, 1, 1, 1, 0, 0, 16843264, 0, 16, 1, 0)",False,DYN_OFF,DYN_OFF,,,,,"(29360128,)",DYN_OFF,STC_OFF,CST_OFF,STC_OFF,CST_OFF,3178496,3072,Ascend910_9589
mat_mul_v3_M_7168_K_768_N_4096_case489,UNKNOWN,mat_mul_v3,"('bfloat16', 'bfloat16', 'int8', 'int8')","((7168, 768), (768, 4096), None, None)","((7168, 4096),)","('ND',)","('ND',)","{'transpose_x1': False, 'transpose_x2': False}","{'transpose_x1': False, 'transpose_x2': False}","((7168, 768), (768, 4096), None, None)","('bfloat16',)","((7168, 4096),)","('ND',)","('ND',)","((-1, -1), (-1, -1), None, None)","('bfloat16', 'bfloat16', 'int8', 'int8')","((-1, -1),)","((-1, -1), (-1, -1), None, None)","((-1, -1),)","('ND',)","('ND',)","(((1, None), (1, None)), ((1, None), (1, None)), None, None)","(((1, None), (1, None)),)","((None, None),)",,1e-08,(),(),(),mat_mul_v3,(),(),True,True,(),(),True,,,0,,,(),(),(),,,,,,,"{'save_temp_cce_file': True, 'op_debug_config': 'dump_cce'}",{'save_temp_cce_file': True},DYN_OFF,"(42, 49, 58)",DYN_OFF,STC_OFF,CST_OFF,bin_op_mat_mul_v3_M_28672_K_4096_N_7168_case1818,DYN_OFF,STC_OFF,CST_OFF,32,DYN_OFF,STC_OFF,CST_OFF,112.34,DYN_OFF,STC_OFF,CST_OFF,630.2366142958874,DYN_OFF,STC_OFF,CST_OFF,23.185214042663574,PASS,DYN_OFF,STC_OFF,DYN_OFF,CST_OFF,CST_OFF,99.98775550297329%,DYN_OFF,PASS,UNKNOWN,UNKNOWN,UNKNOWN,"OK,OK",PASS,DYN_OFF (DYN_OFF),"('DYN_OFF', False)",1 (0x0000000000000001),"(32, 7168, 4096, 768, 256, 256, 256, 256, 256, 64, 768, 1, 1, 1, 1, 0, 0, 16843264, 0, 256, 1, 0)",False,DYN_OFF,DYN_OFF,,,,,"(20971520,)",DYN_OFF,STC_OFF,CST_OFF,STC_OFF,CST_OFF,17301504,58720256,Ascend910_9589
mat_mul_v3_M_4096_K_4096_N_2304_case107,UNKNOWN,mat_mul_v3,"('bfloat16', 'bfloat16', 'int8', 'int8')","((4096, 4096), (4096, 2304), None, None)","((4096, 2304),)","('ND',)","('ND',)","{'transpose_x1': False, 'transpose_x2': False}","{'transpose_x1': False, 'transpose_x2': False}","((4096, 4096), (4096, 2304), None, None)","('bfloat16',)","((4096, 2304),)","('ND',)","('ND',)","((-1, -1), (-1, -1), None, None)","('bfloat16', 'bfloat16', 'int8', 'int8')","((-1, -1),)","((-1, -1), (-1, -1), None, None)","((-1, -1),)","('ND',)","('ND',)","(((1, None), (1, None)), ((1, None), (1, None)), None, None)","(((1, None), (1, None)),)","((None, None),)",,1e-08,(),(),(),mat_mul_v3,(),(),True,True,(),(),True,,,0,,,(),(),(),,,,,,,"{'save_temp_cce_file': True, 'op_debug_config': 'dump_cce'}",{'save_temp_cce_file': True},DYN_OFF,"(37, 45, 46)",DYN_OFF,STC_OFF,CST_OFF,bin_op_mat_mul_v3_M_28672_K_4096_N_7168_case1818,DYN_OFF,STC_OFF,CST_OFF,32,DYN_OFF,STC_OFF,CST_OFF,186.832,DYN_OFF,STC_OFF,CST_OFF,355.43295581056776,DYN_OFF,STC_OFF,CST_OFF,23.185214042663574,PASS,DYN_OFF,STC_OFF,DYN_OFF,CST_OFF,CST_OFF,99.97549057006836%,DYN_OFF,PASS,UNKNOWN,UNKNOWN,UNKNOWN,"OK,OK",PASS,DYN_OFF (DYN_OFF),"('DYN_OFF', False)",4097 (0x0000000000001001),"(32, 4096, 2304, 4096, 256, 256, 256, 256, 256, 64, 2048, 1, 1, 1, 1, 0, 0, 16843264, 0, 256, 1, 0)",False,DYN_OFF,DYN_OFF,,,,,"(29360128,)",DYN_OFF,STC_OFF,CST_OFF,STC_OFF,CST_OFF,52428800,18874368,Ascend910_9589
mat_mul_v3_M_1024_K_7168_N_9216_case1381,UNKNOWN,mat_mul_v3,"('bfloat16', 'bfloat16', 'int8', 'int8')","((1024, 7168), (7168, 9216), None, None)","((1024, 9216),)","('ND',)","('ND',)","{'transpose_x1': False, 'transpose_x2': False}","{'transpose_x1': False, 'transpose_x2': False}","((1024, 7168), (7168, 9216), None, None)","('bfloat16',)","((1024, 9216),)","('ND',)","('ND',)","((-1, -1), (-1, -1), None, None)","('bfloat16', 'bfloat16', 'int8', 'int8')","((-1, -1),)","((-1, -1), (-1, -1), None, None)","((-1, -1),)","('ND',)","('ND',)","(((1, None), (1, None)), ((1, None), (1, None)), None, None)","(((1, None), (1, None)),)","((None, None),)",,1e-08,(),(),(),mat_mul_v3,(),(),True,True,(),(),True,,,0,,,(),(),(),,,,,,,"{'save_temp_cce_file': True, 'op_debug_config': 'dump_cce'}",{'save_temp_cce_file': True},DYN_OFF,"(40, 43, 43)",DYN_OFF,STC_OFF,CST_OFF,bin_op_mat_mul_v3_M_28672_K_4096_N_7168_case1818,DYN_OFF,STC_OFF,CST_OFF,32,DYN_OFF,STC_OFF,CST_OFF,322.177,DYN_OFF,STC_OFF,CST_OFF,478.9195845761801,DYN_OFF,STC_OFF,CST_OFF,23.185214042663574,PASS,DYN_OFF,STC_OFF,DYN_OFF,CST_OFF,CST_OFF,99.970457288954%,DYN_OFF,PASS,UNKNOWN,UNKNOWN,UNKNOWN,"OK,OK",PASS,DYN_OFF (DYN_OFF),"('DYN_OFF', False)",4097 (0x0000000000001001),"(32, 1024, 9216, 7168, 256, 256, 256, 256, 256, 64, 3584, 1, 1, 1, 1, 0, 0, 16843264, 0, 256, 1, 0)",False,DYN_OFF,DYN_OFF,,,,,"(29360128,)",DYN_OFF,STC_OFF,CST_OFF,STC_OFF,CST_OFF,146800640,18874368,Ascend910_9589
mat_mul_v3_M_2048_K_128_N_7168_case1214,UNKNOWN,mat_mul_v3,"('bfloat16', 'bfloat16', 'int8', 'int8')","((2048, 128), (128, 7168), None, None)","((2048, 7168),)","('ND',)","('ND',)","{'transpose_x1': False, 'transpose_x2': False}","{'transpose_x1': False, 'transpose_x2': False}","((2048, 128), (128, 7168), None, None)","('bfloat16',)","((2048, 7168),)","('ND',)","('ND',)","((-1, -1), (-1, -1), None, None)","('bfloat16', 'bfloat16', 'int8', 'int8')","((-1, -1),)","((-1, -1), (-1, -1), None, None)","((-1, -1),)","('ND',)","('ND',)","(((1, None), (1, None)), ((1, None), (1, None)), None, None)","(((1, None), (1, None)),)","((None, None),)",,1e-08,(),(),(),mat_mul_v3,(),(),True,True,(),(),True,,,0,,,(),(),(),,,,,,,"{'save_temp_cce_file': True, 'op_debug_config': 'dump_cce'}",{'save_temp_cce_file': True},DYN_OFF,"(44, 46, 50)",DYN_OFF,STC_OFF,CST_OFF,bin_op_mat_mul_v3_M_28672_K_4096_N_7168_case1818,DYN_OFF,STC_OFF,CST_OFF,32,DYN_OFF,STC_OFF,CST_OFF,13.597,DYN_OFF,STC_OFF,CST_OFF,2172.6127546517614,DYN_OFF,STC_OFF,CST_OFF,23.185214042663574,PASS,DYN_OFF,STC_OFF,DYN_OFF,CST_OFF,CST_OFF,99.99726159232003%,DYN_OFF,PASS,UNKNOWN,UNKNOWN,UNKNOWN,"OK,OK",PASS,DYN_OFF (DYN_OFF),"('DYN_OFF', False)",1 (0x0000000000000001),"(32, 2048, 7168, 128, 256, 256, 256, 256, 256, 64, 128, 1, 1, 1, 1, 0, 0, 16843264, 0, 256, 1, 0)",False,DYN_OFF,DYN_OFF,,,,,"(20971520,)",DYN_OFF,STC_OFF,CST_OFF,STC_OFF,CST_OFF,2359296,29360128,Ascend910_9589
mat_mul_v3_M_1_K_128_N_7168_case1198,UNKNOWN,mat_mul_v3,"('bfloat16', 'bfloat16', 'int8', 'int8')","((1, 128), (128, 7168), None, None)","((1, 7168),)","('ND',)","('ND',)","{'transpose_x1': False, 'transpose_x2': False}","{'transpose_x1': False, 'transpose_x2': False}","((1, 128), (128, 7168), None, None)","('bfloat16',)","((1, 7168),)","('ND',)","('ND',)","((-1, -1), (-1, -1), None, None)","('bfloat16', 'bfloat16', 'int8', 'int8')","((-1, -1),)","((-1, -1), (-1, -1), None, None)","((-1, -1),)","('ND',)","('ND',)","(((1, None), (1, None)), ((1, None), (1, None)), None, None)","(((1, None), (1, None)),)","((None, None),)",,1e-08,(),(),(),mat_mul_v3,(),(),True,True,(),(),True,,,0,,,(),(),(),,,,,,,"{'save_temp_cce_file': True, 'op_debug_config': 'dump_cce'}",{'save_temp_cce_file': True},DYN_OFF,"(46, 49, 49)",DYN_OFF,STC_OFF,CST_OFF,bin_op_mat_mul_v3_M_28672_K_4096_N_7168_case1818,DYN_OFF,STC_OFF,CST_OFF,32,DYN_OFF,STC_OFF,CST_OFF,4.128,DYN_OFF,STC_OFF,CST_OFF,417.2902698664702,DYN_OFF,STC_OFF,CST_OFF,23.185214042663574,PASS,DYN_OFF,STC_OFF,DYN_OFF,CST_OFF,CST_OFF,100.0%,DYN_OFF,PASS,UNKNOWN,UNKNOWN,UNKNOWN,"OK,OK",PASS,DYN_OFF (DYN_OFF),"('DYN_OFF', False)",1 (0x0000000000000001),"(32, 1, 7168, 128, 16, 224, 256, 16, 224, 64, 128, 1, 1, 1, 1, 0, 0, 16908800, 0, 16, 1, 0)",False,DYN_OFF,DYN_OFF,,,,,"(20971520,)",DYN_OFF,STC_OFF,CST_OFF,STC_OFF,CST_OFF,1835264,14336,Ascend910_9589
mat_mul_v3_M_2560_K_7168_N_2304_case1395,UNKNOWN,mat_mul_v3,"('bfloat16', 'bfloat16', 'int8', 'int8')","((2560, 7168), (7168, 2304), None, None)","((2560, 2304),)","('ND',)","('ND',)","{'transpose_x1': False, 'transpose_x2': False}","{'transpose_x1': False, 'transpose_x2': False}","((2560, 7168), (7168, 2304), None, None)","('bfloat16',)","((2560, 2304),)","('ND',)","('ND',)","((-1, -1), (-1, -1), None, None)","('bfloat16', 'bfloat16', 'int8', 'int8')","((-1, -1),)","((-1, -1), (-1, -1), None, None)","((-1, -1),)","('ND',)","('ND',)","(((1, None), (1, None)), ((1, None), (1, None)), None, None)","(((1, None), (1, None)),)","((None, None),)",,1e-08,(),(),(),mat_mul_v3,(),(),True,True,(),(),True,,,0,,,(),(),(),,,,,,,"{'save_temp_cce_file': True, 'op_debug_config': 'dump_cce'}",{'save_temp_cce_file': True},DYN_OFF,"(46, 50, 57)",DYN_OFF,STC_OFF,CST_OFF,bin_op_mat_mul_v3_M_28672_K_4096_N_7168_case1818,DYN_OFF,STC_OFF,CST_OFF,32,DYN_OFF,STC_OFF,CST_OFF,214.464,DYN_OFF,STC_OFF,CST_OFF,354.0348700714339,DYN_OFF,STC_OFF,CST_OFF,23.185214042663574,PASS,DYN_OFF,STC_OFF,DYN_OFF,CST_OFF,CST_OFF,99.96868557400174%,DYN_OFF,PASS,UNKNOWN,UNKNOWN,UNKNOWN,"OK,OK",PASS,DYN_OFF (DYN_OFF),"('DYN_OFF', False)",1 (0x0000000000000001),"(32, 2560, 2304, 7168, 256, 256, 256, 256, 256, 64, 7168, 1, 1, 1, 1, 0, 0, 16843264, 0, 256, 1, 0)",False,DYN_OFF,DYN_OFF,,,,,"(20971520,)",DYN_OFF,STC_OFF,CST_OFF,STC_OFF,CST_OFF,69730304,11796480,Ascend910_9589
mat_mul_v3_M_1024_K_4096_N_4608_case12,UNKNOWN,mat_mul_v3,"('bfloat16', 'bfloat16', 'int8', 'int8')","((1024, 4096), (4096, 4608), None, None)","((1024, 4608),)","('ND',)","('ND',)","{'transpose_x1': False, 'transpose_x2': False}","{'transpose_x1': False, 'transpose_x2': False}","((1024, 4096), (4096, 4608), None, None)","('bfloat16',)","((1024, 4608),)","('ND',)","('ND',)","((-1, -1), (-1, -1), None, None)","('bfloat16', 'bfloat16', 'int8', 'int8')","((-1, -1),)","((-1, -1), (-1, -1), None, None)","((-1, -1),)","('ND',)","('ND',)","(((1, None), (1, None)), ((1, None), (1, None)), None, None)","(((1, None), (1, None)),)","((None, None),)",,1e-08,(),(),(),mat_mul_v3,(),(),True,True,(),(),True,,,0,,,(),(),(),,,,,,,"{'save_temp_cce_file': True, 'op_debug_config': 'dump_cce'}",{'save_temp_cce_file': True},DYN_OFF,"(39, 43, 43)",DYN_OFF,STC_OFF,CST_OFF,bin_op_mat_mul_v3_M_28672_K_4096_N_7168_case1818,DYN_OFF,STC_OFF,CST_OFF,32,DYN_OFF,STC_OFF,CST_OFF,97.143,DYN_OFF,STC_OFF,CST_OFF,532.8002274996654,DYN_OFF,STC_OFF,CST_OFF,23.185214042663574,PASS,DYN_OFF,STC_OFF,DYN_OFF,CST_OFF,CST_OFF,99.97719658745659%,DYN_OFF,PASS,UNKNOWN,UNKNOWN,UNKNOWN,"OK,OK",PASS,DYN_OFF (DYN_OFF),"('DYN_OFF', False)",4097 (0x0000000000001001),"(32, 1024, 4608, 4096, 256, 256, 256, 256, 256, 64, 1024, 1, 1, 1, 1, 0, 0, 16843264, 0, 256, 1, 0)",False,DYN_OFF,DYN_OFF,,,,,"(29360128,)",DYN_OFF,STC_OFF,CST_OFF,STC_OFF,CST_OFF,46137344,9437184,Ascend910_9589
mat_mul_v3_M_2_K_8192_N_7168_case1794,UNKNOWN,mat_mul_v3,"('bfloat16', 'bfloat16', 'int8', 'int8')","((2, 8192), (8192, 7168), None, None)","((2, 7168),)","('ND',)","('ND',)","{'transpose_x1': False, 'transpose_x2': False}","{'transpose_x1': False, 'transpose_x2': False}","((2, 8192), (8192, 7168), None, None)","('bfloat16',)","((2, 7168),)","('ND',)","('ND',)","((-1, -1), (-1, -1), None, None)","('bfloat16', 'bfloat16', 'int8', 'int8')","((-1, -1),)","((-1, -1), (-1, -1), None, None)","((-1, -1),)","('ND',)","('ND',)","(((1, None), (1, None)), ((1, None), (1, None)), None, None)","(((1, None), (1, None)),)","((None, None),)",,1e-08,(),(),(),mat_mul_v3,(),(),True,True,(),(),True,,,0,,,(),(),(),,,,,,,"{'save_temp_cce_file': True, 'op_debug_config': 'dump_cce'}",{'save_temp_cce_file': True},DYN_OFF,"(43, 45, 46)",DYN_OFF,STC_OFF,CST_OFF,bin_op_mat_mul_v3_M_28672_K_4096_N_7168_case1818,DYN_OFF,STC_OFF,CST_OFF,32,DYN_OFF,STC_OFF,CST_OFF,82.695,DYN_OFF,STC_OFF,CST_OFF,1323.3233020011412,DYN_OFF,STC_OFF,CST_OFF,23.185214042663574,PASS,DYN_OFF,STC_OFF,DYN_OFF,CST_OFF,CST_OFF,99.97907366071429%,DYN_OFF,PASS,UNKNOWN,UNKNOWN,UNKNOWN,"OK,OK",PASS,DYN_OFF (DYN_OFF),"('DYN_OFF', False)",1 (0x0000000000000001),"(32, 2, 7168, 8192, 16, 224, 256, 16, 224, 64, 8192, 1, 1, 1, 1, 0, 0, 16908800, 0, 16, 1, 0)",False,DYN_OFF,DYN_OFF,,,,,"(20971520,)",DYN_OFF,STC_OFF,CST_OFF,STC_OFF,CST_OFF,117473280,28672,Ascend910_9589
mat_mul_v3_M_4096_K_7168_N_2112_case749,UNKNOWN,mat_mul_v3,"('bfloat16', 'bfloat16', 'int8', 'int8')","((4096, 7168), (7168, 2112), None, None)","((4096, 2112),)","('ND',)","('ND',)","{'transpose_x1': False, 'transpose_x2': False}","{'transpose_x1': False, 'transpose_x2': False}","((4096, 7168), (7168, 2112), None, None)","('bfloat16',)","((4096, 2112),)","('ND',)","('ND',)","((-1, -1), (-1, -1), None, None)","('bfloat16', 'bfloat16', 'int8', 'int8')","((-1, -1),)","((-1, -1), (-1, -1), None, None)","((-1, -1),)","('ND',)","('ND',)","(((1, None), (1, None)), ((1, None), (1, None)), None, None)","(((1, None), (1, None)),)","((None, None),)",,1e-08,(),(),(),mat_mul_v3,(),(),True,True,(),(),True,,,0,,,(),(),(),,,,,,,"{'save_temp_cce_file': True, 'op_debug_config': 'dump_cce'}",{'save_temp_cce_file': True},DYN_OFF,"(79, 52, 54)",DYN_OFF,STC_OFF,CST_OFF,bin_op_mat_mul_v3_M_28672_K_4096_N_7168_case1818,DYN_OFF,STC_OFF,CST_OFF,32,DYN_OFF,STC_OFF,CST_OFF,325.38,DYN_OFF,STC_OFF,CST_OFF,304.2566335899564,DYN_OFF,STC_OFF,CST_OFF,23.185214042663574,PASS,DYN_OFF,STC_OFF,DYN_OFF,CST_OFF,CST_OFF,99.97068462949811%,DYN_OFF,PASS,UNKNOWN,UNKNOWN,UNKNOWN,"OK,OK",PASS,DYN_OFF (DYN_OFF),"('DYN_OFF', False)",1 (0x0000000000000001),"(32, 4096, 2112, 7168, 256, 256, 256, 256, 256, 64, 7168, 2, 1, 1, 1, 0, 0, 16843264, 0, 256, 1, 0)",False,DYN_OFF,DYN_OFF,,,,,"(20971520,)",DYN_OFF,STC_OFF,CST_OFF,STC_OFF,CST_OFF,88997888,17301504,Ascend910_9589
mat_mul_v3_M_40960_K_2048_N_7168_case1813,UNKNOWN,mat_mul_v3,"('bfloat16', 'bfloat16', 'int8', 'int8')","((40960, 2048), (2048, 7168), None, None)","((40960, 7168),)","('ND',)","('ND',)","{'transpose_x1': False, 'transpose_x2': False}","{'transpose_x1': False, 'transpose_x2': False}","((40960, 2048), (2048, 7168), None, None)","('bfloat16',)","((40960, 7168),)","('ND',)","('ND',)","((-1, -1), (-1, -1), None, None)","('bfloat16', 'bfloat16', 'int8', 'int8')","((-1, -1),)","((-1, -1), (-1, -1), None, None)","((-1, -1),)","('ND',)","('ND',)","(((1, None), (1, None)), ((1, None), (1, None)), None, None)","(((1, None), (1, None)),)","((None, None),)",,1e-08,(),(),(),mat_mul_v3,(),(),True,True,(),(),True,,,0,,,(),(),(),,,,,,,"{'save_temp_cce_file': True, 'op_debug_config': 'dump_cce'}",{'save_temp_cce_file': True},DYN_OFF,"(78, 39, 52)",DYN_OFF,STC_OFF,CST_OFF,bin_op_mat_mul_v3_M_28672_K_4096_N_7168_case1818,DYN_OFF,STC_OFF,CST_OFF,32,DYN_OFF,STC_OFF,CST_OFF,2804.462,DYN_OFF,STC_OFF,CST_OFF,260.4666242580573,DYN_OFF,STC_OFF,CST_OFF,23.185214042663574,PASS,DYN_OFF,STC_OFF,DYN_OFF,CST_OFF,CST_OFF,99.98168264116559%,DYN_OFF,PASS,UNKNOWN,UNKNOWN,UNKNOWN,"OK,OK",PASS,DYN_OFF (DYN_OFF),"('DYN_OFF', False)",1 (0x0000000000000001),"(32, 40960, 7168, 2048, 256, 256, 256, 256, 256, 64, 2048, 1, 1, 1, 1, 0, 0, 16843264, 0, 256, 1, 0)",False,DYN_OFF,DYN_OFF,,,,,"(20971520,)",DYN_OFF,STC_OFF,CST_OFF,STC_OFF,CST_OFF,197132288,587202560,Ascend910_9589
mat_mul_v3_M_3584_K_4096_N_4608_case33,UNKNOWN,mat_mul_v3,"('bfloat16', 'bfloat16', 'int8', 'int8')","((3584, 4096), (4096, 4608), None, None)","((3584, 4608),)","('ND',)","('ND',)","{'transpose_x1': False, 'transpose_x2': False}","{'transpose_x1': False, 'transpose_x2': False}","((3584, 4096), (4096, 4608), None, None)","('bfloat16',)","((3584, 4608),)","('ND',)","('ND',)","((-1, -1), (-1, -1), None, None)","('bfloat16', 'bfloat16', 'int8', 'int8')","((-1, -1),)","((-1, -1), (-1, -1), None, None)","((-1, -1),)","('ND',)","('ND',)","(((1, None), (1, None)), ((1, None), (1, None)), None, None)","(((1, None), (1, None)),)","((None, None),)",,1e-08,(),(),(),mat_mul_v3,(),(),True,True,(),(),True,,,0,,,(),(),(),,,,,,,"{'save_temp_cce_file': True, 'op_debug_config': 'dump_cce'}",{'save_temp_cce_file': True},DYN_OFF,"(44, 47, 49)",DYN_OFF,STC_OFF,CST_OFF,bin_op_mat_mul_v3_M_28672_K_4096_N_7168_case1818,DYN_OFF,STC_OFF,CST_OFF,32,DYN_OFF,STC_OFF,CST_OFF,325.328,DYN_OFF,STC_OFF,CST_OFF,286.6698186138297,DYN_OFF,STC_OFF,CST_OFF,23.185214042663574,PASS,DYN_OFF,STC_OFF,DYN_OFF,CST_OFF,CST_OFF,99.97559199257503%,DYN_OFF,PASS,UNKNOWN,UNKNOWN,UNKNOWN,"OK,OK",PASS,DYN_OFF (DYN_OFF),"('DYN_OFF', False)",1 (0x0000000000000001),"(32, 3584, 4608, 4096, 256, 256, 256, 256, 256, 64, 4096, 1, 1, 1, 1, 0, 0, 16843264, 0, 256, 1, 0)",False,DYN_OFF,DYN_OFF,,,,,"(20971520,)",DYN_OFF,STC_OFF,CST_OFF,STC_OFF,CST_OFF,67108864,33030144,Ascend910_9589
mat_mul_v3_M_2560_K_512_N_128_case934,UNKNOWN,mat_mul_v3,"('bfloat16', 'bfloat16', 'int8', 'int8')","((2560, 512), (512, 128), None, None)","((2560, 128),)","('ND',)","('ND',)","{'transpose_x1': False, 'transpose_x2': False}","{'transpose_x1': False, 'transpose_x2': False}","((2560, 512), (512, 128), None, None)","('bfloat16',)","((2560, 128),)","('ND',)","('ND',)","((-1, -1), (-1, -1), None, None)","('bfloat16', 'bfloat16', 'int8', 'int8')","((-1, -1),)","((-1, -1), (-1, -1), None, None)","((-1, -1),)","('ND',)","('ND',)","(((1, None), (1, None)), ((1, None), (1, None)), None, None)","(((1, None), (1, None)),)","((None, None),)",,1e-08,(),(),(),mat_mul_v3,(),(),True,True,(),(),True,,,0,,,(),(),(),,,,,,,"{'save_temp_cce_file': True, 'op_debug_config': 'dump_cce'}",{'save_temp_cce_file': True},DYN_OFF,"(45, 49, 45)",DYN_OFF,STC_OFF,CST_OFF,bin_op_mat_mul_v3_M_28672_K_4096_N_7168_case1818,DYN_OFF,STC_OFF,CST_OFF,32,DYN_OFF,STC_OFF,CST_OFF,5.935,DYN_OFF,STC_OFF,CST_OFF,534.7646377422072,DYN_OFF,STC_OFF,CST_OFF,23.185214042663574,PASS,DYN_OFF,STC_OFF,DYN_OFF,CST_OFF,CST_OFF,99.990234375%,DYN_OFF,PASS,UNKNOWN,UNKNOWN,UNKNOWN,"OK,OK",PASS,DYN_OFF (DYN_OFF),"('DYN_OFF', False)",1 (0x0000000000000001),"(32, 2560, 128, 512, 80, 128, 512, 80, 128, 128, 512, 1, 1, 1, 1, 0, 0, 16908800, 0, 80, 1, 0)",False,DYN_OFF,DYN_OFF,,,,,"(20971520,)",DYN_OFF,STC_OFF,CST_OFF,STC_OFF,CST_OFF,2752512,655360,Ascend910_9589
mat_mul_v3_M_20480_K_9216_N_7168_case1920,UNKNOWN,mat_mul_v3,"('bfloat16', 'bfloat16', 'int8', 'int8')","((20480, 9216), (9216, 7168), None, None)","((20480, 7168),)","('ND',)","('ND',)","{'transpose_x1': False, 'transpose_x2': False}","{'transpose_x1': False, 'transpose_x2': False}","((20480, 9216), (9216, 7168), None, None)","('bfloat16',)","((20480, 7168),)","('ND',)","('ND',)","((-1, -1), (-1, -1), None, None)","('bfloat16', 'bfloat16', 'int8', 'int8')","((-1, -1),)","((-1, -1), (-1, -1), None, None)","((-1, -1),)","('ND',)","('ND',)","(((1, None), (1, None)), ((1, None), (1, None)), None, None)","(((1, None), (1, None)),)","((None, None),)",,1e-08,(),(),(),mat_mul_v3,(),(),True,True,(),(),True,,,0,,,(),(),(),,,,,,,"{'save_temp_cce_file': True, 'op_debug_config': 'dump_cce'}",{'save_temp_cce_file': True},DYN_OFF,"(49, 51, 51)",DYN_OFF,STC_OFF,CST_OFF,bin_op_mat_mul_v3_M_28672_K_4096_N_7168_case1818,DYN_OFF,STC_OFF,CST_OFF,32,DYN_OFF,STC_OFF,CST_OFF,6272.636,DYN_OFF,STC_OFF,CST_OFF,119.25558489285844,DYN_OFF,STC_OFF,CST_OFF,23.185214042663574,PASS,DYN_OFF,STC_OFF,DYN_OFF,CST_OFF,CST_OFF,99.9664967400687%,DYN_OFF,PASS,UNKNOWN,UNKNOWN,UNKNOWN,"OK,OK",PASS,DYN_OFF (DYN_OFF),"('DYN_OFF', False)",1 (0x0000000000000001),"(32, 20480, 7168, 9216, 256, 256, 256, 256, 256, 64, 9216, 1, 1, 1, 1, 0, 0, 16843264, 0, 256, 1, 0)",False,DYN_OFF,DYN_OFF,,,,,"(20971520,)",DYN_OFF,STC_OFF,CST_OFF,STC_OFF,CST_OFF,509607936,293601280,Ascend910_9589
mat_mul_v3_M_28672_K_8192_N_4096_case723,UNKNOWN,mat_mul_v3,"('bfloat16', 'bfloat16', 'int8', 'int8')","((28672, 8192), (8192, 4096), None, None)","((28672, 4096),)","('ND',)","('ND',)","{'transpose_x1': False, 'transpose_x2': False}","{'transpose_x1': False, 'transpose_x2': False}","((28672, 8192), (8192, 4096), None, None)","('bfloat16',)","((28672, 4096),)","('ND',)","('ND',)","((-1, -1), (-1, -1), None, None)","('bfloat16', 'bfloat16', 'int8', 'int8')","((-1, -1),)","((-1, -1), (-1, -1), None, None)","((-1, -1),)","('ND',)","('ND',)","(((1, None), (1, None)), ((1, None), (1, None)), None, None)","(((1, None), (1, None)),)","((None, None),)",,1e-08,(),(),(),mat_mul_v3,(),(),True,True,(),(),True,,,0,,,(),(),(),,,,,,,"{'save_temp_cce_file': True, 'op_debug_config': 'dump_cce'}",{'save_temp_cce_file': True},DYN_OFF,"(47, 49, 53)",DYN_OFF,STC_OFF,CST_OFF,bin_op_mat_mul_v3_M_28672_K_4096_N_7168_case1818,DYN_OFF,STC_OFF,CST_OFF,32,DYN_OFF,STC_OFF,CST_OFF,4463.52,DYN_OFF,STC_OFF,CST_OFF,161.0276194572893,DYN_OFF,STC_OFF,CST_OFF,23.185214042663574,PASS,DYN_OFF,STC_OFF,DYN_OFF,CST_OFF,CST_OFF,99.9682971409389%,DYN_OFF,PASS,UNKNOWN,UNKNOWN,UNKNOWN,"OK,OK",PASS,DYN_OFF (DYN_OFF),"('DYN_OFF', False)",1 (0x0000000000000001),"(32, 28672, 4096, 8192, 256, 256, 256, 256, 256, 64, 8192, 1, 1, 1, 1, 0, 0, 16843264, 0, 256, 1, 0)",False,DYN_OFF,DYN_OFF,,,,,"(20971520,)",DYN_OFF,STC_OFF,CST_OFF,STC_OFF,CST_OFF,536870912,234881024,Ascend910_9589
mat_mul_v3_M_30720_K_4096_N_640_case87,UNKNOWN,mat_mul_v3,"('bfloat16', 'bfloat16', 'int8', 'int8')","((30720, 4096), (4096, 640), None, None)","((30720, 640),)","('ND',)","('ND',)","{'transpose_x1': False, 'transpose_x2': False}","{'transpose_x1': False, 'transpose_x2': False}","((30720, 4096), (4096, 640), None, None)","('bfloat16',)","((30720, 640),)","('ND',)","('ND',)","((-1, -1), (-1, -1), None, None)","('bfloat16', 'bfloat16', 'int8', 'int8')","((-1, -1),)","((-1, -1), (-1, -1), None, None)","((-1, -1),)","('ND',)","('ND',)","(((1, None), (1, None)), ((1, None), (1, None)), None, None)","(((1, None), (1, None)),)","((None, None),)",,1e-08,(),(),(),mat_mul_v3,(),(),True,True,(),(),True,,,0,,,(),(),(),,,,,,,"{'save_temp_cce_file': True, 'op_debug_config': 'dump_cce'}",{'save_temp_cce_file': True},DYN_OFF,"(40, 50, 51)",DYN_OFF,STC_OFF,CST_OFF,bin_op_mat_mul_v3_M_28672_K_4096_N_7168_case1818,DYN_OFF,STC_OFF,CST_OFF,32,DYN_OFF,STC_OFF,CST_OFF,403.343,DYN_OFF,STC_OFF,CST_OFF,683.9808952925922,DYN_OFF,STC_OFF,CST_OFF,23.185214042663574,PASS,DYN_OFF,STC_OFF,DYN_OFF,CST_OFF,CST_OFF,99.97610982259114%,DYN_OFF,PASS,UNKNOWN,UNKNOWN,UNKNOWN,"OK,OK",PASS,DYN_OFF (DYN_OFF),"('DYN_OFF', False)",1 (0x0000000000000001),"(32, 30720, 640, 4096, 256, 256, 256, 256, 256, 64, 4096, 2, 2, 1, 1, 0, 0, 16843264, 0, 256, 1, 0)",False,DYN_OFF,DYN_OFF,,,,,"(20971520,)",DYN_OFF,STC_OFF,CST_OFF,STC_OFF,CST_OFF,256901120,39321600,Ascend910_9589
mat_mul_v3_M_4_K_384_N_4096_case479,UNKNOWN,mat_mul_v3,"('bfloat16', 'bfloat16', 'int8', 'int8')","((4, 384), (384, 4096), None, None)","((4, 4096),)","('ND',)","('ND',)","{'transpose_x1': False, 'transpose_x2': False}","{'transpose_x1': False, 'transpose_x2': False}","((4, 384), (384, 4096), None, None)","('bfloat16',)","((4, 4096),)","('ND',)","('ND',)","((-1, -1), (-1, -1), None, None)","('bfloat16', 'bfloat16', 'int8', 'int8')","((-1, -1),)","((-1, -1), (-1, -1), None, None)","((-1, -1),)","('ND',)","('ND',)","(((1, None), (1, None)), ((1, None), (1, None)), None, None)","(((1, None), (1, None)),)","((None, None),)",,1e-08,(),(),(),mat_mul_v3,(),(),True,True,(),(),True,,,0,,,(),(),(),,,,,,,"{'save_temp_cce_file': True, 'op_debug_config': 'dump_cce'}",{'save_temp_cce_file': True},DYN_OFF,"(43, 46, 43)",DYN_OFF,STC_OFF,CST_OFF,bin_op_mat_mul_v3_M_28672_K_4096_N_7168_case1818,DYN_OFF,STC_OFF,CST_OFF,32,DYN_OFF,STC_OFF,CST_OFF,4.827,DYN_OFF,STC_OFF,CST_OFF,613.8525173139049,DYN_OFF,STC_OFF,CST_OFF,23.185214042663574,PASS,DYN_OFF,STC_OFF,DYN_OFF,CST_OFF,CST_OFF,100.0%,DYN_OFF,PASS,UNKNOWN,UNKNOWN,UNKNOWN,"OK,OK",PASS,DYN_OFF (DYN_OFF),"('DYN_OFF', False)",1 (0x0000000000000001),"(32, 4, 4096, 384, 16, 128, 512, 16, 128, 128, 384, 1, 1, 1, 1, 0, 0, 16908800, 0, 16, 1, 0)",False,DYN_OFF,DYN_OFF,,,,,"(20971520,)",DYN_OFF,STC_OFF,CST_OFF,STC_OFF,CST_OFF,3148800,32768,Ascend910_9589
mat_mul_v3_M_5120_K_7168_N_2112_case750,UNKNOWN,mat_mul_v3,"('bfloat16', 'bfloat16', 'int8', 'int8')","((5120, 7168), (7168, 2112), None, None)","((5120, 2112),)","('ND',)","('ND',)","{'transpose_x1': False, 'transpose_x2': False}","{'transpose_x1': False, 'transpose_x2': False}","((5120, 7168), (7168, 2112), None, None)","('bfloat16',)","((5120, 2112),)","('ND',)","('ND',)","((-1, -1), (-1, -1), None, None)","('bfloat16', 'bfloat16', 'int8', 'int8')","((-1, -1),)","((-1, -1), (-1, -1), None, None)","((-1, -1),)","('ND',)","('ND',)","(((1, None), (1, None)), ((1, None), (1, None)), None, None)","(((1, None), (1, None)),)","((None, None),)",,1e-08,(),(),(),mat_mul_v3,(),(),True,True,(),(),True,,,0,,,(),(),(),,,,,,,"{'save_temp_cce_file': True, 'op_debug_config': 'dump_cce'}",{'save_temp_cce_file': True},DYN_OFF,"(42, 49, 52)",DYN_OFF,STC_OFF,CST_OFF,bin_op_mat_mul_v3_M_28672_K_4096_N_7168_case1818,DYN_OFF,STC_OFF,CST_OFF,32,DYN_OFF,STC_OFF,CST_OFF,392.734,DYN_OFF,STC_OFF,CST_OFF,297.1456984880352,DYN_OFF,STC_OFF,CST_OFF,23.185214042663574,PASS,DYN_OFF,STC_OFF,DYN_OFF,CST_OFF,CST_OFF,99.9691495028409%,DYN_OFF,PASS,UNKNOWN,UNKNOWN,UNKNOWN,"OK,OK",PASS,DYN_OFF (DYN_OFF),"('DYN_OFF', False)",1 (0x0000000000000001),"(32, 5120, 2112, 7168, 256, 256, 256, 256, 256, 64, 7168, 1, 1, 1, 1, 0, 0, 16843264, 0, 256, 1, 0)",False,DYN_OFF,DYN_OFF,,,,,"(20971520,)",DYN_OFF,STC_OFF,CST_OFF,STC_OFF,CST_OFF,103677952,21626880,Ascend910_9589
mat_mul_v3_M_28672_K_4096_N_6144_case645,UNKNOWN,mat_mul_v3,"('bfloat16', 'bfloat16', 'int8', 'int8')","((28672, 4096), (4096, 6144), None, None)","((28672, 6144),)","('ND',)","('ND',)","{'transpose_x1': False, 'transpose_x2': False}","{'transpose_x1': False, 'transpose_x2': False}","((28672, 4096), (4096, 6144), None, None)","('bfloat16',)","((28672, 6144),)","('ND',)","('ND',)","((-1, -1), (-1, -1), None, None)","('bfloat16', 'bfloat16', 'int8', 'int8')","((-1, -1),)","((-1, -1), (-1, -1), None, None)","((-1, -1),)","('ND',)","('ND',)","(((1, None), (1, None)), ((1, None), (1, None)), None, None)","(((1, None), (1, None)),)","((None, None),)",,1e-08,(),(),(),mat_mul_v3,(),(),True,True,(),(),True,,,0,,,(),(),(),,,,,,,"{'save_temp_cce_file': True, 'op_debug_config': 'dump_cce'}",{'save_temp_cce_file': True},DYN_OFF,"(43, 50, 50)",DYN_OFF,STC_OFF,CST_OFF,bin_op_mat_mul_v3_M_28672_K_4096_N_7168_case1818,DYN_OFF,STC_OFF,CST_OFF,32,DYN_OFF,STC_OFF,CST_OFF,3354.721,DYN_OFF,STC_OFF,CST_OFF,176.98938302171777,DYN_OFF,STC_OFF,CST_OFF,23.185214042663574,PASS,DYN_OFF,STC_OFF,DYN_OFF,CST_OFF,CST_OFF,99.97598614011493%,DYN_OFF,PASS,UNKNOWN,UNKNOWN,UNKNOWN,"OK,OK",PASS,DYN_OFF (DYN_OFF),"('DYN_OFF', False)",1 (0x0000000000000001),"(32, 28672, 6144, 4096, 256, 256, 256, 256, 256, 64, 4096, 1, 1, 1, 1, 0, 0, 16843264, 0, 256, 1, 0)",False,DYN_OFF,DYN_OFF,,,,,"(20971520,)",DYN_OFF,STC_OFF,CST_OFF,STC_OFF,CST_OFF,285212672,352321536,Ascend910_9589
mat_mul_v3_M_61440_K_4096_N_768_case350,UNKNOWN,mat_mul_v3,"('bfloat16', 'bfloat16', 'int8', 'int8')","((61440, 4096), (4096, 768), None, None)","((61440, 768),)","('ND',)","('ND',)","{'transpose_x1': False, 'transpose_x2': False}","{'transpose_x1': False, 'transpose_x2': False}","((61440, 4096), (4096, 768), None, None)","('bfloat16',)","((61440, 768),)","('ND',)","('ND',)","((-1, -1), (-1, -1), None, None)","('bfloat16', 'bfloat16', 'int8', 'int8')","((-1, -1),)","((-1, -1), (-1, -1), None, None)","((-1, -1),)","('ND',)","('ND',)","(((1, None), (1, None)), ((1, None), (1, None)), None, None)","(((1, None), (1, None)),)","((None, None),)",,1e-08,(),(),(),mat_mul_v3,(),(),True,True,(),(),True,,,0,,,(),(),(),,,,,,,"{'save_temp_cce_file': True, 'op_debug_config': 'dump_cce'}",{'save_temp_cce_file': True},DYN_OFF,"(39, 42, 45)",DYN_OFF,STC_OFF,CST_OFF,bin_op_mat_mul_v3_M_28672_K_4096_N_7168_case1818,DYN_OFF,STC_OFF,CST_OFF,32,DYN_OFF,STC_OFF,CST_OFF,905.225,DYN_OFF,STC_OFF,CST_OFF,621.39247148499,DYN_OFF,STC_OFF,CST_OFF,23.185214042663574,PASS,DYN_OFF,STC_OFF,DYN_OFF,CST_OFF,CST_OFF,99.97602038913303%,DYN_OFF,PASS,UNKNOWN,UNKNOWN,UNKNOWN,"OK,OK",PASS,DYN_OFF (DYN_OFF),"('DYN_OFF', False)",4097 (0x0000000000001001),"(32, 61440, 768, 4096, 256, 256, 256, 256, 256, 64, 2048, 1, 1, 1, 1, 0, 0, 16843264, 0, 256, 1, 0)",False,DYN_OFF,DYN_OFF,,,,,"(29360128,)",DYN_OFF,STC_OFF,CST_OFF,STC_OFF,CST_OFF,509607936,94371840,Ascend910_9589
mat_mul_v3_M_61440_K_6144_N_4096_case694,UNKNOWN,mat_mul_v3,"('bfloat16', 'bfloat16', 'int8', 'int8')","((61440, 6144), (6144, 4096), None, None)","((61440, 4096),)","('ND',)","('ND',)","{'transpose_x1': False, 'transpose_x2': False}","{'transpose_x1': False, 'transpose_x2': False}","((61440, 6144), (6144, 4096), None, None)","('bfloat16',)","((61440, 4096),)","('ND',)","('ND',)","((-1, -1), (-1, -1), None, None)","('bfloat16', 'bfloat16', 'int8', 'int8')","((-1, -1),)","((-1, -1), (-1, -1), None, None)","((-1, -1),)","('ND',)","('ND',)","(((1, None), (1, None)), ((1, None), (1, None)), None, None)","(((1, None), (1, None)),)","((None, None),)",,1e-08,(),(),(),mat_mul_v3,(),(),True,True,(),(),True,,,0,,,(),(),(),,,,,,,"{'save_temp_cce_file': True, 'op_debug_config': 'dump_cce'}",{'save_temp_cce_file': True},DYN_OFF,"(46, 49, 58)",DYN_OFF,STC_OFF,CST_OFF,bin_op_mat_mul_v3_M_28672_K_4096_N_7168_case1818,DYN_OFF,STC_OFF,CST_OFF,32,DYN_OFF,STC_OFF,CST_OFF,7171.072,DYN_OFF,STC_OFF,CST_OFF,169.95366940953878,DYN_OFF,STC_OFF,CST_OFF,23.185214042663574,PASS,DYN_OFF,STC_OFF,DYN_OFF,CST_OFF,CST_OFF,99.97171918551128%,DYN_OFF,PASS,UNKNOWN,UNKNOWN,UNKNOWN,"OK,OK",PASS,DYN_OFF (DYN_OFF),"('DYN_OFF', False)",1 (0x0000000000000001),"(32, 61440, 4096, 6144, 256, 256, 256, 256, 256, 64, 6144, 1, 1, 1, 1, 0, 0, 16843264, 0, 256, 1, 0)",False,DYN_OFF,DYN_OFF,,,,,"(20971520,)",DYN_OFF,STC_OFF,CST_OFF,STC_OFF,CST_OFF,805306368,503316480,Ascend910_9589
mat_mul_v3_M_1_K_256_N_4096_case120,UNKNOWN,mat_mul_v3,"('bfloat16', 'bfloat16', 'int8', 'int8')","((1, 256), (256, 4096), None, None)","((1, 4096),)","('ND',)","('ND',)","{'transpose_x1': False, 'transpose_x2': False}","{'transpose_x1': False, 'transpose_x2': False}","((1, 256), (256, 4096), None, None)","('bfloat16',)","((1, 4096),)","('ND',)","('ND',)","((-1, -1), (-1, -1), None, None)","('bfloat16', 'bfloat16', 'int8', 'int8')","((-1, -1),)","((-1, -1), (-1, -1), None, None)","((-1, -1),)","('ND',)","('ND',)","(((1, None), (1, None)), ((1, None), (1, None)), None, None)","(((1, None), (1, None)),)","((None, None),)",,1e-08,(),(),(),mat_mul_v3,(),(),True,True,(),(),True,,,0,,,(),(),(),,,,,,,"{'save_temp_cce_file': True, 'op_debug_config': 'dump_cce'}",{'save_temp_cce_file': True},DYN_OFF,"(44, 47, 49)",DYN_OFF,STC_OFF,CST_OFF,bin_op_mat_mul_v3_M_28672_K_4096_N_7168_case1818,DYN_OFF,STC_OFF,CST_OFF,32,DYN_OFF,STC_OFF,CST_OFF,3.969,DYN_OFF,STC_OFF,CST_OFF,494.1373725597009,DYN_OFF,STC_OFF,CST_OFF,23.185214042663574,PASS,DYN_OFF,STC_OFF,DYN_OFF,CST_OFF,CST_OFF,100.0%,DYN_OFF,PASS,UNKNOWN,UNKNOWN,UNKNOWN,"OK,OK",PASS,DYN_OFF (DYN_OFF),"('DYN_OFF', False)",1 (0x0000000000000001),"(32, 1, 4096, 256, 16, 128, 512, 16, 128, 128, 256, 1, 1, 1, 1, 0, 0, 16908800, 0, 16, 1, 0)",False,DYN_OFF,DYN_OFF,,,,,"(20971520,)",DYN_OFF,STC_OFF,CST_OFF,STC_OFF,CST_OFF,2097664,8192,Ascend910_9589
mat_mul_v3_M_8192_K_288_N_7168_case1553,UNKNOWN,mat_mul_v3,"('bfloat16', 'bfloat16', 'int8', 'int8')","((8192, 288), (288, 7168), None, None)","((8192, 7168),)","('ND',)","('ND',)","{'transpose_x1': False, 'transpose_x2': False}","{'transpose_x1': False, 'transpose_x2': False}","((8192, 288), (288, 7168), None, None)","('bfloat16',)","((8192, 7168),)","('ND',)","('ND',)","((-1, -1), (-1, -1), None, None)","('bfloat16', 'bfloat16', 'int8', 'int8')","((-1, -1),)","((-1, -1), (-1, -1), None, None)","((-1, -1),)","('ND',)","('ND',)","(((1, None), (1, None)), ((1, None), (1, None)), None, None)","(((1, None), (1, None)),)","((None, None),)",,1e-08,(),(),(),mat_mul_v3,(),(),True,True,(),(),True,,,0,,,(),(),(),,,,,,,"{'save_temp_cce_file': True, 'op_debug_config': 'dump_cce'}",{'save_temp_cce_file': True},DYN_OFF,"(40, 39, 36)",DYN_OFF,STC_OFF,CST_OFF,bin_op_mat_mul_v3_M_28672_K_4096_N_7168_case1818,DYN_OFF,STC_OFF,CST_OFF,32,DYN_OFF,STC_OFF,CST_OFF,108.693,DYN_OFF,STC_OFF,CST_OFF,1082.0820668649317,DYN_OFF,STC_OFF,CST_OFF,23.185214042663574,PASS,DYN_OFF,STC_OFF,DYN_OFF,CST_OFF,CST_OFF,99.99500853674752%,DYN_OFF,PASS,UNKNOWN,UNKNOWN,UNKNOWN,"OK,OK",PASS,DYN_OFF (DYN_OFF),"('DYN_OFF', False)",1 (0x0000000000000001),"(32, 8192, 7168, 288, 256, 256, 256, 256, 256, 64, 288, 1, 1, 1, 1, 0, 0, 16843264, 0, 256, 1, 0)",False,DYN_OFF,DYN_OFF,,,,,"(20971520,)",DYN_OFF,STC_OFF,CST_OFF,STC_OFF,CST_OFF,8847360,117440512,Ascend910_9589
mat_mul_v3_M_30720_K_8192_N_4096_case605,UNKNOWN,mat_mul_v3,"('bfloat16', 'bfloat16', 'int8', 'int8')","((30720, 8192), (8192, 4096), None, None)","((30720, 4096),)","('ND',)","('ND',)","{'transpose_x1': False, 'transpose_x2': False}","{'transpose_x1': False, 'transpose_x2': False}","((30720, 8192), (8192, 4096), None, None)","('bfloat16',)","((30720, 4096),)","('ND',)","('ND',)","((-1, -1), (-1, -1), None, None)","('bfloat16', 'bfloat16', 'int8', 'int8')","((-1, -1),)","((-1, -1), (-1, -1), None, None)","((-1, -1),)","('ND',)","('ND',)","(((1, None), (1, None)), ((1, None), (1, None)), None, None)","(((1, None), (1, None)),)","((None, None),)",,1e-08,(),(),(),mat_mul_v3,(),(),True,True,(),(),True,,,0,,,(),(),(),,,,,,,"{'save_temp_cce_file': True, 'op_debug_config': 'dump_cce'}",{'save_temp_cce_file': True},DYN_OFF,"(42, 47, 52)",DYN_OFF,STC_OFF,CST_OFF,bin_op_mat_mul_v3_M_28672_K_4096_N_7168_case1818,DYN_OFF,STC_OFF,CST_OFF,32,DYN_OFF,STC_OFF,CST_OFF,4781.423,DYN_OFF,STC_OFF,CST_OFF,160.124925153035,DYN_OFF,STC_OFF,CST_OFF,23.185214042663574,PASS,DYN_OFF,STC_OFF,DYN_OFF,CST_OFF,CST_OFF,99.96779998143514%,DYN_OFF,PASS,UNKNOWN,UNKNOWN,UNKNOWN,"OK,OK",PASS,DYN_OFF (DYN_OFF),"('DYN_OFF', False)",1 (0x0000000000000001),"(32, 30720, 4096, 8192, 256, 256, 256, 256, 256, 64, 8192, 1, 1, 1, 1, 0, 0, 16843264, 0, 256, 1, 0)",False,DYN_OFF,DYN_OFF,,,,,"(20971520,)",DYN_OFF,STC_OFF,CST_OFF,STC_OFF,CST_OFF,570425344,251658240,Ascend910_9589
mat_mul_v3_M_28672_K_7168_N_2304_case1506,UNKNOWN,mat_mul_v3,"('bfloat16', 'bfloat16', 'int8', 'int8')","((28672, 7168), (7168, 2304), None, None)","((28672, 2304),)","('ND',)","('ND',)","{'transpose_x1': False, 'transpose_x2': False}","{'transpose_x1': False, 'transpose_x2': False}","((28672, 7168), (7168, 2304), None, None)","('bfloat16',)","((28672, 2304),)","('ND',)","('ND',)","((-1, -1), (-1, -1), None, None)","('bfloat16', 'bfloat16', 'int8', 'int8')","((-1, -1),)","((-1, -1), (-1, -1), None, None)","((-1, -1),)","('ND',)","('ND',)","(((1, None), (1, None)), ((1, None), (1, None)), None, None)","(((1, None), (1, None)),)","((None, None),)",,1e-08,(),(),(),mat_mul_v3,(),(),True,True,(),(),True,,,0,,,(),(),(),,,,,,,"{'save_temp_cce_file': True, 'op_debug_config': 'dump_cce'}",{'save_temp_cce_file': True},DYN_OFF,"(40, 49, 48)",DYN_OFF,STC_OFF,CST_OFF,bin_op_mat_mul_v3_M_28672_K_4096_N_7168_case1818,DYN_OFF,STC_OFF,CST_OFF,32,DYN_OFF,STC_OFF,CST_OFF,2201.917,DYN_OFF,STC_OFF,CST_OFF,243.70632215019913,DYN_OFF,STC_OFF,CST_OFF,23.185214042663574,PASS,DYN_OFF,STC_OFF,DYN_OFF,CST_OFF,CST_OFF,99.96981242346385%,DYN_OFF,PASS,UNKNOWN,UNKNOWN,UNKNOWN,"OK,OK",PASS,DYN_OFF (DYN_OFF),"('DYN_OFF', False)",4097 (0x0000000000001001),"(32, 28672, 2304, 7168, 256, 256, 256, 256, 256, 64, 3584, 1, 1, 1, 1, 0, 0, 16843264, 0, 256, 1, 0)",False,DYN_OFF,DYN_OFF,,,,,"(29360128,)",DYN_OFF,STC_OFF,CST_OFF,STC_OFF,CST_OFF,444071936,132120576,Ascend910_9589
mat_mul_v3_M_16384_K_1536_N_192_case834,UNKNOWN,mat_mul_v3,"('bfloat16', 'bfloat16', 'int8', 'int8')","((16384, 1536), (1536, 192), None, None)","((16384, 192),)","('ND',)","('ND',)","{'transpose_x1': False, 'transpose_x2': False}","{'transpose_x1': False, 'transpose_x2': False}","((16384, 1536), (1536, 192), None, None)","('bfloat16',)","((16384, 192),)","('ND',)","('ND',)","((-1, -1), (-1, -1), None, None)","('bfloat16', 'bfloat16', 'int8', 'int8')","((-1, -1),)","((-1, -1), (-1, -1), None, None)","((-1, -1),)","('ND',)","('ND',)","(((1, None), (1, None)), ((1, None), (1, None)), None, None)","(((1, None), (1, None)),)","((None, None),)",,1e-08,(),(),(),mat_mul_v3,(),(),True,True,(),(),True,,,0,,,(),(),(),,,,,,,"{'save_temp_cce_file': True, 'op_debug_config': 'dump_cce'}",{'save_temp_cce_file': True},DYN_OFF,"(45, 54, 52)",DYN_OFF,STC_OFF,CST_OFF,bin_op_mat_mul_v3_M_28672_K_4096_N_7168_case1818,DYN_OFF,STC_OFF,CST_OFF,32,DYN_OFF,STC_OFF,CST_OFF,44.518,DYN_OFF,STC_OFF,CST_OFF,1196.902183526888,DYN_OFF,STC_OFF,CST_OFF,23.185214042663574,PASS,DYN_OFF,STC_OFF,DYN_OFF,CST_OFF,CST_OFF,99.98518625895181%,DYN_OFF,PASS,UNKNOWN,UNKNOWN,UNKNOWN,"OK,OK",PASS,DYN_OFF (DYN_OFF),"('DYN_OFF', False)",1 (0x0000000000000001),"(32, 16384, 192, 1536, 256, 192, 256, 256, 192, 64, 1536, 1, 1, 1, 1, 0, 0, 16843264, 0, 256, 1, 0)",False,DYN_OFF,DYN_OFF,,,,,"(20971520,)",DYN_OFF,STC_OFF,CST_OFF,STC_OFF,CST_OFF,50921472,6291456,Ascend910_9589
mat_mul_v3_M_1024_K_4608_N_7168_case1525,UNKNOWN,mat_mul_v3,"('bfloat16', 'bfloat16', 'int8', 'int8')","((1024, 4608), (4608, 7168), None, None)","((1024, 7168),)","('ND',)","('ND',)","{'transpose_x1': False, 'transpose_x2': False}","{'transpose_x1': False, 'transpose_x2': False}","((1024, 4608), (4608, 7168), None, None)","('bfloat16',)","((1024, 7168),)","('ND',)","('ND',)","((-1, -1), (-1, -1), None, None)","('bfloat16', 'bfloat16', 'int8', 'int8')","((-1, -1),)","((-1, -1), (-1, -1), None, None)","((-1, -1),)","('ND',)","('ND',)","(((1, None), (1, None)), ((1, None), (1, None)), None, None)","(((1, None), (1, None)),)","((None, None),)",,1e-08,(),(),(),mat_mul_v3,(),(),True,True,(),(),True,,,0,,,(),(),(),,,,,,,"{'save_temp_cce_file': True, 'op_debug_config': 'dump_cce'}",{'save_temp_cce_file': True},DYN_OFF,"(39, 43, 45)",DYN_OFF,STC_OFF,CST_OFF,bin_op_mat_mul_v3_M_28672_K_4096_N_7168_case1818,DYN_OFF,STC_OFF,CST_OFF,32,DYN_OFF,STC_OFF,CST_OFF,164.417,DYN_OFF,STC_OFF,CST_OFF,510.80104247127736,DYN_OFF,STC_OFF,CST_OFF,23.185214042663574,PASS,DYN_OFF,STC_OFF,DYN_OFF,CST_OFF,CST_OFF,99.97404643467495%,DYN_OFF,PASS,UNKNOWN,UNKNOWN,UNKNOWN,"OK,OK",PASS,DYN_OFF (DYN_OFF),"('DYN_OFF', False)",4097 (0x0000000000001001),"(32, 1024, 7168, 4608, 256, 256, 256, 256, 256, 64, 2304, 1, 1, 1, 1, 0, 0, 16843264, 0, 256, 1, 0)",False,DYN_OFF,DYN_OFF,,,,,"(29360128,)",DYN_OFF,STC_OFF,CST_OFF,STC_OFF,CST_OFF,75497472,14680064,Ascend910_9589
mat_mul_v3_M_57344_K_1536_N_4096_case689,UNKNOWN,mat_mul_v3,"('bfloat16', 'bfloat16', 'int8', 'int8')","((57344, 1536), (1536, 4096), None, None)","((57344, 4096),)","('ND',)","('ND',)","{'transpose_x1': False, 'transpose_x2': False}","{'transpose_x1': False, 'transpose_x2': False}","((57344, 1536), (1536, 4096), None, None)","('bfloat16',)","((57344, 4096),)","('ND',)","('ND',)","((-1, -1), (-1, -1), None, None)","('bfloat16', 'bfloat16', 'int8', 'int8')","((-1, -1),)","((-1, -1), (-1, -1), None, None)","((-1, -1),)","('ND',)","('ND',)","(((1, None), (1, None)), ((1, None), (1, None)), None, None)","(((1, None), (1, None)),)","((None, None),)",,1e-08,(),(),(),mat_mul_v3,(),(),True,True,(),(),True,,,0,,,(),(),(),,,,,,,"{'save_temp_cce_file': True, 'op_debug_config': 'dump_cce'}",{'save_temp_cce_file': True},DYN_OFF,"(36, 45, 47)",DYN_OFF,STC_OFF,CST_OFF,bin_op_mat_mul_v3_M_28672_K_4096_N_7168_case1818,DYN_OFF,STC_OFF,CST_OFF,32,DYN_OFF,STC_OFF,CST_OFF,1687.837,DYN_OFF,STC_OFF,CST_OFF,363.35336291359886,DYN_OFF,STC_OFF,CST_OFF,23.185214042663574,PASS,DYN_OFF,STC_OFF,DYN_OFF,CST_OFF,CST_OFF,99.98353251389095%,DYN_OFF,PASS,UNKNOWN,UNKNOWN,UNKNOWN,"OK,OK",PASS,DYN_OFF (DYN_OFF),"('DYN_OFF', False)",1 (0x0000000000000001),"(32, 57344, 4096, 1536, 256, 256, 256, 256, 256, 64, 1536, 1, 1, 1, 1, 0, 0, 16843264, 0, 256, 1, 0)",False,DYN_OFF,DYN_OFF,,,,,"(20971520,)",DYN_OFF,STC_OFF,CST_OFF,STC_OFF,CST_OFF,188743680,469762048,Ascend910_9589
mat_mul_v3_M_61440_K_256_N_4096_case205,UNKNOWN,mat_mul_v3,"('bfloat16', 'bfloat16', 'int8', 'int8')","((61440, 256), (256, 4096), None, None)","((61440, 4096),)","('ND',)","('ND',)","{'transpose_x1': False, 'transpose_x2': False}","{'transpose_x1': False, 'transpose_x2': False}","((61440, 256), (256, 4096), None, None)","('bfloat16',)","((61440, 4096),)","('ND',)","('ND',)","((-1, -1), (-1, -1), None, None)","('bfloat16', 'bfloat16', 'int8', 'int8')","((-1, -1),)","((-1, -1), (-1, -1), None, None)","((-1, -1),)","('ND',)","('ND',)","(((1, None), (1, None)), ((1, None), (1, None)), None, None)","(((1, None), (1, None)),)","((None, None),)",,1e-08,(),(),(),mat_mul_v3,(),(),True,True,(),(),True,,,0,,,(),(),(),,,,,,,"{'save_temp_cce_file': True, 'op_debug_config': 'dump_cce'}",{'save_temp_cce_file': True},DYN_OFF,"(44, 49, 51)",DYN_OFF,STC_OFF,CST_OFF,bin_op_mat_mul_v3_M_28672_K_4096_N_7168_case1818,DYN_OFF,STC_OFF,CST_OFF,32,DYN_OFF,STC_OFF,CST_OFF,369.501,DYN_OFF,STC_OFF,CST_OFF,1353.1763107542336,DYN_OFF,STC_OFF,CST_OFF,23.185214042663574,PASS,DYN_OFF,STC_OFF,DYN_OFF,CST_OFF,CST_OFF,99.995276927948%,DYN_OFF,PASS,UNKNOWN,UNKNOWN,UNKNOWN,"OK,OK",PASS,DYN_OFF (DYN_OFF),"('DYN_OFF', False)",1 (0x0000000000000001),"(32, 61440, 4096, 256, 256, 256, 256, 256, 256, 64, 256, 1, 1, 1, 1, 0, 0, 16843264, 0, 256, 1, 0)",False,DYN_OFF,DYN_OFF,,,,,"(20971520,)",DYN_OFF,STC_OFF,CST_OFF,STC_OFF,CST_OFF,33554432,503316480,Ascend910_9589
mat_mul_v3_M_5120_K_4096_N_4608_case536,UNKNOWN,mat_mul_v3,"('bfloat16', 'bfloat16', 'int8', 'int8')","((5120, 4096), (4096, 4608), None, None)","((5120, 4608),)","('ND',)","('ND',)","{'transpose_x1': False, 'transpose_x2': False}","{'transpose_x1': False, 'transpose_x2': False}","((5120, 4096), (4096, 4608), None, None)","('bfloat16',)","((5120, 4608),)","('ND',)","('ND',)","((-1, -1), (-1, -1), None, None)","('bfloat16', 'bfloat16', 'int8', 'int8')","((-1, -1),)","((-1, -1), (-1, -1), None, None)","((-1, -1),)","('ND',)","('ND',)","(((1, None), (1, None)), ((1, None), (1, None)), None, None)","(((1, None), (1, None)),)","((None, None),)",,1e-08,(),(),(),mat_mul_v3,(),(),True,True,(),(),True,,,0,,,(),(),(),,,,,,,"{'save_temp_cce_file': True, 'op_debug_config': 'dump_cce'}",{'save_temp_cce_file': True},DYN_OFF,"(37, 42, 40)",DYN_OFF,STC_OFF,CST_OFF,bin_op_mat_mul_v3_M_28672_K_4096_N_7168_case1818,DYN_OFF,STC_OFF,CST_OFF,32,DYN_OFF,STC_OFF,CST_OFF,457.849,DYN_OFF,STC_OFF,CST_OFF,258.0852256966817,DYN_OFF,STC_OFF,CST_OFF,23.185214042663574,PASS,DYN_OFF,STC_OFF,DYN_OFF,CST_OFF,CST_OFF,99.9760988023546%,DYN_OFF,PASS,UNKNOWN,UNKNOWN,UNKNOWN,"OK,OK",PASS,DYN_OFF (DYN_OFF),"('DYN_OFF', False)",4097 (0x0000000000001001),"(32, 5120, 4608, 4096, 256, 256, 256, 256, 256, 64, 1024, 1, 1, 1, 1, 0, 0, 16843264, 0, 256, 1, 0)",False,DYN_OFF,DYN_OFF,,,,,"(29360128,)",DYN_OFF,STC_OFF,CST_OFF,STC_OFF,CST_OFF,79691776,47185920,Ascend910_9589
mat_mul_v3_M_61440_K_4096_N_12288_case649,UNKNOWN,mat_mul_v3,"('bfloat16', 'bfloat16', 'int8', 'int8')","((61440, 4096), (4096, 12288), None, None)","((61440, 12288),)","('ND',)","('ND',)","{'transpose_x1': False, 'transpose_x2': False}","{'transpose_x1': False, 'transpose_x2': False}","((61440, 4096), (4096, 12288), None, None)","('bfloat16',)","((61440, 12288),)","('ND',)","('ND',)","((-1, -1), (-1, -1), None, None)","('bfloat16', 'bfloat16', 'int8', 'int8')","((-1, -1),)","((-1, -1), (-1, -1), None, None)","((-1, -1),)","('ND',)","('ND',)","(((1, None), (1, None)), ((1, None), (1, None)), None, None)","(((1, None), (1, None)),)","((None, None),)",,1e-08,(),(),(),mat_mul_v3,(),(),True,True,(),(),True,,,0,,,(),(),(),,,,,,,"{'save_temp_cce_file': True, 'op_debug_config': 'dump_cce'}",{'save_temp_cce_file': True},DYN_OFF,"(42, 46, 49)",DYN_OFF,STC_OFF,CST_OFF,bin_op_mat_mul_v3_M_28672_K_4096_N_7168_case1818,DYN_OFF,STC_OFF,CST_OFF,32,DYN_OFF,STC_OFF,CST_OFF,14346.802,DYN_OFF,STC_OFF,CST_OFF,137.2257036794681,DYN_OFF,STC_OFF,CST_OFF,23.185214042663574,PASS,DYN_OFF,STC_OFF,DYN_OFF,CST_OFF,CST_OFF,99.97607893413968%,DYN_OFF,PASS,UNKNOWN,UNKNOWN,UNKNOWN,"OK,OK",PASS,DYN_OFF (DYN_OFF),"('DYN_OFF', False)",1 (0x0000000000000001),"(32, 61440, 12288, 4096, 256, 256, 256, 256, 256, 64, 4096, 1, 1, 1, 1, 0, 0, 16843264, 0, 256, 1, 0)",False,DYN_OFF,DYN_OFF,,,,,"(20971520,)",DYN_OFF,STC_OFF,CST_OFF,STC_OFF,CST_OFF,603979776,1509949440,Ascend910_9589
mat_mul_v3_M_8192_K_7168_N_576_case1409,UNKNOWN,mat_mul_v3,"('bfloat16', 'bfloat16', 'int8', 'int8')","((8192, 7168), (7168, 576), None, None)","((8192, 576),)","('ND',)","('ND',)","{'transpose_x1': False, 'transpose_x2': False}","{'transpose_x1': False, 'transpose_x2': False}","((8192, 7168), (7168, 576), None, None)","('bfloat16',)","((8192, 576),)","('ND',)","('ND',)","((-1, -1), (-1, -1), None, None)","('bfloat16', 'bfloat16', 'int8', 'int8')","((-1, -1),)","((-1, -1), (-1, -1), None, None)","((-1, -1),)","('ND',)","('ND',)","(((1, None), (1, None)), ((1, None), (1, None)), None, None)","(((1, None), (1, None)),)","((None, None),)",,1e-08,(),(),(),mat_mul_v3,(),(),True,True,(),(),True,,,0,,,(),(),(),,,,,,,"{'save_temp_cce_file': True, 'op_debug_config': 'dump_cce'}",{'save_temp_cce_file': True},DYN_OFF,"(45, 58, 50)",DYN_OFF,STC_OFF,CST_OFF,bin_op_mat_mul_v3_M_28672_K_4096_N_7168_case1818,DYN_OFF,STC_OFF,CST_OFF,32,DYN_OFF,STC_OFF,CST_OFF,188.923,DYN_OFF,STC_OFF,CST_OFF,666.1681859143672,DYN_OFF,STC_OFF,CST_OFF,23.185214042663574,PASS,DYN_OFF,STC_OFF,DYN_OFF,CST_OFF,CST_OFF,99.96924930148654%,DYN_OFF,PASS,UNKNOWN,UNKNOWN,UNKNOWN,"OK,OK",PASS,DYN_OFF (DYN_OFF),"('DYN_OFF', False)",1 (0x0000000000000001),"(32, 8192, 576, 7168, 256, 256, 256, 256, 256, 64, 7168, 1, 1, 1, 1, 0, 0, 16843264, 0, 256, 1, 0)",False,DYN_OFF,DYN_OFF,,,,,"(20971520,)",DYN_OFF,STC_OFF,CST_OFF,STC_OFF,CST_OFF,125698048,9437184,Ascend910_9589
mat_mul_v3_M_1_K_4096_N_128_case238,UNKNOWN,mat_mul_v3,"('bfloat16', 'bfloat16', 'int8', 'int8')","((1, 4096), (4096, 128), None, None)","((1, 128),)","('ND',)","('ND',)","{'transpose_x1': False, 'transpose_x2': False}","{'transpose_x1': False, 'transpose_x2': False}","((1, 4096), (4096, 128), None, None)","('bfloat16',)","((1, 128),)","('ND',)","('ND',)","((-1, -1), (-1, -1), None, None)","('bfloat16', 'bfloat16', 'int8', 'int8')","((-1, -1),)","((-1, -1), (-1, -1), None, None)","((-1, -1),)","('ND',)","('ND',)","(((1, None), (1, None)), ((1, None), (1, None)), None, None)","(((1, None), (1, None)),)","((None, None),)",,1e-08,(),(),(),mat_mul_v3,(),(),True,True,(),(),True,,,0,,,(),(),(),,,,,,,"{'save_temp_cce_file': True, 'op_debug_config': 'dump_cce'}",{'save_temp_cce_file': True},DYN_OFF,"(41, 44, 37)",DYN_OFF,STC_OFF,CST_OFF,bin_op_mat_mul_v3_M_28672_K_4096_N_7168_case1818,DYN_OFF,STC_OFF,CST_OFF,32,DYN_OFF,STC_OFF,CST_OFF,5.1,DYN_OFF,STC_OFF,CST_OFF,193.02555159026502,DYN_OFF,STC_OFF,CST_OFF,23.185214042663574,PASS,DYN_OFF,STC_OFF,DYN_OFF,CST_OFF,CST_OFF,100.0%,DYN_OFF,PASS,UNKNOWN,UNKNOWN,UNKNOWN,"OK,OK",PASS,DYN_OFF (DYN_OFF),"('DYN_OFF', False)",4097 (0x0000000000001001),"(32, 1, 128, 4096, 16, 128, 512, 16, 128, 128, 128, 1, 1, 1, 1, 0, 0, 16843264, 0, 16, 1, 0)",False,DYN_OFF,DYN_OFF,,,,,"(29360128,)",DYN_OFF,STC_OFF,CST_OFF,STC_OFF,CST_OFF,1056768,256,Ascend910_9589
mat_mul_v3_M_10240_K_7168_N_4608_case1503,UNKNOWN,mat_mul_v3,"('bfloat16', 'bfloat16', 'int8', 'int8')","((10240, 7168), (7168, 4608), None, None)","((10240, 4608),)","('ND',)","('ND',)","{'transpose_x1': False, 'transpose_x2': False}","{'transpose_x1': False, 'transpose_x2': False}","((10240, 7168), (7168, 4608), None, None)","('bfloat16',)","((10240, 4608),)","('ND',)","('ND',)","((-1, -1), (-1, -1), None, None)","('bfloat16', 'bfloat16', 'int8', 'int8')","((-1, -1),)","((-1, -1), (-1, -1), None, None)","((-1, -1),)","('ND',)","('ND',)","(((1, None), (1, None)), ((1, None), (1, None)), None, None)","(((1, None), (1, None)),)","((None, None),)",,1e-08,(),(),(),mat_mul_v3,(),(),True,True,(),(),True,,,0,,,(),(),(),,,,,,,"{'save_temp_cce_file': True, 'op_debug_config': 'dump_cce'}",{'save_temp_cce_file': True},DYN_OFF,"(40, 44, 44)",DYN_OFF,STC_OFF,CST_OFF,bin_op_mat_mul_v3_M_28672_K_4096_N_7168_case1818,DYN_OFF,STC_OFF,CST_OFF,32,DYN_OFF,STC_OFF,CST_OFF,1575.739,DYN_OFF,STC_OFF,CST_OFF,181.58642548036192,DYN_OFF,STC_OFF,CST_OFF,23.185214042663574,PASS,DYN_OFF,STC_OFF,DYN_OFF,CST_OFF,CST_OFF,99.96972190009224%,DYN_OFF,PASS,UNKNOWN,UNKNOWN,UNKNOWN,"OK,OK",PASS,DYN_OFF (DYN_OFF),"('DYN_OFF', False)",4097 (0x0000000000001001),"(32, 10240, 4608, 7168, 256, 256, 256, 256, 256, 64, 3584, 1, 1, 1, 1, 0, 0, 16843264, 0, 256, 1, 0)",False,DYN_OFF,DYN_OFF,,,,,"(29360128,)",DYN_OFF,STC_OFF,CST_OFF,STC_OFF,CST_OFF,212860928,94371840,Ascend910_9589
mat_mul_v3_M_8_K_4096_N_640_case104,UNKNOWN,mat_mul_v3,"('bfloat16', 'bfloat16', 'int8', 'int8')","((8, 4096), (4096, 640), None, None)","((8, 640),)","('ND',)","('ND',)","{'transpose_x1': False, 'transpose_x2': False}","{'transpose_x1': False, 'transpose_x2': False}","((8, 4096), (4096, 640), None, None)","('bfloat16',)","((8, 640),)","('ND',)","('ND',)","((-1, -1), (-1, -1), None, None)","('bfloat16', 'bfloat16', 'int8', 'int8')","((-1, -1),)","((-1, -1), (-1, -1), None, None)","((-1, -1),)","('ND',)","('ND',)","(((1, None), (1, None)), ((1, None), (1, None)), None, None)","(((1, None), (1, None)),)","((None, None),)",,1e-08,(),(),(),mat_mul_v3,(),(),True,True,(),(),True,,,0,,,(),(),(),,,,,,,"{'save_temp_cce_file': True, 'op_debug_config': 'dump_cce'}",{'save_temp_cce_file': True},DYN_OFF,"(38, 43, 41)",DYN_OFF,STC_OFF,CST_OFF,bin_op_mat_mul_v3_M_28672_K_4096_N_7168_case1818,DYN_OFF,STC_OFF,CST_OFF,32,DYN_OFF,STC_OFF,CST_OFF,7.656,DYN_OFF,STC_OFF,CST_OFF,646.9937825775944,DYN_OFF,STC_OFF,CST_OFF,23.185214042663574,PASS,DYN_OFF,STC_OFF,DYN_OFF,CST_OFF,CST_OFF,100.0%,DYN_OFF,PASS,UNKNOWN,UNKNOWN,UNKNOWN,"OK,OK",PASS,DYN_OFF (DYN_OFF),"('DYN_OFF', False)",4097 (0x0000000000001001),"(32, 8, 640, 4096, 16, 224, 256, 16, 224, 64, 410, 1, 1, 1, 1, 0, 0, 16843264, 0, 16, 1, 0)",False,DYN_OFF,DYN_OFF,,,,,"(29360128,)",DYN_OFF,STC_OFF,CST_OFF,STC_OFF,CST_OFF,5308416,10240,Ascend910_9589
mat_mul_v3_M_28672_K_12288_N_4096_case739,UNKNOWN,mat_mul_v3,"('bfloat16', 'bfloat16', 'int8', 'int8')","((28672, 12288), (12288, 4096), None, None)","((28672, 4096),)","('ND',)","('ND',)","{'transpose_x1': False, 'transpose_x2': False}","{'transpose_x1': False, 'transpose_x2': False}","((28672, 12288), (12288, 4096), None, None)","('bfloat16',)","((28672, 4096),)","('ND',)","('ND',)","((-1, -1), (-1, -1), None, None)","('bfloat16', 'bfloat16', 'int8', 'int8')","((-1, -1),)","((-1, -1), (-1, -1), None, None)","((-1, -1),)","('ND',)","('ND',)","(((1, None), (1, None)), ((1, None), (1, None)), None, None)","(((1, None), (1, None)),)","((None, None),)",,1e-08,(),(),(),mat_mul_v3,(),(),True,True,(),(),True,,,0,,,(),(),(),,,,,,,"{'save_temp_cce_file': True, 'op_debug_config': 'dump_cce'}",{'save_temp_cce_file': True},DYN_OFF,"(44, 49, 48)",DYN_OFF,STC_OFF,CST_OFF,bin_op_mat_mul_v3_M_28672_K_4096_N_7168_case1818,DYN_OFF,STC_OFF,CST_OFF,32,DYN_OFF,STC_OFF,CST_OFF,6687.566,DYN_OFF,STC_OFF,CST_OFF,144.85838345371096,DYN_OFF,STC_OFF,CST_OFF,23.185214042663574,PASS,DYN_OFF,STC_OFF,DYN_OFF,CST_OFF,CST_OFF,99.96210592133659%,DYN_OFF,PASS,UNKNOWN,UNKNOWN,UNKNOWN,"OK,OK",PASS,DYN_OFF (DYN_OFF),"('DYN_OFF', False)",1 (0x0000000000000001),"(32, 28672, 4096, 12288, 256, 256, 256, 256, 256, 64, 12288, 1, 1, 1, 1, 0, 0, 16843264, 0, 256, 1, 0)",False,DYN_OFF,DYN_OFF,,,,,"(20971520,)",DYN_OFF,STC_OFF,CST_OFF,STC_OFF,CST_OFF,805306368,234881024,Ascend910_9589
mat_mul_v3_M_7168_K_7168_N_288_case1435,UNKNOWN,mat_mul_v3,"('bfloat16', 'bfloat16', 'int8', 'int8')","((7168, 7168), (7168, 288), None, None)","((7168, 288),)","('ND',)","('ND',)","{'transpose_x1': False, 'transpose_x2': False}","{'transpose_x1': False, 'transpose_x2': False}","((7168, 7168), (7168, 288), None, None)","('bfloat16',)","((7168, 288),)","('ND',)","('ND',)","((-1, -1), (-1, -1), None, None)","('bfloat16', 'bfloat16', 'int8', 'int8')","((-1, -1),)","((-1, -1), (-1, -1), None, None)","((-1, -1),)","('ND',)","('ND',)","(((1, None), (1, None)), ((1, None), (1, None)), None, None)","(((1, None), (1, None)),)","((None, None),)",,1e-08,(),(),(),mat_mul_v3,(),(),True,True,(),(),True,,,0,,,(),(),(),,,,,,,"{'save_temp_cce_file': True, 'op_debug_config': 'dump_cce'}",{'save_temp_cce_file': True},DYN_OFF,"(44, 39, 53)",DYN_OFF,STC_OFF,CST_OFF,bin_op_mat_mul_v3_M_28672_K_4096_N_7168_case1818,DYN_OFF,STC_OFF,CST_OFF,32,DYN_OFF,STC_OFF,CST_OFF,139.7,DYN_OFF,STC_OFF,CST_OFF,740.1113435039372,DYN_OFF,STC_OFF,CST_OFF,23.185214042663574,PASS,DYN_OFF,STC_OFF,DYN_OFF,CST_OFF,CST_OFF,99.96962774367559%,DYN_OFF,PASS,UNKNOWN,UNKNOWN,UNKNOWN,"OK,OK",PASS,DYN_OFF (DYN_OFF),"('DYN_OFF', False)",1 (0x0000000000000001),"(32, 7168, 288, 7168, 224, 256, 256, 224, 256, 64, 7168, 1, 1, 1, 1, 0, 0, 16843264, 0, 224, 1, 0)",False,DYN_OFF,DYN_OFF,,,,,"(20971520,)",DYN_OFF,STC_OFF,CST_OFF,STC_OFF,CST_OFF,106889216,4128768,Ascend910_9589
mat_mul_v3_M_16384_K_4096_N_7168_case1339,UNKNOWN,mat_mul_v3,"('bfloat16', 'bfloat16', 'int8', 'int8')","((16384, 4096), (4096, 7168), None, None)","((16384, 7168),)","('ND',)","('ND',)","{'transpose_x1': False, 'transpose_x2': False}","{'transpose_x1': False, 'transpose_x2': False}","((16384, 4096), (4096, 7168), None, None)","('bfloat16',)","((16384, 7168),)","('ND',)","('ND',)","((-1, -1), (-1, -1), None, None)","('bfloat16', 'bfloat16', 'int8', 'int8')","((-1, -1),)","((-1, -1), (-1, -1), None, None)","((-1, -1),)","('ND',)","('ND',)","(((1, None), (1, None)), ((1, None), (1, None)), None, None)","(((1, None), (1, None)),)","((None, None),)",,1e-08,(),(),(),mat_mul_v3,(),(),True,True,(),(),True,,,0,,,(),(),(),,,,,,,"{'save_temp_cce_file': True, 'op_debug_config': 'dump_cce'}",{'save_temp_cce_file': True},DYN_OFF,"(43, 46, 49)",DYN_OFF,STC_OFF,CST_OFF,bin_op_mat_mul_v3_M_28672_K_4096_N_7168_case1818,DYN_OFF,STC_OFF,CST_OFF,32,DYN_OFF,STC_OFF,CST_OFF,2239.07,DYN_OFF,STC_OFF,CST_OFF,177.94776402702905,DYN_OFF,STC_OFF,CST_OFF,23.185214042663574,PASS,DYN_OFF,STC_OFF,DYN_OFF,CST_OFF,CST_OFF,99.9756497996194%,DYN_OFF,PASS,UNKNOWN,UNKNOWN,UNKNOWN,"OK,OK",PASS,DYN_OFF (DYN_OFF),"('DYN_OFF', False)",1 (0x0000000000000001),"(32, 16384, 7168, 4096, 256, 256, 256, 256, 256, 64, 4096, 1, 1, 1, 1, 0, 0, 16843264, 0, 256, 1, 0)",False,DYN_OFF,DYN_OFF,,,,,"(20971520,)",DYN_OFF,STC_OFF,CST_OFF,STC_OFF,CST_OFF,192937984,234881024,Ascend910_9589
mat_mul_v3_M_28672_K_128_N_7168_case1285,UNKNOWN,mat_mul_v3,"('bfloat16', 'bfloat16', 'int8', 'int8')","((28672, 128), (128, 7168), None, None)","((28672, 7168),)","('ND',)","('ND',)","{'transpose_x1': False, 'transpose_x2': False}","{'transpose_x1': False, 'transpose_x2': False}","((28672, 128), (128, 7168), None, None)","('bfloat16',)","((28672, 7168),)","('ND',)","('ND',)","((-1, -1), (-1, -1), None, None)","('bfloat16', 'bfloat16', 'int8', 'int8')","((-1, -1),)","((-1, -1), (-1, -1), None, None)","((-1, -1),)","('ND',)","('ND',)","(((1, None), (1, None)), ((1, None), (1, None)), None, None)","(((1, None), (1, None)),)","((None, None),)",,1e-08,(),(),(),mat_mul_v3,(),(),True,True,(),(),True,,,0,,,(),(),(),,,,,,,"{'save_temp_cce_file': True, 'op_debug_config': 'dump_cce'}",{'save_temp_cce_file': True},DYN_OFF,"(44, 51, 54)",DYN_OFF,STC_OFF,CST_OFF,bin_op_mat_mul_v3_M_28672_K_4096_N_7168_case1818,DYN_OFF,STC_OFF,CST_OFF,32,DYN_OFF,STC_OFF,CST_OFF,229.495,DYN_OFF,STC_OFF,CST_OFF,1705.298249961873,DYN_OFF,STC_OFF,CST_OFF,23.185214042663574,PASS,DYN_OFF,STC_OFF,DYN_OFF,CST_OFF,CST_OFF,99.9971730368478%,DYN_OFF,PASS,UNKNOWN,UNKNOWN,UNKNOWN,"OK,OK",PASS,DYN_OFF (DYN_OFF),"('DYN_OFF', False)",1 (0x0000000000000001),"(32, 28672, 7168, 128, 256, 256, 256, 256, 256, 64, 128, 1, 1, 1, 1, 0, 0, 16843264, 0, 256, 1, 0)",False,DYN_OFF,DYN_OFF,,,,,"(20971520,)",DYN_OFF,STC_OFF,CST_OFF,STC_OFF,CST_OFF,9175040,411041792,Ascend910_9589
mat_mul_v3_M_16384_K_4096_N_1152_case99,UNKNOWN,mat_mul_v3,"('bfloat16', 'bfloat16', 'int8', 'int8')","((16384, 4096), (4096, 1152), None, None)","((16384, 1152),)","('ND',)","('ND',)","{'transpose_x1': False, 'transpose_x2': False}","{'transpose_x1': False, 'transpose_x2': False}","((16384, 4096), (4096, 1152), None, None)","('bfloat16',)","((16384, 1152),)","('ND',)","('ND',)","((-1, -1), (-1, -1), None, None)","('bfloat16', 'bfloat16', 'int8', 'int8')","((-1, -1),)","((-1, -1), (-1, -1), None, None)","((-1, -1),)","('ND',)","('ND',)","(((1, None), (1, None)), ((1, None), (1, None)), None, None)","(((1, None), (1, None)),)","((None, None),)",,1e-08,(),(),(),mat_mul_v3,(),(),True,True,(),(),True,,,0,,,(),(),(),,,,,,,"{'save_temp_cce_file': True, 'op_debug_config': 'dump_cce'}",{'save_temp_cce_file': True},DYN_OFF,"(45, 50, 52)",DYN_OFF,STC_OFF,CST_OFF,bin_op_mat_mul_v3_M_28672_K_4096_N_7168_case1818,DYN_OFF,STC_OFF,CST_OFF,32,DYN_OFF,STC_OFF,CST_OFF,371.951,DYN_OFF,STC_OFF,CST_OFF,454.2138951098397,DYN_OFF,STC_OFF,CST_OFF,23.185214042663574,PASS,DYN_OFF,STC_OFF,DYN_OFF,CST_OFF,CST_OFF,99.97560713026259%,DYN_OFF,PASS,UNKNOWN,UNKNOWN,UNKNOWN,"OK,OK",PASS,DYN_OFF (DYN_OFF),"('DYN_OFF', False)",1 (0x0000000000000001),"(32, 16384, 1152, 4096, 256, 256, 256, 256, 256, 64, 4096, 1, 1, 1, 1, 0, 0, 16843264, 0, 256, 1, 0)",False,DYN_OFF,DYN_OFF,,,,,"(20971520,)",DYN_OFF,STC_OFF,CST_OFF,STC_OFF,CST_OFF,143654912,37748736,Ascend910_9589
mat_mul_v3_M_2560_K_4096_N_6144_case289,UNKNOWN,mat_mul_v3,"('bfloat16', 'bfloat16', 'int8', 'int8')","((2560, 4096), (4096, 6144), None, None)","((2560, 6144),)","('ND',)","('ND',)","{'transpose_x1': False, 'transpose_x2': False}","{'transpose_x1': False, 'transpose_x2': False}","((2560, 4096), (4096, 6144), None, None)","('bfloat16',)","((2560, 6144),)","('ND',)","('ND',)","((-1, -1), (-1, -1), None, None)","('bfloat16', 'bfloat16', 'int8', 'int8')","((-1, -1),)","((-1, -1), (-1, -1), None, None)","((-1, -1),)","('ND',)","('ND',)","(((1, None), (1, None)), ((1, None), (1, None)), None, None)","(((1, None), (1, None)),)","((None, None),)",,1e-08,(),(),(),mat_mul_v3,(),(),True,True,(),(),True,,,0,,,(),(),(),,,,,,,"{'save_temp_cce_file': True, 'op_debug_config': 'dump_cce'}",{'save_temp_cce_file': True},DYN_OFF,"(46, 43, 42)",DYN_OFF,STC_OFF,CST_OFF,bin_op_mat_mul_v3_M_28672_K_4096_N_7168_case1818,DYN_OFF,STC_OFF,CST_OFF,32,DYN_OFF,STC_OFF,CST_OFF,307.763,DYN_OFF,STC_OFF,CST_OFF,310.96371233709056,DYN_OFF,STC_OFF,CST_OFF,23.185214042663574,PASS,DYN_OFF,STC_OFF,DYN_OFF,CST_OFF,CST_OFF,99.97519810994466%,DYN_OFF,PASS,UNKNOWN,UNKNOWN,UNKNOWN,"OK,OK",PASS,DYN_OFF (DYN_OFF),"('DYN_OFF', False)",4097 (0x0000000000001001),"(32, 2560, 6144, 4096, 256, 256, 256, 256, 256, 64, 2048, 1, 1, 1, 1, 0, 0, 16843264, 0, 256, 1, 0)",False,DYN_OFF,DYN_OFF,,,,,"(29360128,)",DYN_OFF,STC_OFF,CST_OFF,STC_OFF,CST_OFF,71303168,31457280,Ascend910_9589
mat_mul_v3_M_30720_K_9216_N_7168_case1896,UNKNOWN,mat_mul_v3,"('bfloat16', 'bfloat16', 'int8', 'int8')","((30720, 9216), (9216, 7168), None, None)","((30720, 7168),)","('ND',)","('ND',)","{'transpose_x1': False, 'transpose_x2': False}","{'transpose_x1': False, 'transpose_x2': False}","((30720, 9216), (9216, 7168), None, None)","('bfloat16',)","((30720, 7168),)","('ND',)","('ND',)","((-1, -1), (-1, -1), None, None)","('bfloat16', 'bfloat16', 'int8', 'int8')","((-1, -1),)","((-1, -1), (-1, -1), None, None)","((-1, -1),)","('ND',)","('ND',)","(((1, None), (1, None)), ((1, None), (1, None)), None, None)","(((1, None), (1, None)),)","((None, None),)",,1e-08,(),(),(),mat_mul_v3,(),(),True,True,(),(),True,,,0,,,(),(),(),,,,,,,"{'save_temp_cce_file': True, 'op_debug_config': 'dump_cce'}",{'save_temp_cce_file': True},DYN_OFF,"(35, 43, 43)",DYN_OFF,STC_OFF,CST_OFF,bin_op_mat_mul_v3_M_28672_K_4096_N_7168_case1818,DYN_OFF,STC_OFF,CST_OFF,32,DYN_OFF,STC_OFF,CST_OFF,9405.477,DYN_OFF,STC_OFF,CST_OFF,112.7584358560443,DYN_OFF,STC_OFF,CST_OFF,23.185214042663574,PASS,DYN_OFF,STC_OFF,DYN_OFF,CST_OFF,CST_OFF,99.9664815266927%,DYN_OFF,PASS,UNKNOWN,UNKNOWN,UNKNOWN,"OK,OK",PASS,DYN_OFF (DYN_OFF),"('DYN_OFF', False)",1 (0x0000000000000001),"(32, 30720, 7168, 9216, 256, 256, 256, 256, 256, 64, 9216, 1, 1, 1, 1, 0, 0, 16843264, 0, 256, 1, 0)",False,DYN_OFF,DYN_OFF,,,,,"(20971520,)",DYN_OFF,STC_OFF,CST_OFF,STC_OFF,CST_OFF,698351616,440401920,Ascend910_9589
mat_mul_v3_M_61440_K_7168_N_2304_case1492,UNKNOWN,mat_mul_v3,"('bfloat16', 'bfloat16', 'int8', 'int8')","((61440, 7168), (7168, 2304), None, None)","((61440, 2304),)","('ND',)","('ND',)","{'transpose_x1': False, 'transpose_x2': False}","{'transpose_x1': False, 'transpose_x2': False}","((61440, 7168), (7168, 2304), None, None)","('bfloat16',)","((61440, 2304),)","('ND',)","('ND',)","((-1, -1), (-1, -1), None, None)","('bfloat16', 'bfloat16', 'int8', 'int8')","((-1, -1),)","((-1, -1), (-1, -1), None, None)","((-1, -1),)","('ND',)","('ND',)","(((1, None), (1, None)), ((1, None), (1, None)), None, None)","(((1, None), (1, None)),)","((None, None),)",,1e-08,(),(),(),mat_mul_v3,(),(),True,True,(),(),True,,,0,,,(),(),(),,,,,,,"{'save_temp_cce_file': True, 'op_debug_config': 'dump_cce'}",{'save_temp_cce_file': True},DYN_OFF,"(39, 32, 45)",DYN_OFF,STC_OFF,CST_OFF,bin_op_mat_mul_v3_M_28672_K_4096_N_7168_case1818,DYN_OFF,STC_OFF,CST_OFF,32,DYN_OFF,STC_OFF,CST_OFF,4708.828,DYN_OFF,STC_OFF,CST_OFF,236.7353604230182,DYN_OFF,STC_OFF,CST_OFF,23.185214042663574,PASS,DYN_OFF,STC_OFF,DYN_OFF,CST_OFF,CST_OFF,99.96992181848596%,DYN_OFF,PASS,UNKNOWN,UNKNOWN,UNKNOWN,"OK,OK",PASS,DYN_OFF (DYN_OFF),"('DYN_OFF', False)",4097 (0x0000000000001001),"(32, 61440, 2304, 7168, 256, 256, 256, 256, 256, 64, 3584, 1, 1, 1, 1, 0, 0, 16843264, 0, 256, 1, 0)",False,DYN_OFF,DYN_OFF,,,,,"(29360128,)",DYN_OFF,STC_OFF,CST_OFF,STC_OFF,CST_OFF,913833984,283115520,Ascend910_9589
mat_mul_v3_M_2_K_2048_N_4096_case225,UNKNOWN,mat_mul_v3,"('bfloat16', 'bfloat16', 'int8', 'int8')","((2, 2048), (2048, 4096), None, None)","((2, 4096),)","('ND',)","('ND',)","{'transpose_x1': False, 'transpose_x2': False}","{'transpose_x1': False, 'transpose_x2': False}","((2, 2048), (2048, 4096), None, None)","('bfloat16',)","((2, 4096),)","('ND',)","('ND',)","((-1, -1), (-1, -1), None, None)","('bfloat16', 'bfloat16', 'int8', 'int8')","((-1, -1),)","((-1, -1), (-1, -1), None, None)","((-1, -1),)","('ND',)","('ND',)","(((1, None), (1, None)), ((1, None), (1, None)), None, None)","(((1, None), (1, None)),)","((None, None),)",,1e-08,(),(),(),mat_mul_v3,(),(),True,True,(),(),True,,,0,,,(),(),(),,,,,,,"{'save_temp_cce_file': True, 'op_debug_config': 'dump_cce'}",{'save_temp_cce_file': True},DYN_OFF,"(42, 47, 50)",DYN_OFF,STC_OFF,CST_OFF,bin_op_mat_mul_v3_M_28672_K_4096_N_7168_case1818,DYN_OFF,STC_OFF,CST_OFF,32,DYN_OFF,STC_OFF,CST_OFF,13.375,DYN_OFF,STC_OFF,CST_OFF,1169.9355651285048,DYN_OFF,STC_OFF,CST_OFF,23.185214042663574,PASS,DYN_OFF,STC_OFF,DYN_OFF,CST_OFF,CST_OFF,99.98779296875%,DYN_OFF,PASS,UNKNOWN,UNKNOWN,UNKNOWN,"OK,OK",PASS,DYN_OFF (DYN_OFF),"('DYN_OFF', False)",1 (0x0000000000000001),"(32, 2, 4096, 2048, 16, 128, 512, 16, 128, 128, 2048, 1, 1, 1, 1, 0, 0, 16908800, 0, 16, 1, 0)",False,DYN_OFF,DYN_OFF,,,,,"(20971520,)",DYN_OFF,STC_OFF,CST_OFF,STC_OFF,CST_OFF,16785408,16384,Ascend910_9589
mat_mul_v3_M_32768_K_4096_N_384_case50,UNKNOWN,mat_mul_v3,"('bfloat16', 'bfloat16', 'int8', 'int8')","((32768, 4096), (4096, 384), None, None)","((32768, 384),)","('ND',)","('ND',)","{'transpose_x1': False, 'transpose_x2': False}","{'transpose_x1': False, 'transpose_x2': False}","((32768, 4096), (4096, 384), None, None)","('bfloat16',)","((32768, 384),)","('ND',)","('ND',)","((-1, -1), (-1, -1), None, None)","('bfloat16', 'bfloat16', 'int8', 'int8')","((-1, -1),)","((-1, -1), (-1, -1), None, None)","((-1, -1),)","('ND',)","('ND',)","(((1, None), (1, None)), ((1, None), (1, None)), None, None)","(((1, None), (1, None)),)","((None, None),)",,1e-08,(),(),(),mat_mul_v3,(),(),True,True,(),(),True,,,0,,,(),(),(),,,,,,,"{'save_temp_cce_file': True, 'op_debug_config': 'dump_cce'}",{'save_temp_cce_file': True},DYN_OFF,"(45, 54, 56)",DYN_OFF,STC_OFF,CST_OFF,bin_op_mat_mul_v3_M_28672_K_4096_N_7168_case1818,DYN_OFF,STC_OFF,CST_OFF,32,DYN_OFF,STC_OFF,CST_OFF,334.409,DYN_OFF,STC_OFF,CST_OFF,826.4346578590888,DYN_OFF,STC_OFF,CST_OFF,23.185214042663574,PASS,DYN_OFF,STC_OFF,DYN_OFF,CST_OFF,CST_OFF,99.97630914052328%,DYN_OFF,PASS,UNKNOWN,UNKNOWN,UNKNOWN,"OK,OK",PASS,DYN_OFF (DYN_OFF),"('DYN_OFF', False)",1 (0x0000000000000001),"(32, 32768, 384, 4096, 256, 256, 256, 256, 256, 64, 4096, 1, 1, 1, 1, 0, 0, 16843264, 0, 256, 1, 0)",False,DYN_OFF,DYN_OFF,,,,,"(20971520,)",DYN_OFF,STC_OFF,CST_OFF,STC_OFF,CST_OFF,271581184,25165824,Ascend910_9589
mat_mul_v3_M_1024_K_128_N_7168_case1206,UNKNOWN,mat_mul_v3,"('bfloat16', 'bfloat16', 'int8', 'int8')","((1024, 128), (128, 7168), None, None)","((1024, 7168),)","('ND',)","('ND',)","{'transpose_x1': False, 'transpose_x2': False}","{'transpose_x1': False, 'transpose_x2': False}","((1024, 128), (128, 7168), None, None)","('bfloat16',)","((1024, 7168),)","('ND',)","('ND',)","((-1, -1), (-1, -1), None, None)","('bfloat16', 'bfloat16', 'int8', 'int8')","((-1, -1),)","((-1, -1), (-1, -1), None, None)","((-1, -1),)","('ND',)","('ND',)","(((1, None), (1, None)), ((1, None), (1, None)), None, None)","(((1, None), (1, None)),)","((None, None),)",,1e-08,(),(),(),mat_mul_v3,(),(),True,True,(),(),True,,,0,,,(),(),(),,,,,,,"{'save_temp_cce_file': True, 'op_debug_config': 'dump_cce'}",{'save_temp_cce_file': True},DYN_OFF,"(43, 51, 49)",DYN_OFF,STC_OFF,CST_OFF,bin_op_mat_mul_v3_M_28672_K_4096_N_7168_case1818,DYN_OFF,STC_OFF,CST_OFF,32,DYN_OFF,STC_OFF,CST_OFF,9.065,DYN_OFF,STC_OFF,CST_OFF,1723.6624379481523,DYN_OFF,STC_OFF,CST_OFF,23.185214042663574,PASS,DYN_OFF,STC_OFF,DYN_OFF,CST_OFF,CST_OFF,99.99705723353794%,DYN_OFF,PASS,UNKNOWN,UNKNOWN,UNKNOWN,"OK,OK",PASS,DYN_OFF (DYN_OFF),"('DYN_OFF', False)",1 (0x0000000000000001),"(32, 1024, 7168, 128, 256, 256, 256, 256, 256, 64, 128, 2, 1, 1, 1, 0, 0, 16843264, 0, 256, 1, 0)",False,DYN_OFF,DYN_OFF,,,,,"(20971520,)",DYN_OFF,STC_OFF,CST_OFF,STC_OFF,CST_OFF,2097152,14680064,Ascend910_9589
mat_mul_v3_M_30720_K_2048_N_4096_case237,UNKNOWN,mat_mul_v3,"('bfloat16', 'bfloat16', 'int8', 'int8')","((30720, 2048), (2048, 4096), None, None)","((30720, 4096),)","('ND',)","('ND',)","{'transpose_x1': False, 'transpose_x2': False}","{'transpose_x1': False, 'transpose_x2': False}","((30720, 2048), (2048, 4096), None, None)","('bfloat16',)","((30720, 4096),)","('ND',)","('ND',)","((-1, -1), (-1, -1), None, None)","('bfloat16', 'bfloat16', 'int8', 'int8')","((-1, -1),)","((-1, -1), (-1, -1), None, None)","((-1, -1),)","('ND',)","('ND',)","(((1, None), (1, None)), ((1, None), (1, None)), None, None)","(((1, None), (1, None)),)","((None, None),)",,1e-08,(),(),(),mat_mul_v3,(),(),True,True,(),(),True,,,0,,,(),(),(),,,,,,,"{'save_temp_cce_file': True, 'op_debug_config': 'dump_cce'}",{'save_temp_cce_file': True},DYN_OFF,"(46, 50, 49)",DYN_OFF,STC_OFF,CST_OFF,bin_op_mat_mul_v3_M_28672_K_4096_N_7168_case1818,DYN_OFF,STC_OFF,CST_OFF,32,DYN_OFF,STC_OFF,CST_OFF,1206.381,DYN_OFF,STC_OFF,CST_OFF,304.371090061929,DYN_OFF,STC_OFF,CST_OFF,23.185214042663574,PASS,DYN_OFF,STC_OFF,DYN_OFF,CST_OFF,CST_OFF,99.98174826304118%,DYN_OFF,PASS,UNKNOWN,UNKNOWN,UNKNOWN,"OK,OK",PASS,DYN_OFF (DYN_OFF),"('DYN_OFF', False)",1 (0x0000000000000001),"(32, 30720, 4096, 2048, 256, 256, 256, 256, 256, 64, 2048, 1, 1, 1, 1, 0, 0, 16843264, 0, 256, 1, 0)",False,DYN_OFF,DYN_OFF,,,,,"(20971520,)",DYN_OFF,STC_OFF,CST_OFF,STC_OFF,CST_OFF,142606336,251658240,Ascend910_9589
mat_mul_v3_M_8192_K_1024_N_7168_case1241,UNKNOWN,mat_mul_v3,"('bfloat16', 'bfloat16', 'int8', 'int8')","((8192, 1024), (1024, 7168), None, None)","((8192, 7168),)","('ND',)","('ND',)","{'transpose_x1': False, 'transpose_x2': False}","{'transpose_x1': False, 'transpose_x2': False}","((8192, 1024), (1024, 7168), None, None)","('bfloat16',)","((8192, 7168),)","('ND',)","('ND',)","((-1, -1), (-1, -1), None, None)","('bfloat16', 'bfloat16', 'int8', 'int8')","((-1, -1),)","((-1, -1), (-1, -1), None, None)","((-1, -1),)","('ND',)","('ND',)","(((1, None), (1, None)), ((1, None), (1, None)), None, None)","(((1, None), (1, None)),)","((None, None),)",,1e-08,(),(),(),mat_mul_v3,(),(),True,True,(),(),True,,,0,,,(),(),(),,,,,,,"{'save_temp_cce_file': True, 'op_debug_config': 'dump_cce'}",{'save_temp_cce_file': True},DYN_OFF,"(43, 47, 50)",DYN_OFF,STC_OFF,CST_OFF,bin_op_mat_mul_v3_M_28672_K_4096_N_7168_case1818,DYN_OFF,STC_OFF,CST_OFF,32,DYN_OFF,STC_OFF,CST_OFF,288.351,DYN_OFF,STC_OFF,CST_OFF,480.913452701742,DYN_OFF,STC_OFF,CST_OFF,23.185214042663574,PASS,DYN_OFF,STC_OFF,DYN_OFF,CST_OFF,CST_OFF,99.98612574168614%,DYN_OFF,PASS,UNKNOWN,UNKNOWN,UNKNOWN,"OK,OK",PASS,DYN_OFF (DYN_OFF),"('DYN_OFF', False)",1 (0x0000000000000001),"(32, 8192, 7168, 1024, 256, 256, 256, 256, 256, 64, 1024, 1, 1, 1, 1, 0, 0, 16843264, 0, 256, 1, 0)",False,DYN_OFF,DYN_OFF,,,,,"(20971520,)",DYN_OFF,STC_OFF,CST_OFF,STC_OFF,CST_OFF,31457280,117440512,Ascend910_9589
mat_mul_v3_M_32_K_1024_N_4096_case607,UNKNOWN,mat_mul_v3,"('bfloat16', 'bfloat16', 'int8', 'int8')","((32, 1024), (1024, 4096), None, None)","((32, 4096),)","('ND',)","('ND',)","{'transpose_x1': False, 'transpose_x2': False}","{'transpose_x1': False, 'transpose_x2': False}","((32, 1024), (1024, 4096), None, None)","('bfloat16',)","((32, 4096),)","('ND',)","('ND',)","((-1, -1), (-1, -1), None, None)","('bfloat16', 'bfloat16', 'int8', 'int8')","((-1, -1),)","((-1, -1), (-1, -1), None, None)","((-1, -1),)","('ND',)","('ND',)","(((1, None), (1, None)), ((1, None), (1, None)), None, None)","(((1, None), (1, None)),)","((None, None),)",,1e-08,(),(),(),mat_mul_v3,(),(),True,True,(),(),True,,,0,,,(),(),(),,,,,,,"{'save_temp_cce_file': True, 'op_debug_config': 'dump_cce'}",{'save_temp_cce_file': True},DYN_OFF,"(43, 40, 47)",DYN_OFF,STC_OFF,CST_OFF,bin_op_mat_mul_v3_M_28672_K_4096_N_7168_case1818,DYN_OFF,STC_OFF,CST_OFF,32,DYN_OFF,STC_OFF,CST_OFF,8.382,DYN_OFF,STC_OFF,CST_OFF,968.4652566511573,DYN_OFF,STC_OFF,CST_OFF,23.185214042663574,PASS,DYN_OFF,STC_OFF,DYN_OFF,CST_OFF,CST_OFF,99.98703002929688%,DYN_OFF,PASS,UNKNOWN,UNKNOWN,UNKNOWN,"OK,OK",PASS,DYN_OFF (DYN_OFF),"('DYN_OFF', False)",1 (0x0000000000000001),"(32, 32, 4096, 1024, 32, 128, 512, 32, 128, 128, 1024, 1, 1, 1, 1, 0, 0, 16908800, 0, 32, 1, 0)",False,DYN_OFF,DYN_OFF,,,,,"(20971520,)",DYN_OFF,STC_OFF,CST_OFF,STC_OFF,CST_OFF,8454144,262144,Ascend910_9589
mat_mul_v3_M_7168_K_128_N_7168_case1265,UNKNOWN,mat_mul_v3,"('bfloat16', 'bfloat16', 'int8', 'int8')","((7168, 128), (128, 7168), None, None)","((7168, 7168),)","('ND',)","('ND',)","{'transpose_x1': False, 'transpose_x2': False}","{'transpose_x1': False, 'transpose_x2': False}","((7168, 128), (128, 7168), None, None)","('bfloat16',)","((7168, 7168),)","('ND',)","('ND',)","((-1, -1), (-1, -1), None, None)","('bfloat16', 'bfloat16', 'int8', 'int8')","((-1, -1),)","((-1, -1), (-1, -1), None, None)","((-1, -1),)","('ND',)","('ND',)","(((1, None), (1, None)), ((1, None), (1, None)), None, None)","(((1, None), (1, None)),)","((None, None),)",,1e-08,(),(),(),mat_mul_v3,(),(),True,True,(),(),True,,,0,,,(),(),(),,,,,,,"{'save_temp_cce_file': True, 'op_debug_config': 'dump_cce'}",{'save_temp_cce_file': True},DYN_OFF,"(45, 50, 50)",DYN_OFF,STC_OFF,CST_OFF,bin_op_mat_mul_v3_M_28672_K_4096_N_7168_case1818,DYN_OFF,STC_OFF,CST_OFF,32,DYN_OFF,STC_OFF,CST_OFF,39.199,DYN_OFF,STC_OFF,CST_OFF,2528.663837087681,DYN_OFF,STC_OFF,CST_OFF,23.185214042663574,PASS,DYN_OFF,STC_OFF,DYN_OFF,CST_OFF,CST_OFF,99.99707864255322%,DYN_OFF,PASS,UNKNOWN,UNKNOWN,UNKNOWN,"OK,OK",PASS,DYN_OFF (DYN_OFF),"('DYN_OFF', False)",1 (0x0000000000000001),"(32, 7168, 7168, 128, 256, 256, 256, 256, 256, 64, 128, 2, 1, 1, 1, 0, 0, 16843264, 0, 256, 1, 0)",False,DYN_OFF,DYN_OFF,,,,,"(20971520,)",DYN_OFF,STC_OFF,CST_OFF,STC_OFF,CST_OFF,3670016,102760448,Ascend910_9589
mat_mul_v3_M_16_K_128_N_7168_case1291,UNKNOWN,mat_mul_v3,"('bfloat16', 'bfloat16', 'int8', 'int8')","((16, 128), (128, 7168), None, None)","((16, 7168),)","('ND',)","('ND',)","{'transpose_x1': False, 'transpose_x2': False}","{'transpose_x1': False, 'transpose_x2': False}","((16, 128), (128, 7168), None, None)","('bfloat16',)","((16, 7168),)","('ND',)","('ND',)","((-1, -1), (-1, -1), None, None)","('bfloat16', 'bfloat16', 'int8', 'int8')","((-1, -1),)","((-1, -1), (-1, -1), None, None)","((-1, -1),)","('ND',)","('ND',)","(((1, None), (1, None)), ((1, None), (1, None)), None, None)","(((1, None), (1, None)),)","((None, None),)",,1e-08,(),(),(),mat_mul_v3,(),(),True,True,(),(),True,,,0,,,(),(),(),,,,,,,"{'save_temp_cce_file': True, 'op_debug_config': 'dump_cce'}",{'save_temp_cce_file': True},DYN_OFF,"(41, 49, 47)",DYN_OFF,STC_OFF,CST_OFF,bin_op_mat_mul_v3_M_28672_K_4096_N_7168_case1818,DYN_OFF,STC_OFF,CST_OFF,32,DYN_OFF,STC_OFF,CST_OFF,4.573,DYN_OFF,STC_OFF,CST_OFF,421.2600304265526,DYN_OFF,STC_OFF,CST_OFF,23.185214042663574,PASS,DYN_OFF,STC_OFF,DYN_OFF,CST_OFF,CST_OFF,99.99738420758929%,DYN_OFF,PASS,UNKNOWN,UNKNOWN,UNKNOWN,"OK,OK",PASS,DYN_OFF (DYN_OFF),"('DYN_OFF', False)",1 (0x0000000000000001),"(32, 16, 7168, 128, 16, 224, 256, 16, 224, 64, 128, 1, 1, 1, 1, 0, 0, 16908800, 0, 16, 1, 0)",False,DYN_OFF,DYN_OFF,,,,,"(20971520,)",DYN_OFF,STC_OFF,CST_OFF,STC_OFF,CST_OFF,1839104,229376,Ascend910_9589
mat_mul_v3_M_3584_K_7168_N_9216_case1405,UNKNOWN,mat_mul_v3,"('bfloat16', 'bfloat16', 'int8', 'int8')","((3584, 7168), (7168, 9216), None, None)","((3584, 9216),)","('ND',)","('ND',)","{'transpose_x1': False, 'transpose_x2': False}","{'transpose_x1': False, 'transpose_x2': False}","((3584, 7168), (7168, 9216), None, None)","('bfloat16',)","((3584, 9216),)","('ND',)","('ND',)","((-1, -1), (-1, -1), None, None)","('bfloat16', 'bfloat16', 'int8', 'int8')","((-1, -1),)","((-1, -1), (-1, -1), None, None)","((-1, -1),)","('ND',)","('ND',)","(((1, None), (1, None)), ((1, None), (1, None)), None, None)","(((1, None), (1, None)),)","((None, None),)",,1e-08,(),(),(),mat_mul_v3,(),(),True,True,(),(),True,,,0,,,(),(),(),,,,,,,"{'save_temp_cce_file': True, 'op_debug_config': 'dump_cce'}",{'save_temp_cce_file': True},DYN_OFF,"(41, 50, 51)",DYN_OFF,STC_OFF,CST_OFF,bin_op_mat_mul_v3_M_28672_K_4096_N_7168_case1818,DYN_OFF,STC_OFF,CST_OFF,32,DYN_OFF,STC_OFF,CST_OFF,1121.397,DYN_OFF,STC_OFF,CST_OFF,207.26101015073164,DYN_OFF,STC_OFF,CST_OFF,23.185214042663574,PASS,DYN_OFF,STC_OFF,DYN_OFF,CST_OFF,CST_OFF,99.9697034321134%,DYN_OFF,PASS,UNKNOWN,UNKNOWN,UNKNOWN,"OK,OK",PASS,DYN_OFF (DYN_OFF),"('DYN_OFF', False)",1 (0x0000000000000001),"(32, 3584, 9216, 7168, 256, 256, 256, 256, 256, 64, 7168, 1, 1, 1, 1, 0, 0, 16843264, 0, 256, 1, 0)",False,DYN_OFF,DYN_OFF,,,,,"(20971520,)",DYN_OFF,STC_OFF,CST_OFF,STC_OFF,CST_OFF,183500800,66060288,Ascend910_9589
mat_mul_v3_M_16384_K_576_N_7168_case1602,UNKNOWN,mat_mul_v3,"('bfloat16', 'bfloat16', 'int8', 'int8')","((16384, 576), (576, 7168), None, None)","((16384, 7168),)","('ND',)","('ND',)","{'transpose_x1': False, 'transpose_x2': False}","{'transpose_x1': False, 'transpose_x2': False}","((16384, 576), (576, 7168), None, None)","('bfloat16',)","((16384, 7168),)","('ND',)","('ND',)","((-1, -1), (-1, -1), None, None)","('bfloat16', 'bfloat16', 'int8', 'int8')","((-1, -1),)","((-1, -1), (-1, -1), None, None)","((-1, -1),)","('ND',)","('ND',)","(((1, None), (1, None)), ((1, None), (1, None)), None, None)","(((1, None), (1, None)),)","((None, None),)",,1e-08,(),(),(),mat_mul_v3,(),(),True,True,(),(),True,,,0,,,(),(),(),,,,,,,"{'save_temp_cce_file': True, 'op_debug_config': 'dump_cce'}",{'save_temp_cce_file': True},DYN_OFF,"(44, 51, 54)",DYN_OFF,STC_OFF,CST_OFF,bin_op_mat_mul_v3_M_28672_K_4096_N_7168_case1818,DYN_OFF,STC_OFF,CST_OFF,32,DYN_OFF,STC_OFF,CST_OFF,348.598,DYN_OFF,STC_OFF,CST_OFF,699.9998700150317,DYN_OFF,STC_OFF,CST_OFF,23.185214042663574,PASS,DYN_OFF,STC_OFF,DYN_OFF,CST_OFF,CST_OFF,99.98986721038818%,DYN_OFF,PASS,UNKNOWN,UNKNOWN,UNKNOWN,"OK,OK",PASS,DYN_OFF (DYN_OFF),"('DYN_OFF', False)",1 (0x0000000000000001),"(32, 16384, 7168, 576, 256, 256, 256, 256, 256, 64, 576, 1, 1, 1, 1, 0, 0, 16843264, 0, 256, 1, 0)",False,DYN_OFF,DYN_OFF,,,,,"(20971520,)",DYN_OFF,STC_OFF,CST_OFF,STC_OFF,CST_OFF,27131904,234881024,Ascend910_9589
mat_mul_v3_M_2560_K_7168_N_4608_case1396,UNKNOWN,mat_mul_v3,"('bfloat16', 'bfloat16', 'int8', 'int8')","((2560, 7168), (7168, 4608), None, None)","((2560, 4608),)","('ND',)","('ND',)","{'transpose_x1': False, 'transpose_x2': False}","{'transpose_x1': False, 'transpose_x2': False}","((2560, 7168), (7168, 4608), None, None)","('bfloat16',)","((2560, 4608),)","('ND',)","('ND',)","((-1, -1), (-1, -1), None, None)","('bfloat16', 'bfloat16', 'int8', 'int8')","((-1, -1),)","((-1, -1), (-1, -1), None, None)","((-1, -1),)","('ND',)","('ND',)","(((1, None), (1, None)), ((1, None), (1, None)), None, None)","(((1, None), (1, None)),)","((None, None),)",,1e-08,(),(),(),mat_mul_v3,(),(),True,True,(),(),True,,,0,,,(),(),(),,,,,,,"{'save_temp_cce_file': True, 'op_debug_config': 'dump_cce'}",{'save_temp_cce_file': True},DYN_OFF,"(46, 50, 57)",DYN_OFF,STC_OFF,CST_OFF,bin_op_mat_mul_v3_M_28672_K_4096_N_7168_case1818,DYN_OFF,STC_OFF,CST_OFF,32,DYN_OFF,STC_OFF,CST_OFF,425.03,DYN_OFF,STC_OFF,CST_OFF,276.8646477895678,DYN_OFF,STC_OFF,CST_OFF,23.185214042663574,PASS,DYN_OFF,STC_OFF,DYN_OFF,CST_OFF,CST_OFF,99.96938069661458%,DYN_OFF,PASS,UNKNOWN,UNKNOWN,UNKNOWN,"OK,OK",PASS,DYN_OFF (DYN_OFF),"('DYN_OFF', False)",1 (0x0000000000000001),"(32, 2560, 4608, 7168, 256, 256, 256, 256, 256, 64, 7168, 1, 1, 1, 1, 0, 0, 16843264, 0, 256, 1, 0)",False,DYN_OFF,DYN_OFF,,,,,"(20971520,)",DYN_OFF,STC_OFF,CST_OFF,STC_OFF,CST_OFF,102760448,23592960,Ascend910_9589
mat_mul_v3_M_4096_K_768_N_4096_case481,UNKNOWN,mat_mul_v3,"('bfloat16', 'bfloat16', 'int8', 'int8')","((4096, 768), (768, 4096), None, None)","((4096, 4096),)","('ND',)","('ND',)","{'transpose_x1': False, 'transpose_x2': False}","{'transpose_x1': False, 'transpose_x2': False}","((4096, 768), (768, 4096), None, None)","('bfloat16',)","((4096, 4096),)","('ND',)","('ND',)","((-1, -1), (-1, -1), None, None)","('bfloat16', 'bfloat16', 'int8', 'int8')","((-1, -1),)","((-1, -1), (-1, -1), None, None)","((-1, -1),)","('ND',)","('ND',)","(((1, None), (1, None)), ((1, None), (1, None)), None, None)","(((1, None), (1, None)),)","((None, None),)",,1e-08,(),(),(),mat_mul_v3,(),(),True,True,(),(),True,,,0,,,(),(),(),,,,,,,"{'save_temp_cce_file': True, 'op_debug_config': 'dump_cce'}",{'save_temp_cce_file': True},DYN_OFF,"(43, 46, 51)",DYN_OFF,STC_OFF,CST_OFF,bin_op_mat_mul_v3_M_28672_K_4096_N_7168_case1818,DYN_OFF,STC_OFF,CST_OFF,32,DYN_OFF,STC_OFF,CST_OFF,66.068,DYN_OFF,STC_OFF,CST_OFF,650.3715868499122,DYN_OFF,STC_OFF,CST_OFF,23.185214042663574,PASS,DYN_OFF,STC_OFF,DYN_OFF,CST_OFF,CST_OFF,99.98779892921448%,DYN_OFF,PASS,UNKNOWN,UNKNOWN,UNKNOWN,"OK,OK",PASS,DYN_OFF (DYN_OFF),"('DYN_OFF', False)",1 (0x0000000000000001),"(32, 4096, 4096, 768, 256, 256, 256, 256, 256, 64, 768, 1, 1, 1, 1, 0, 0, 16843264, 0, 256, 1, 0)",False,DYN_OFF,DYN_OFF,,,,,"(20971520,)",DYN_OFF,STC_OFF,CST_OFF,STC_OFF,CST_OFF,12582912,33554432,Ascend910_9589
mat_mul_v3_M_4096_K_16384_N_7168_case1812,UNKNOWN,mat_mul_v3,"('bfloat16', 'bfloat16', 'int8', 'int8')","((4096, 16384), (16384, 7168), None, None)","((4096, 7168),)","('ND',)","('ND',)","{'transpose_x1': False, 'transpose_x2': False}","{'transpose_x1': False, 'transpose_x2': False}","((4096, 16384), (16384, 7168), None, None)","('bfloat16',)","((4096, 7168),)","('ND',)","('ND',)","((-1, -1), (-1, -1), None, None)","('bfloat16', 'bfloat16', 'int8', 'int8')","((-1, -1),)","((-1, -1), (-1, -1), None, None)","((-1, -1),)","('ND',)","('ND',)","(((1, None), (1, None)), ((1, None), (1, None)), None, None)","(((1, None), (1, None)),)","((None, None),)",,1e-08,(),(),(),mat_mul_v3,(),(),True,True,(),(),True,,,0,,,(),(),(),,,,,,,"{'save_temp_cce_file': True, 'op_debug_config': 'dump_cce'}",{'save_temp_cce_file': True},DYN_OFF,"(44, 50, 52)",DYN_OFF,STC_OFF,CST_OFF,bin_op_mat_mul_v3_M_28672_K_4096_N_7168_case1818,DYN_OFF,STC_OFF,CST_OFF,32,DYN_OFF,STC_OFF,CST_OFF,2234.156,DYN_OFF,STC_OFF,CST_OFF,178.33915805342153,DYN_OFF,STC_OFF,CST_OFF,23.185214042663574,PASS,DYN_OFF,STC_OFF,DYN_OFF,CST_OFF,CST_OFF,99.95760236467633%,DYN_OFF,PASS,UNKNOWN,UNKNOWN,UNKNOWN,"OK,OK",PASS,DYN_OFF (DYN_OFF),"('DYN_OFF', False)",1 (0x0000000000000001),"(32, 4096, 7168, 16384, 256, 256, 256, 256, 256, 64, 16384, 1, 1, 1, 1, 0, 0, 16843264, 0, 256, 1, 0)",False,DYN_OFF,DYN_OFF,,,,,"(20971520,)",DYN_OFF,STC_OFF,CST_OFF,STC_OFF,CST_OFF,369098752,58720256,Ascend910_9589
mat_mul_v3_M_7168_K_96_N_4096_case451,UNKNOWN,mat_mul_v3,"('bfloat16', 'bfloat16', 'int8', 'int8')","((7168, 96), (96, 4096), None, None)","((7168, 4096),)","('ND',)","('ND',)","{'transpose_x1': False, 'transpose_x2': False}","{'transpose_x1': False, 'transpose_x2': False}","((7168, 96), (96, 4096), None, None)","('bfloat16',)","((7168, 4096),)","('ND',)","('ND',)","((-1, -1), (-1, -1), None, None)","('bfloat16', 'bfloat16', 'int8', 'int8')","((-1, -1),)","((-1, -1), (-1, -1), None, None)","((-1, -1),)","('ND',)","('ND',)","(((1, None), (1, None)), ((1, None), (1, None)), None, None)","(((1, None), (1, None)),)","((None, None),)",,1e-08,(),(),(),mat_mul_v3,(),(),True,True,(),(),True,,,0,,,(),(),(),,,,,,,"{'save_temp_cce_file': True, 'op_debug_config': 'dump_cce'}",{'save_temp_cce_file': True},DYN_OFF,"(43, 51, 57)",DYN_OFF,STC_OFF,CST_OFF,bin_op_mat_mul_v3_M_28672_K_4096_N_7168_case1818,DYN_OFF,STC_OFF,CST_OFF,32,DYN_OFF,STC_OFF,CST_OFF,22.225,DYN_OFF,STC_OFF,CST_OFF,2551.255800056243,DYN_OFF,STC_OFF,CST_OFF,23.185214042663574,PASS,DYN_OFF,STC_OFF,DYN_OFF,CST_OFF,CST_OFF,99.99760900224958%,DYN_OFF,PASS,UNKNOWN,UNKNOWN,UNKNOWN,"OK,OK",PASS,DYN_OFF (DYN_OFF),"('DYN_OFF', False)",1 (0x0000000000000001),"(32, 7168, 4096, 96, 256, 256, 256, 256, 256, 64, 96, 1, 1, 1, 1, 0, 0, 16843264, 0, 256, 1, 0)",False,DYN_OFF,DYN_OFF,,,,,"(20971520,)",DYN_OFF,STC_OFF,CST_OFF,STC_OFF,CST_OFF,2162688,58720256,Ascend910_9589
mat_mul_v3_M_1024_K_4096_N_384_case8,UNKNOWN,mat_mul_v3,"('bfloat16', 'bfloat16', 'int8', 'int8')","((1024, 4096), (4096, 384), None, None)","((1024, 384),)","('ND',)","('ND',)","{'transpose_x1': False, 'transpose_x2': False}","{'transpose_x1': False, 'transpose_x2': False}","((1024, 4096), (4096, 384), None, None)","('bfloat16',)","((1024, 384),)","('ND',)","('ND',)","((-1, -1), (-1, -1), None, None)","('bfloat16', 'bfloat16', 'int8', 'int8')","((-1, -1),)","((-1, -1), (-1, -1), None, None)","((-1, -1),)","('ND',)","('ND',)","(((1, None), (1, None)), ((1, None), (1, None)), None, None)","(((1, None), (1, None)),)","((None, None),)",,1e-08,(),(),(),mat_mul_v3,(),(),True,True,(),(),True,,,0,,,(),(),(),,,,,,,"{'save_temp_cce_file': True, 'op_debug_config': 'dump_cce'}",{'save_temp_cce_file': True},DYN_OFF,"(34, 36, 42)",DYN_OFF,STC_OFF,CST_OFF,bin_op_mat_mul_v3_M_28672_K_4096_N_7168_case1818,DYN_OFF,STC_OFF,CST_OFF,32,DYN_OFF,STC_OFF,CST_OFF,18.896,DYN_OFF,STC_OFF,CST_OFF,607.2507078217611,DYN_OFF,STC_OFF,CST_OFF,23.185214042663574,PASS,DYN_OFF,STC_OFF,DYN_OFF,CST_OFF,CST_OFF,99.98270670572916%,DYN_OFF,PASS,UNKNOWN,UNKNOWN,UNKNOWN,"OK,OK",PASS,DYN_OFF (DYN_OFF),"('DYN_OFF', False)",4097 (0x0000000000001001),"(32, 1024, 384, 4096, 256, 192, 256, 256, 192, 64, 1024, 1, 1, 1, 1, 0, 0, 16843264, 0, 256, 1, 0)",False,DYN_OFF,DYN_OFF,,,,,"(29360128,)",DYN_OFF,STC_OFF,CST_OFF,STC_OFF,CST_OFF,11534336,786432,Ascend910_9589
mat_mul_v3_M_3584_K_7168_N_2112_case744,UNKNOWN,mat_mul_v3,"('bfloat16', 'bfloat16', 'int8', 'int8')","((3584, 7168), (7168, 2112), None, None)","((3584, 2112),)","('ND',)","('ND',)","{'transpose_x1': False, 'transpose_x2': False}","{'transpose_x1': False, 'transpose_x2': False}","((3584, 7168), (7168, 2112), None, None)","('bfloat16',)","((3584, 2112),)","('ND',)","('ND',)","((-1, -1), (-1, -1), None, None)","('bfloat16', 'bfloat16', 'int8', 'int8')","((-1, -1),)","((-1, -1), (-1, -1), None, None)","((-1, -1),)","('ND',)","('ND',)","(((1, None), (1, None)), ((1, None), (1, None)), None, None)","(((1, None), (1, None)),)","((None, None),)",,1e-08,(),(),(),mat_mul_v3,(),(),True,True,(),(),True,,,0,,,(),(),(),,,,,,,"{'save_temp_cce_file': True, 'op_debug_config': 'dump_cce'}",{'save_temp_cce_file': True},DYN_OFF,"(37, 44, 42)",DYN_OFF,STC_OFF,CST_OFF,bin_op_mat_mul_v3_M_28672_K_4096_N_7168_case1818,DYN_OFF,STC_OFF,CST_OFF,32,DYN_OFF,STC_OFF,CST_OFF,286.051,DYN_OFF,STC_OFF,CST_OFF,315.14983615246933,DYN_OFF,STC_OFF,CST_OFF,23.185214042663574,PASS,DYN_OFF,STC_OFF,DYN_OFF,CST_OFF,CST_OFF,99.96924462256493%,DYN_OFF,PASS,UNKNOWN,UNKNOWN,UNKNOWN,"OK,OK",PASS,DYN_OFF (DYN_OFF),"('DYN_OFF', False)",1 (0x0000000000000001),"(32, 3584, 2112, 7168, 256, 256, 256, 256, 256, 64, 7168, 1, 1, 1, 1, 0, 0, 16843264, 0, 256, 1, 0)",False,DYN_OFF,DYN_OFF,,,,,"(20971520,)",DYN_OFF,STC_OFF,CST_OFF,STC_OFF,CST_OFF,81657856,15138816,Ascend910_9589
mat_mul_v3_M_16384_K_288_N_7168_case1589,UNKNOWN,mat_mul_v3,"('bfloat16', 'bfloat16', 'int8', 'int8')","((16384, 288), (288, 7168), None, None)","((16384, 7168),)","('ND',)","('ND',)","{'transpose_x1': False, 'transpose_x2': False}","{'transpose_x1': False, 'transpose_x2': False}","((16384, 288), (288, 7168), None, None)","('bfloat16',)","((16384, 7168),)","('ND',)","('ND',)","((-1, -1), (-1, -1), None, None)","('bfloat16', 'bfloat16', 'int8', 'int8')","((-1, -1),)","((-1, -1), (-1, -1), None, None)","((-1, -1),)","('ND',)","('ND',)","(((1, None), (1, None)), ((1, None), (1, None)), None, None)","(((1, None), (1, None)),)","((None, None),)",,1e-08,(),(),(),mat_mul_v3,(),(),True,True,(),(),True,,,0,,,(),(),(),,,,,,,"{'save_temp_cce_file': True, 'op_debug_config': 'dump_cce'}",{'save_temp_cce_file': True},DYN_OFF,"(41, 49, 52)",DYN_OFF,STC_OFF,CST_OFF,bin_op_mat_mul_v3_M_28672_K_4096_N_7168_case1818,DYN_OFF,STC_OFF,CST_OFF,32,DYN_OFF,STC_OFF,CST_OFF,215.162,DYN_OFF,STC_OFF,CST_OFF,1075.395643021305,DYN_OFF,STC_OFF,CST_OFF,23.185214042663574,PASS,DYN_OFF,STC_OFF,DYN_OFF,CST_OFF,CST_OFF,99.99482461384365%,DYN_OFF,PASS,UNKNOWN,UNKNOWN,UNKNOWN,"OK,OK",PASS,DYN_OFF (DYN_OFF),"('DYN_OFF', False)",1 (0x0000000000000001),"(32, 16384, 7168, 288, 256, 256, 256, 256, 256, 64, 288, 1, 1, 1, 1, 0, 0, 16843264, 0, 256, 1, 0)",False,DYN_OFF,DYN_OFF,,,,,"(20971520,)",DYN_OFF,STC_OFF,CST_OFF,STC_OFF,CST_OFF,13565952,234881024,Ascend910_9589
mat_mul_v3_M_4096_K_1024_N_4096_case211,UNKNOWN,mat_mul_v3,"('bfloat16', 'bfloat16', 'int8', 'int8')","((4096, 1024), (1024, 4096), None, None)","((4096, 4096),)","('ND',)","('ND',)","{'transpose_x1': False, 'transpose_x2': False}","{'transpose_x1': False, 'transpose_x2': False}","((4096, 1024), (1024, 4096), None, None)","('bfloat16',)","((4096, 4096),)","('ND',)","('ND',)","((-1, -1), (-1, -1), None, None)","('bfloat16', 'bfloat16', 'int8', 'int8')","((-1, -1),)","((-1, -1), (-1, -1), None, None)","((-1, -1),)","('ND',)","('ND',)","(((1, None), (1, None)), ((1, None), (1, None)), None, None)","(((1, None), (1, None)),)","((None, None),)",,1e-08,(),(),(),mat_mul_v3,(),(),True,True,(),(),True,,,0,,,(),(),(),,,,,,,"{'save_temp_cce_file': True, 'op_debug_config': 'dump_cce'}",{'save_temp_cce_file': True},DYN_OFF,"(45, 50, 54)",DYN_OFF,STC_OFF,CST_OFF,bin_op_mat_mul_v3_M_28672_K_4096_N_7168_case1818,DYN_OFF,STC_OFF,CST_OFF,32,DYN_OFF,STC_OFF,CST_OFF,86.009,DYN_OFF,STC_OFF,CST_OFF,545.0011045355718,DYN_OFF,STC_OFF,CST_OFF,23.185214042663574,PASS,DYN_OFF,STC_OFF,DYN_OFF,CST_OFF,CST_OFF,99.9862551689148%,DYN_OFF,PASS,UNKNOWN,UNKNOWN,UNKNOWN,"OK,OK",PASS,DYN_OFF (DYN_OFF),"('DYN_OFF', False)",1 (0x0000000000000001),"(32, 4096, 4096, 1024, 256, 256, 256, 256, 256, 64, 1024, 1, 1, 1, 1, 0, 0, 16843264, 0, 256, 1, 0)",False,DYN_OFF,DYN_OFF,,,,,"(20971520,)",DYN_OFF,STC_OFF,CST_OFF,STC_OFF,CST_OFF,16777216,33554432,Ascend910_9589
mat_mul_v3_M_64_K_128_N_7168_case1324,UNKNOWN,mat_mul_v3,"('bfloat16', 'bfloat16', 'int8', 'int8')","((64, 128), (128, 7168), None, None)","((64, 7168),)","('ND',)","('ND',)","{'transpose_x1': False, 'transpose_x2': False}","{'transpose_x1': False, 'transpose_x2': False}","((64, 128), (128, 7168), None, None)","('bfloat16',)","((64, 7168),)","('ND',)","('ND',)","((-1, -1), (-1, -1), None, None)","('bfloat16', 'bfloat16', 'int8', 'int8')","((-1, -1),)","((-1, -1), (-1, -1), None, None)","((-1, -1),)","('ND',)","('ND',)","(((1, None), (1, None)), ((1, None), (1, None)), None, None)","(((1, None), (1, None)),)","((None, None),)",,1e-08,(),(),(),mat_mul_v3,(),(),True,True,(),(),True,,,0,,,(),(),(),,,,,,,"{'save_temp_cce_file': True, 'op_debug_config': 'dump_cce'}",{'save_temp_cce_file': True},DYN_OFF,"(44, 50, 53)",DYN_OFF,STC_OFF,CST_OFF,bin_op_mat_mul_v3_M_28672_K_4096_N_7168_case1818,DYN_OFF,STC_OFF,CST_OFF,32,DYN_OFF,STC_OFF,CST_OFF,5.063,DYN_OFF,STC_OFF,CST_OFF,509.3295183809007,DYN_OFF,STC_OFF,CST_OFF,23.185214042663574,PASS,DYN_OFF,STC_OFF,DYN_OFF,CST_OFF,CST_OFF,99.99673025948661%,DYN_OFF,PASS,UNKNOWN,UNKNOWN,UNKNOWN,"OK,OK",PASS,DYN_OFF (DYN_OFF),"('DYN_OFF', False)",1 (0x0000000000000001),"(32, 64, 7168, 128, 64, 224, 256, 64, 224, 64, 128, 1, 1, 1, 1, 0, 0, 16908800, 0, 64, 1, 0)",False,DYN_OFF,DYN_OFF,,,,,"(20971520,)",DYN_OFF,STC_OFF,CST_OFF,STC_OFF,CST_OFF,1851392,917504,Ascend910_9589
mat_mul_v3_M_2048_K_576_N_7168_case1530,UNKNOWN,mat_mul_v3,"('bfloat16', 'bfloat16', 'int8', 'int8')","((2048, 576), (576, 7168), None, None)","((2048, 7168),)","('ND',)","('ND',)","{'transpose_x1': False, 'transpose_x2': False}","{'transpose_x1': False, 'transpose_x2': False}","((2048, 576), (576, 7168), None, None)","('bfloat16',)","((2048, 7168),)","('ND',)","('ND',)","((-1, -1), (-1, -1), None, None)","('bfloat16', 'bfloat16', 'int8', 'int8')","((-1, -1),)","((-1, -1), (-1, -1), None, None)","((-1, -1),)","('ND',)","('ND',)","(((1, None), (1, None)), ((1, None), (1, None)), None, None)","(((1, None), (1, None)),)","((None, None),)",,1e-08,(),(),(),mat_mul_v3,(),(),True,True,(),(),True,,,0,,,(),(),(),,,,,,,"{'save_temp_cce_file': True, 'op_debug_config': 'dump_cce'}",{'save_temp_cce_file': True},DYN_OFF,"(48, 52, 55)",DYN_OFF,STC_OFF,CST_OFF,bin_op_mat_mul_v3_M_28672_K_4096_N_7168_case1818,DYN_OFF,STC_OFF,CST_OFF,32,DYN_OFF,STC_OFF,CST_OFF,49.001,DYN_OFF,STC_OFF,CST_OFF,759.8099082161589,DYN_OFF,STC_OFF,CST_OFF,23.185214042663574,PASS,DYN_OFF,STC_OFF,DYN_OFF,CST_OFF,CST_OFF,99.99010222298759%,DYN_OFF,PASS,UNKNOWN,UNKNOWN,UNKNOWN,"OK,OK",PASS,DYN_OFF (DYN_OFF),"('DYN_OFF', False)",1 (0x0000000000000001),"(32, 2048, 7168, 576, 256, 256, 256, 256, 256, 64, 576, 1, 1, 1, 1, 0, 0, 16843264, 0, 256, 1, 0)",False,DYN_OFF,DYN_OFF,,,,,"(20971520,)",DYN_OFF,STC_OFF,CST_OFF,STC_OFF,CST_OFF,10616832,29360128,Ascend910_9589
mat_mul_v3_M_14336_K_4096_N_4096_case601,UNKNOWN,mat_mul_v3,"('bfloat16', 'bfloat16', 'int8', 'int8')","((14336, 4096), (4096, 4096), None, None)","((14336, 4096),)","('ND',)","('ND',)","{'transpose_x1': False, 'transpose_x2': False}","{'transpose_x1': False, 'transpose_x2': False}","((14336, 4096), (4096, 4096), None, None)","('bfloat16',)","((14336, 4096),)","('ND',)","('ND',)","((-1, -1), (-1, -1), None, None)","('bfloat16', 'bfloat16', 'int8', 'int8')","((-1, -1),)","((-1, -1), (-1, -1), None, None)","((-1, -1),)","('ND',)","('ND',)","(((1, None), (1, None)), ((1, None), (1, None)), None, None)","(((1, None), (1, None)),)","((None, None),)",,1e-08,(),(),(),mat_mul_v3,(),(),True,True,(),(),True,,,0,,,(),(),(),,,,,,,"{'save_temp_cce_file': True, 'op_debug_config': 'dump_cce'}",{'save_temp_cce_file': True},DYN_OFF,"(37, 45, 44)",DYN_OFF,STC_OFF,CST_OFF,bin_op_mat_mul_v3_M_28672_K_4096_N_7168_case1818,DYN_OFF,STC_OFF,CST_OFF,32,DYN_OFF,STC_OFF,CST_OFF,1122.599,DYN_OFF,STC_OFF,CST_OFF,222.69750819304133,DYN_OFF,STC_OFF,CST_OFF,23.185214042663574,PASS,DYN_OFF,STC_OFF,DYN_OFF,CST_OFF,CST_OFF,99.97588396072388%,DYN_OFF,PASS,UNKNOWN,UNKNOWN,UNKNOWN,"OK,OK",PASS,DYN_OFF (DYN_OFF),"('DYN_OFF', False)",1 (0x0000000000000001),"(32, 14336, 4096, 4096, 256, 256, 256, 256, 256, 64, 4096, 1, 1, 1, 1, 0, 0, 16843264, 0, 256, 1, 0)",False,DYN_OFF,DYN_OFF,,,,,"(20971520,)",DYN_OFF,STC_OFF,CST_OFF,STC_OFF,CST_OFF,150994944,117440512,Ascend910_9589
mat_mul_v3_M_5120_K_512_N_128_case976,UNKNOWN,mat_mul_v3,"('bfloat16', 'bfloat16', 'int8', 'int8')","((5120, 512), (512, 128), None, None)","((5120, 128),)","('ND',)","('ND',)","{'transpose_x1': False, 'transpose_x2': False}","{'transpose_x1': False, 'transpose_x2': False}","((5120, 512), (512, 128), None, None)","('bfloat16',)","((5120, 128),)","('ND',)","('ND',)","((-1, -1), (-1, -1), None, None)","('bfloat16', 'bfloat16', 'int8', 'int8')","((-1, -1),)","((-1, -1), (-1, -1), None, None)","((-1, -1),)","('ND',)","('ND',)","(((1, None), (1, None)), ((1, None), (1, None)), None, None)","(((1, None), (1, None)),)","((None, None),)",,1e-08,(),(),(),mat_mul_v3,(),(),True,True,(),(),True,,,0,,,(),(),(),,,,,,,"{'save_temp_cce_file': True, 'op_debug_config': 'dump_cce'}",{'save_temp_cce_file': True},DYN_OFF,"(44, 44, 52)",DYN_OFF,STC_OFF,CST_OFF,bin_op_mat_mul_v3_M_28672_K_4096_N_7168_case1818,DYN_OFF,STC_OFF,CST_OFF,32,DYN_OFF,STC_OFF,CST_OFF,7.418,DYN_OFF,STC_OFF,CST_OFF,839.2539683877055,DYN_OFF,STC_OFF,CST_OFF,23.185214042663574,PASS,DYN_OFF,STC_OFF,DYN_OFF,CST_OFF,CST_OFF,99.98977661132812%,DYN_OFF,PASS,UNKNOWN,UNKNOWN,UNKNOWN,"OK,OK",PASS,DYN_OFF (DYN_OFF),"('DYN_OFF', False)",1 (0x0000000000000001),"(32, 5120, 128, 512, 160, 128, 384, 160, 128, 96, 512, 1, 1, 1, 1, 0, 0, 16908800, 0, 160, 1, 0)",False,DYN_OFF,DYN_OFF,,,,,"(20971520,)",DYN_OFF,STC_OFF,CST_OFF,STC_OFF,CST_OFF,5373952,1310720,Ascend910_9589
mat_mul_v3_M_1_K_1024_N_4096_case122,UNKNOWN,mat_mul_v3,"('bfloat16', 'bfloat16', 'int8', 'int8')","((1, 1024), (1024, 4096), None, None)","((1, 4096),)","('ND',)","('ND',)","{'transpose_x1': False, 'transpose_x2': False}","{'transpose_x1': False, 'transpose_x2': False}","((1, 1024), (1024, 4096), None, None)","('bfloat16',)","((1, 4096),)","('ND',)","('ND',)","((-1, -1), (-1, -1), None, None)","('bfloat16', 'bfloat16', 'int8', 'int8')","((-1, -1),)","((-1, -1), (-1, -1), None, None)","((-1, -1),)","('ND',)","('ND',)","(((1, None), (1, None)), ((1, None), (1, None)), None, None)","(((1, None), (1, None)),)","((None, None),)",,1e-08,(),(),(),mat_mul_v3,(),(),True,True,(),(),True,,,0,,,(),(),(),,,,,,,"{'save_temp_cce_file': True, 'op_debug_config': 'dump_cce'}",{'save_temp_cce_file': True},DYN_OFF,"(39, 51, 42)",DYN_OFF,STC_OFF,CST_OFF,bin_op_mat_mul_v3_M_28672_K_4096_N_7168_case1818,DYN_OFF,STC_OFF,CST_OFF,32,DYN_OFF,STC_OFF,CST_OFF,8.32,DYN_OFF,STC_OFF,CST_OFF,940.1486470149113,DYN_OFF,STC_OFF,CST_OFF,23.185214042663574,PASS,DYN_OFF,STC_OFF,DYN_OFF,CST_OFF,CST_OFF,99.9755859375%,DYN_OFF,PASS,UNKNOWN,UNKNOWN,UNKNOWN,"OK,OK",PASS,DYN_OFF (DYN_OFF),"('DYN_OFF', False)",1 (0x0000000000000001),"(32, 1, 4096, 1024, 16, 128, 512, 16, 128, 128, 1024, 1, 1, 1, 1, 0, 0, 16908800, 0, 16, 1, 0)",False,DYN_OFF,DYN_OFF,,,,,"(20971520,)",DYN_OFF,STC_OFF,CST_OFF,STC_OFF,CST_OFF,8390656,8192,Ascend910_9589
mat_mul_v3_M_40960_K_7168_N_1152_case1501,UNKNOWN,mat_mul_v3,"('bfloat16', 'bfloat16', 'int8', 'int8')","((40960, 7168), (7168, 1152), None, None)","((40960, 1152),)","('ND',)","('ND',)","{'transpose_x1': False, 'transpose_x2': False}","{'transpose_x1': False, 'transpose_x2': False}","((40960, 7168), (7168, 1152), None, None)","('bfloat16',)","((40960, 1152),)","('ND',)","('ND',)","((-1, -1), (-1, -1), None, None)","('bfloat16', 'bfloat16', 'int8', 'int8')","((-1, -1),)","((-1, -1), (-1, -1), None, None)","((-1, -1),)","('ND',)","('ND',)","(((1, None), (1, None)), ((1, None), (1, None)), None, None)","(((1, None), (1, None)),)","((None, None),)",,1e-08,(),(),(),mat_mul_v3,(),(),True,True,(),(),True,,,0,,,(),(),(),,,,,,,"{'save_temp_cce_file': True, 'op_debug_config': 'dump_cce'}",{'save_temp_cce_file': True},DYN_OFF,"(42, 49, 50)",DYN_OFF,STC_OFF,CST_OFF,bin_op_mat_mul_v3_M_28672_K_4096_N_7168_case1818,DYN_OFF,STC_OFF,CST_OFF,32,DYN_OFF,STC_OFF,CST_OFF,1601.74,DYN_OFF,STC_OFF,CST_OFF,405.9001363361095,DYN_OFF,STC_OFF,CST_OFF,23.185214042663574,PASS,DYN_OFF,STC_OFF,DYN_OFF,CST_OFF,CST_OFF,99.96945910983615%,DYN_OFF,PASS,UNKNOWN,UNKNOWN,UNKNOWN,"OK,OK",PASS,DYN_OFF (DYN_OFF),"('DYN_OFF', False)",1 (0x0000000000000001),"(32, 40960, 1152, 7168, 256, 256, 256, 256, 256, 64, 7168, 1, 1, 1, 1, 0, 0, 16843264, 0, 256, 1, 0)",False,DYN_OFF,DYN_OFF,,,,,"(20971520,)",DYN_OFF,STC_OFF,CST_OFF,STC_OFF,CST_OFF,603717632,94371840,Ascend910_9589
mat_mul_v3_M_2560_K_576_N_7168_case1538,UNKNOWN,mat_mul_v3,"('bfloat16', 'bfloat16', 'int8', 'int8')","((2560, 576), (576, 7168), None, None)","((2560, 7168),)","('ND',)","('ND',)","{'transpose_x1': False, 'transpose_x2': False}","{'transpose_x1': False, 'transpose_x2': False}","((2560, 576), (576, 7168), None, None)","('bfloat16',)","((2560, 7168),)","('ND',)","('ND',)","((-1, -1), (-1, -1), None, None)","('bfloat16', 'bfloat16', 'int8', 'int8')","((-1, -1),)","((-1, -1), (-1, -1), None, None)","((-1, -1),)","('ND',)","('ND',)","(((1, None), (1, None)), ((1, None), (1, None)), None, None)","(((1, None), (1, None)),)","((None, None),)",,1e-08,(),(),(),mat_mul_v3,(),(),True,True,(),(),True,,,0,,,(),(),(),,,,,,,"{'save_temp_cce_file': True, 'op_debug_config': 'dump_cce'}",{'save_temp_cce_file': True},DYN_OFF,"(42, 49, 48)",DYN_OFF,STC_OFF,CST_OFF,bin_op_mat_mul_v3_M_28672_K_4096_N_7168_case1818,DYN_OFF,STC_OFF,CST_OFF,32,DYN_OFF,STC_OFF,CST_OFF,60.485,DYN_OFF,STC_OFF,CST_OFF,737.6489909688353,DYN_OFF,STC_OFF,CST_OFF,23.185214042663574,PASS,DYN_OFF,STC_OFF,DYN_OFF,CST_OFF,CST_OFF,99.98969486781529%,DYN_OFF,PASS,UNKNOWN,UNKNOWN,UNKNOWN,"OK,OK",PASS,DYN_OFF (DYN_OFF),"('DYN_OFF', False)",1 (0x0000000000000001),"(32, 2560, 7168, 576, 256, 256, 256, 256, 256, 64, 576, 1, 1, 1, 1, 0, 0, 16843264, 0, 256, 1, 0)",False,DYN_OFF,DYN_OFF,,,,,"(20971520,)",DYN_OFF,STC_OFF,CST_OFF,STC_OFF,CST_OFF,11206656,36700160,Ascend910_9589
mat_mul_v3_M_32_K_4096_N_7168_case1951,UNKNOWN,mat_mul_v3,"('bfloat16', 'bfloat16', 'int8', 'int8')","((32, 4096), (4096, 7168), None, None)","((32, 7168),)","('ND',)","('ND',)","{'transpose_x1': False, 'transpose_x2': False}","{'transpose_x1': False, 'transpose_x2': False}","((32, 4096), (4096, 7168), None, None)","('bfloat16',)","((32, 7168),)","('ND',)","('ND',)","((-1, -1), (-1, -1), None, None)","('bfloat16', 'bfloat16', 'int8', 'int8')","((-1, -1),)","((-1, -1), (-1, -1), None, None)","((-1, -1),)","('ND',)","('ND',)","(((1, None), (1, None)), ((1, None), (1, None)), None, None)","(((1, None), (1, None)),)","((None, None),)",,1e-08,(),(),(),mat_mul_v3,(),(),True,True,(),(),True,,,0,,,(),(),(),,,,,,,"{'save_temp_cce_file': True, 'op_debug_config': 'dump_cce'}",{'save_temp_cce_file': True},DYN_OFF,"(40, 44, 42)",DYN_OFF,STC_OFF,CST_OFF,bin_op_mat_mul_v3_M_28672_K_4096_N_7168_case1818,DYN_OFF,STC_OFF,CST_OFF,32,DYN_OFF,STC_OFF,CST_OFF,44.628,DYN_OFF,STC_OFF,CST_OFF,1240.4518848872906,DYN_OFF,STC_OFF,CST_OFF,23.185214042663574,PASS,DYN_OFF,STC_OFF,DYN_OFF,CST_OFF,CST_OFF,99.9755859375%,DYN_OFF,PASS,UNKNOWN,UNKNOWN,UNKNOWN,"OK,OK",PASS,DYN_OFF (DYN_OFF),"('DYN_OFF', False)",1 (0x0000000000000001),"(32, 32, 7168, 4096, 32, 224, 256, 32, 224, 64, 4096, 1, 1, 1, 1, 0, 0, 16908800, 0, 32, 1, 0)",False,DYN_OFF,DYN_OFF,,,,,"(20971520,)",DYN_OFF,STC_OFF,CST_OFF,STC_OFF,CST_OFF,58982400,458752,Ascend910_9589
mat_mul_v3_M_16_K_384_N_4096_case512,UNKNOWN,mat_mul_v3,"('bfloat16', 'bfloat16', 'int8', 'int8')","((16, 384), (384, 4096), None, None)","((16, 4096),)","('ND',)","('ND',)","{'transpose_x1': False, 'transpose_x2': False}","{'transpose_x1': False, 'transpose_x2': False}","((16, 384), (384, 4096), None, None)","('bfloat16',)","((16, 4096),)","('ND',)","('ND',)","((-1, -1), (-1, -1), None, None)","('bfloat16', 'bfloat16', 'int8', 'int8')","((-1, -1),)","((-1, -1), (-1, -1), None, None)","((-1, -1),)","('ND',)","('ND',)","(((1, None), (1, None)), ((1, None), (1, None)), None, None)","(((1, None), (1, None)),)","((None, None),)",,1e-08,(),(),(),mat_mul_v3,(),(),True,True,(),(),True,,,0,,,(),(),(),,,,,,,"{'save_temp_cce_file': True, 'op_debug_config': 'dump_cce'}",{'save_temp_cce_file': True},DYN_OFF,"(44, 49, 51)",DYN_OFF,STC_OFF,CST_OFF,bin_op_mat_mul_v3_M_28672_K_4096_N_7168_case1818,DYN_OFF,STC_OFF,CST_OFF,32,DYN_OFF,STC_OFF,CST_OFF,4.836,DYN_OFF,STC_OFF,CST_OFF,633.4164400944737,DYN_OFF,STC_OFF,CST_OFF,23.185214042663574,PASS,DYN_OFF,STC_OFF,DYN_OFF,CST_OFF,CST_OFF,99.98626708984375%,DYN_OFF,PASS,UNKNOWN,UNKNOWN,UNKNOWN,"OK,OK",PASS,DYN_OFF (DYN_OFF),"('DYN_OFF', False)",1 (0x0000000000000001),"(32, 16, 4096, 384, 16, 128, 512, 16, 128, 128, 384, 1, 1, 1, 1, 0, 0, 16908800, 0, 16, 1, 0)",False,DYN_OFF,DYN_OFF,,,,,"(20971520,)",DYN_OFF,STC_OFF,CST_OFF,STC_OFF,CST_OFF,3158016,131072,Ascend910_9589
mat_mul_v3_M_20480_K_4096_N_2304_case551,UNKNOWN,mat_mul_v3,"('bfloat16', 'bfloat16', 'int8', 'int8')","((20480, 4096), (4096, 2304), None, None)","((20480, 2304),)","('ND',)","('ND',)","{'transpose_x1': False, 'transpose_x2': False}","{'transpose_x1': False, 'transpose_x2': False}","((20480, 4096), (4096, 2304), None, None)","('bfloat16',)","((20480, 2304),)","('ND',)","('ND',)","((-1, -1), (-1, -1), None, None)","('bfloat16', 'bfloat16', 'int8', 'int8')","((-1, -1),)","((-1, -1), (-1, -1), None, None)","((-1, -1),)","('ND',)","('ND',)","(((1, None), (1, None)), ((1, None), (1, None)), None, None)","(((1, None), (1, None)),)","((None, None),)",,1e-08,(),(),(),mat_mul_v3,(),(),True,True,(),(),True,,,0,,,(),(),(),,,,,,,"{'save_temp_cce_file': True, 'op_debug_config': 'dump_cce'}",{'save_temp_cce_file': True},DYN_OFF,"(39, 44, 47)",DYN_OFF,STC_OFF,CST_OFF,bin_op_mat_mul_v3_M_28672_K_4096_N_7168_case1818,DYN_OFF,STC_OFF,CST_OFF,32,DYN_OFF,STC_OFF,CST_OFF,905.454,DYN_OFF,STC_OFF,CST_OFF,289.0469863736866,DYN_OFF,STC_OFF,CST_OFF,23.185214042663574,PASS,DYN_OFF,STC_OFF,DYN_OFF,CST_OFF,CST_OFF,99.97626198662653%,DYN_OFF,PASS,UNKNOWN,UNKNOWN,UNKNOWN,"OK,OK",PASS,DYN_OFF (DYN_OFF),"('DYN_OFF', False)",4097 (0x0000000000001001),"(32, 20480, 2304, 4096, 256, 256, 256, 256, 256, 64, 2048, 1, 1, 1, 1, 0, 0, 16843264, 0, 256, 1, 0)",False,DYN_OFF,DYN_OFF,,,,,"(29360128,)",DYN_OFF,STC_OFF,CST_OFF,STC_OFF,CST_OFF,186646528,94371840,Ascend910_9589
mat_mul_v3_M_5120_K_4096_N_7168_case1334,UNKNOWN,mat_mul_v3,"('bfloat16', 'bfloat16', 'int8', 'int8')","((5120, 4096), (4096, 7168), None, None)","((5120, 7168),)","('ND',)","('ND',)","{'transpose_x1': False, 'transpose_x2': False}","{'transpose_x1': False, 'transpose_x2': False}","((5120, 4096), (4096, 7168), None, None)","('bfloat16',)","((5120, 7168),)","('ND',)","('ND',)","((-1, -1), (-1, -1), None, None)","('bfloat16', 'bfloat16', 'int8', 'int8')","((-1, -1),)","((-1, -1), (-1, -1), None, None)","((-1, -1),)","('ND',)","('ND',)","(((1, None), (1, None)), ((1, None), (1, None)), None, None)","(((1, None), (1, None)),)","((None, None),)",,1e-08,(),(),(),mat_mul_v3,(),(),True,True,(),(),True,,,0,,,(),(),(),,,,,,,"{'save_temp_cce_file': True, 'op_debug_config': 'dump_cce'}",{'save_temp_cce_file': True},DYN_OFF,"(38, 44, 47)",DYN_OFF,STC_OFF,CST_OFF,bin_op_mat_mul_v3_M_28672_K_4096_N_7168_case1818,DYN_OFF,STC_OFF,CST_OFF,32,DYN_OFF,STC_OFF,CST_OFF,706.853,DYN_OFF,STC_OFF,CST_OFF,229.339586873084,DYN_OFF,STC_OFF,CST_OFF,23.185214042663574,PASS,DYN_OFF,STC_OFF,DYN_OFF,CST_OFF,CST_OFF,99.97604370117188%,DYN_OFF,PASS,UNKNOWN,UNKNOWN,UNKNOWN,"OK,OK",PASS,DYN_OFF (DYN_OFF),"('DYN_OFF', False)",4097 (0x0000000000001001),"(32, 5120, 7168, 4096, 256, 256, 256, 256, 256, 64, 2048, 1, 1, 1, 1, 0, 0, 16843264, 0, 256, 1, 0)",False,DYN_OFF,DYN_OFF,,,,,"(29360128,)",DYN_OFF,STC_OFF,CST_OFF,STC_OFF,CST_OFF,100663296,73400320,Ascend910_9589
mat_mul_v3_M_2560_K_8192_N_7168_case1228,UNKNOWN,mat_mul_v3,"('bfloat16', 'bfloat16', 'int8', 'int8')","((2560, 8192), (8192, 7168), None, None)","((2560, 7168),)","('ND',)","('ND',)","{'transpose_x1': False, 'transpose_x2': False}","{'transpose_x1': False, 'transpose_x2': False}","((2560, 8192), (8192, 7168), None, None)","('bfloat16',)","((2560, 7168),)","('ND',)","('ND',)","((-1, -1), (-1, -1), None, None)","('bfloat16', 'bfloat16', 'int8', 'int8')","((-1, -1),)","((-1, -1), (-1, -1), None, None)","((-1, -1),)","('ND',)","('ND',)","(((1, None), (1, None)), ((1, None), (1, None)), None, None)","(((1, None), (1, None)),)","((None, None),)",,1e-08,(),(),(),mat_mul_v3,(),(),True,True,(),(),True,,,0,,,(),(),(),,,,,,,"{'save_temp_cce_file': True, 'op_debug_config': 'dump_cce'}",{'save_temp_cce_file': True},DYN_OFF,"(34, 36, 37)",DYN_OFF,STC_OFF,CST_OFF,bin_op_mat_mul_v3_M_28672_K_4096_N_7168_case1818,DYN_OFF,STC_OFF,CST_OFF,32,DYN_OFF,STC_OFF,CST_OFF,723.964,DYN_OFF,STC_OFF,CST_OFF,252.24622702233813,DYN_OFF,STC_OFF,CST_OFF,23.185214042663574,PASS,DYN_OFF,STC_OFF,DYN_OFF,CST_OFF,CST_OFF,99.96878487723214%,DYN_OFF,PASS,UNKNOWN,UNKNOWN,UNKNOWN,"OK,OK",PASS,DYN_OFF (DYN_OFF),"('DYN_OFF', False)",1 (0x0000000000000001),"(32, 2560, 7168, 8192, 256, 256, 256, 256, 256, 64, 8192, 1, 1, 1, 1, 0, 0, 16843264, 0, 256, 1, 0)",False,DYN_OFF,DYN_OFF,,,,,"(20971520,)",DYN_OFF,STC_OFF,CST_OFF,STC_OFF,CST_OFF,159383552,36700160,Ascend910_9589
mat_mul_v3_M_15360_K_4608_N_7168_case1565,UNKNOWN,mat_mul_v3,"('bfloat16', 'bfloat16', 'int8', 'int8')","((15360, 4608), (4608, 7168), None, None)","((15360, 7168),)","('ND',)","('ND',)","{'transpose_x1': False, 'transpose_x2': False}","{'transpose_x1': False, 'transpose_x2': False}","((15360, 4608), (4608, 7168), None, None)","('bfloat16',)","((15360, 7168),)","('ND',)","('ND',)","((-1, -1), (-1, -1), None, None)","('bfloat16', 'bfloat16', 'int8', 'int8')","((-1, -1),)","((-1, -1), (-1, -1), None, None)","((-1, -1),)","('ND',)","('ND',)","(((1, None), (1, None)), ((1, None), (1, None)), None, None)","(((1, None), (1, None)),)","((None, None),)",,1e-08,(),(),(),mat_mul_v3,(),(),True,True,(),(),True,,,0,,,(),(),(),,,,,,,"{'save_temp_cce_file': True, 'op_debug_config': 'dump_cce'}",{'save_temp_cce_file': True},DYN_OFF,"(32, 41, 45)",DYN_OFF,STC_OFF,CST_OFF,bin_op_mat_mul_v3_M_28672_K_4096_N_7168_case1818,DYN_OFF,STC_OFF,CST_OFF,32,DYN_OFF,STC_OFF,CST_OFF,2361.212,DYN_OFF,STC_OFF,CST_OFF,168.74278971985572,DYN_OFF,STC_OFF,CST_OFF,23.185214042663574,PASS,DYN_OFF,STC_OFF,DYN_OFF,CST_OFF,CST_OFF,99.97478485107422%,DYN_OFF,PASS,UNKNOWN,UNKNOWN,UNKNOWN,"OK,OK",PASS,DYN_OFF (DYN_OFF),"('DYN_OFF', False)",4097 (0x0000000000001001),"(32, 15360, 7168, 4608, 256, 256, 256, 256, 256, 64, 2304, 1, 1, 1, 1, 0, 0, 16843264, 0, 256, 1, 0)",False,DYN_OFF,DYN_OFF,,,,,"(29360128,)",DYN_OFF,STC_OFF,CST_OFF,STC_OFF,CST_OFF,207618048,220200960,Ascend910_9589
mat_mul_v3_M_32768_K_2048_N_4096_case172,UNKNOWN,mat_mul_v3,"('bfloat16', 'bfloat16', 'int8', 'int8')","((32768, 2048), (2048, 4096), None, None)","((32768, 4096),)","('ND',)","('ND',)","{'transpose_x1': False, 'transpose_x2': False}","{'transpose_x1': False, 'transpose_x2': False}","((32768, 2048), (2048, 4096), None, None)","('bfloat16',)","((32768, 4096),)","('ND',)","('ND',)","((-1, -1), (-1, -1), None, None)","('bfloat16', 'bfloat16', 'int8', 'int8')","((-1, -1),)","((-1, -1), (-1, -1), None, None)","((-1, -1),)","('ND',)","('ND',)","(((1, None), (1, None)), ((1, None), (1, None)), None, None)","(((1, None), (1, None)),)","((None, None),)",,1e-08,(),(),(),mat_mul_v3,(),(),True,True,(),(),True,,,0,,,(),(),(),,,,,,,"{'save_temp_cce_file': True, 'op_debug_config': 'dump_cce'}",{'save_temp_cce_file': True},DYN_OFF,"(41, 47, 45)",DYN_OFF,STC_OFF,CST_OFF,bin_op_mat_mul_v3_M_28672_K_4096_N_7168_case1818,DYN_OFF,STC_OFF,CST_OFF,32,DYN_OFF,STC_OFF,CST_OFF,1285.549,DYN_OFF,STC_OFF,CST_OFF,303.85850714364057,DYN_OFF,STC_OFF,CST_OFF,23.185214042663574,PASS,DYN_OFF,STC_OFF,DYN_OFF,CST_OFF,CST_OFF,99.98197853565216%,DYN_OFF,PASS,UNKNOWN,UNKNOWN,UNKNOWN,"OK,OK",PASS,DYN_OFF (DYN_OFF),"('DYN_OFF', False)",1 (0x0000000000000001),"(32, 32768, 4096, 2048, 256, 256, 256, 256, 256, 64, 2048, 1, 1, 1, 1, 0, 0, 16843264, 0, 256, 1, 0)",False,DYN_OFF,DYN_OFF,,,,,"(20971520,)",DYN_OFF,STC_OFF,CST_OFF,STC_OFF,CST_OFF,150994944,268435456,Ascend910_9589
mat_mul_v3_M_8192_K_3072_N_4096_case429,UNKNOWN,mat_mul_v3,"('bfloat16', 'bfloat16', 'int8', 'int8')","((8192, 3072), (3072, 4096), None, None)","((8192, 4096),)","('ND',)","('ND',)","{'transpose_x1': False, 'transpose_x2': False}","{'transpose_x1': False, 'transpose_x2': False}","((8192, 3072), (3072, 4096), None, None)","('bfloat16',)","((8192, 4096),)","('ND',)","('ND',)","((-1, -1), (-1, -1), None, None)","('bfloat16', 'bfloat16', 'int8', 'int8')","((-1, -1),)","((-1, -1), (-1, -1), None, None)","((-1, -1),)","('ND',)","('ND',)","(((1, None), (1, None)), ((1, None), (1, None)), None, None)","(((1, None), (1, None)),)","((None, None),)",,1e-08,(),(),(),mat_mul_v3,(),(),True,True,(),(),True,,,0,,,(),(),(),,,,,,,"{'save_temp_cce_file': True, 'op_debug_config': 'dump_cce'}",{'save_temp_cce_file': True},DYN_OFF,"(44, 50, 50)",DYN_OFF,STC_OFF,CST_OFF,bin_op_mat_mul_v3_M_28672_K_4096_N_7168_case1818,DYN_OFF,STC_OFF,CST_OFF,32,DYN_OFF,STC_OFF,CST_OFF,485.437,DYN_OFF,STC_OFF,CST_OFF,273.59368980938825,DYN_OFF,STC_OFF,CST_OFF,23.185214042663574,PASS,DYN_OFF,STC_OFF,DYN_OFF,CST_OFF,CST_OFF,99.9783605337143%,DYN_OFF,PASS,UNKNOWN,UNKNOWN,UNKNOWN,"OK,OK",PASS,DYN_OFF (DYN_OFF),"('DYN_OFF', False)",1 (0x0000000000000001),"(32, 8192, 4096, 3072, 256, 256, 256, 256, 256, 64, 3072, 1, 1, 1, 1, 0, 0, 16843264, 0, 256, 1, 0)",False,DYN_OFF,DYN_OFF,,,,,"(20971520,)",DYN_OFF,STC_OFF,CST_OFF,STC_OFF,CST_OFF,75497472,67108864,Ascend910_9589
mat_mul_v3_M_32_K_96_N_4096_case493,UNKNOWN,mat_mul_v3,"('bfloat16', 'bfloat16', 'int8', 'int8')","((32, 96), (96, 4096), None, None)","((32, 4096),)","('ND',)","('ND',)","{'transpose_x1': False, 'transpose_x2': False}","{'transpose_x1': False, 'transpose_x2': False}","((32, 96), (96, 4096), None, None)","('bfloat16',)","((32, 4096),)","('ND',)","('ND',)","((-1, -1), (-1, -1), None, None)","('bfloat16', 'bfloat16', 'int8', 'int8')","((-1, -1),)","((-1, -1), (-1, -1), None, None)","((-1, -1),)","('ND',)","('ND',)","(((1, None), (1, None)), ((1, None), (1, None)), None, None)","(((1, None), (1, None)),)","((None, None),)",,1e-08,(),(),(),mat_mul_v3,(),(),True,True,(),(),True,,,0,,,(),(),(),,,,,,,"{'save_temp_cce_file': True, 'op_debug_config': 'dump_cce'}",{'save_temp_cce_file': True},DYN_OFF,"(44, 48, 47)",DYN_OFF,STC_OFF,CST_OFF,bin_op_mat_mul_v3_M_28672_K_4096_N_7168_case1818,DYN_OFF,STC_OFF,CST_OFF,32,DYN_OFF,STC_OFF,CST_OFF,3.351,DYN_OFF,STC_OFF,CST_OFF,293.1317654128432,DYN_OFF,STC_OFF,CST_OFF,23.185214042663574,PASS,DYN_OFF,STC_OFF,DYN_OFF,CST_OFF,CST_OFF,99.99771118164062%,DYN_OFF,PASS,UNKNOWN,UNKNOWN,UNKNOWN,"OK,OK",PASS,DYN_OFF (DYN_OFF),"('DYN_OFF', False)",1 (0x0000000000000001),"(32, 32, 4096, 96, 32, 128, 384, 32, 128, 96, 96, 1, 1, 1, 1, 0, 0, 16908800, 0, 32, 1, 0)",False,DYN_OFF,DYN_OFF,,,,,"(20971520,)",DYN_OFF,STC_OFF,CST_OFF,STC_OFF,CST_OFF,792576,262144,Ascend910_9589
mat_mul_v3_M_7168_K_4096_N_7168_case1338,UNKNOWN,mat_mul_v3,"('bfloat16', 'bfloat16', 'int8', 'int8')","((7168, 4096), (4096, 7168), None, None)","((7168, 7168),)","('ND',)","('ND',)","{'transpose_x1': False, 'transpose_x2': False}","{'transpose_x1': False, 'transpose_x2': False}","((7168, 4096), (4096, 7168), None, None)","('bfloat16',)","((7168, 7168),)","('ND',)","('ND',)","((-1, -1), (-1, -1), None, None)","('bfloat16', 'bfloat16', 'int8', 'int8')","((-1, -1),)","((-1, -1), (-1, -1), None, None)","((-1, -1),)","('ND',)","('ND',)","(((1, None), (1, None)), ((1, None), (1, None)), None, None)","(((1, None), (1, None)),)","((None, None),)",,1e-08,(),(),(),mat_mul_v3,(),(),True,True,(),(),True,,,0,,,(),(),(),,,,,,,"{'save_temp_cce_file': True, 'op_debug_config': 'dump_cce'}",{'save_temp_cce_file': True},DYN_OFF,"(36, 44, 44)",DYN_OFF,STC_OFF,CST_OFF,bin_op_mat_mul_v3_M_28672_K_4096_N_7168_case1818,DYN_OFF,STC_OFF,CST_OFF,32,DYN_OFF,STC_OFF,CST_OFF,985.729,DYN_OFF,STC_OFF,CST_OFF,208.0471661075204,DYN_OFF,STC_OFF,CST_OFF,23.185214042663574,PASS,DYN_OFF,STC_OFF,DYN_OFF,CST_OFF,CST_OFF,99.97575915589624%,DYN_OFF,PASS,UNKNOWN,UNKNOWN,UNKNOWN,"OK,OK",PASS,DYN_OFF (DYN_OFF),"('DYN_OFF', False)",4097 (0x0000000000001001),"(32, 7168, 7168, 4096, 256, 256, 256, 256, 256, 64, 2048, 1, 1, 1, 1, 0, 0, 16843264, 0, 256, 1, 0)",False,DYN_OFF,DYN_OFF,,,,,"(29360128,)",DYN_OFF,STC_OFF,CST_OFF,STC_OFF,CST_OFF,117440512,102760448,Ascend910_9589
mat_mul_v3_M_1_K_7168_N_18432_case1374,UNKNOWN,mat_mul_v3,"('bfloat16', 'bfloat16', 'int8', 'int8')","((1, 7168), (7168, 18432), None, None)","((1, 18432),)","('ND',)","('ND',)","{'transpose_x1': False, 'transpose_x2': False}","{'transpose_x1': False, 'transpose_x2': False}","((1, 7168), (7168, 18432), None, None)","('bfloat16',)","((1, 18432),)","('ND',)","('ND',)","((-1, -1), (-1, -1), None, None)","('bfloat16', 'bfloat16', 'int8', 'int8')","((-1, -1),)","((-1, -1), (-1, -1), None, None)","((-1, -1),)","('ND',)","('ND',)","(((1, None), (1, None)), ((1, None), (1, None)), None, None)","(((1, None), (1, None)),)","((None, None),)",,1e-08,(),(),(),mat_mul_v3,(),(),True,True,(),(),True,,,0,,,(),(),(),,,,,,,"{'save_temp_cce_file': True, 'op_debug_config': 'dump_cce'}",{'save_temp_cce_file': True},DYN_OFF,"(31, 35, 37)",DYN_OFF,STC_OFF,CST_OFF,bin_op_mat_mul_v3_M_28672_K_4096_N_7168_case1818,DYN_OFF,STC_OFF,CST_OFF,32,DYN_OFF,STC_OFF,CST_OFF,169.526,DYN_OFF,STC_OFF,CST_OFF,1451.9391345033816,DYN_OFF,STC_OFF,CST_OFF,23.185214042663574,PASS,DYN_OFF,STC_OFF,DYN_OFF,CST_OFF,CST_OFF,99.951171875%,DYN_OFF,PASS,UNKNOWN,UNKNOWN,UNKNOWN,"OK,OK",PASS,DYN_OFF (DYN_OFF),"('DYN_OFF', False)",65537 (0x0000000000010001),"(32, 1, 18432, 7168, 16, 256, 128, 16, 256, 64, 7168, 1, 4, 1, 1, 0, 0, 16909312, 2, 16, 1, 0)",False,DYN_OFF,DYN_OFF,,,,,"(20971520,)",DYN_OFF,STC_OFF,CST_OFF,STC_OFF,CST_OFF,264255488,36864,Ascend910_9589
